Flag --region has been deprecated, ngrok automatically chooses the region with lowest latency
fatal error: runtime: cannot allocate memory

runtime stack:
runtime.throw({0x1089316?, 0xc0005d7888?})
	runtime/panic.go:1101 +0x4d fp=0x54507ffd98 sp=0x54507ffd68 pc=0x4299ad
runtime.persistentalloc1(0xd8, 0x87?, 0x1c360d0)
	runtime/malloc.go:1957 +0x245 fp=0x54507ffde0 sp=0x54507ffd98 pc=0x3cab85
runtime.persistentalloc.func1()
	runtime/malloc.go:1910 +0x28 fp=0x54507ffe10 sp=0x54507ffde0 pc=0x3ca928
runtime.systemstack(0xc000b80000)
	runtime/asm_amd64.s:514 +0x49 fp=0x54507ffe20 sp=0x54507ffe10 pc=0x42fdc9

goroutine 6386 gp=0xc000b2a000 m=15 mp=0xc000501008 [running]:
runtime.systemstack_switch()
	runtime/asm_amd64.s:479 +0x8 fp=0xc0005d7818 sp=0xc0005d7808 pc=0x42fd68
runtime.persistentalloc(0x42fdb7?, 0xc0005d78d0?, 0x42eb32?)
	runtime/malloc.go:1909 +0x45 fp=0xc0005d7860 sp=0xc0005d7818 pc=0x3ca8c5
runtime.newBucket(0x1, 0x5)
	runtime/mprof.go:239 +0x4e fp=0xc0005d7888 sp=0xc0005d7860 pc=0x3e6e2e
runtime.stkbucket(0x1, 0x10, {0xc000505200, 0x5, 0x87?}, 0x1)
	runtime/mprof.go:328 +0x252 fp=0xc0005d78e0 sp=0xc0005d7888 pc=0x3e71f2
runtime.mProf_Malloc(0xc000501008, 0xc000c08000, 0x10)
	runtime/mprof.go:450 +0xda fp=0xc0005d7960 sp=0xc0005d78e0 pc=0x3e76da
runtime.profilealloc(0xc000501008?, 0xc000c08000?, 0x10?)
	runtime/malloc.go:1802 +0x9b fp=0xc0005d7990 sp=0xc0005d7960 pc=0x3ca71b
runtime.mallocgcTiny(0x9?, 0x531a10?, 0x0?)
	runtime/malloc.go:1225 +0x225 fp=0xc0005d79e0 sp=0xc0005d7990 pc=0x3c95c5
runtime.mallocgc(0x9, 0x0, 0x0)
	runtime/malloc.go:1053 +0xb2 fp=0xc0005d7a10 sp=0xc0005d79e0 pc=0x427292
runtime.slicebytetostring(0xc0006bc028?, 0xc0005d7a99, 0x9)
	runtime/string.go:156 +0x77 fp=0xc0005d7a40 sp=0xc0005d7a10 pc=0x40fa77
net.IP.String({0xc0006bc028?, 0xc0008b3ef0?, 0xc0009888c0?})
	net/ip.go:315 +0xd9 fp=0xc0005d7ae0 sp=0xc0005d7a40 pc=0x531859
net.ipEmptyString(...)
	net/ip.go:332
net.(*TCPAddr).String(0xc000b22030)
	net/tcpsock.go:48 +0x51 fp=0xc0005d7b98 sp=0xc0005d7ae0 pc=0x548eb1
net/http.(*conn).serve(0xc000b26000, {0x13ce5e0, 0xc000590a80})
	net/http/server.go:1939 +0x5b fp=0xc0005d7fb8 sp=0xc0005d7b98 pc=0x73793b
net/http.(*Server).Serve.gowrap3()
	net/http/server.go:3454 +0x28 fp=0xc0005d7fe0 sp=0xc0005d7fb8 pc=0x73d7e8
runtime.goexit({})
	runtime/asm_amd64.s:1700 +0x1 fp=0xc0005d7fe8 sp=0xc0005d7fe0 pc=0x431d81
created by net/http.(*Server).Serve in goroutine 39
	net/http/server.go:3454 +0x485

goroutine 1 gp=0xc0000021c0 m=nil [select, 11 minutes]:
runtime.gopark(0xc0000577d8?, 0x3?, 0x28?, 0x8?, 0xc00005772a?)
	runtime/proc.go:435 +0xce fp=0xc0004575b0 sp=0xc000457590 pc=0x429ace
runtime.selectgo(0xc0004577d8, 0xc000057724, 0x1060a05?, 0x0, 0xc00010cab0?, 0x1)
	runtime/select.go:351 +0x837 fp=0xc0004576e8 sp=0xc0004575b0 pc=0x408c77
go.ngrok.com/cmd/ngrok/app.(*App).Run(0xc0003ce000)
	go.ngrok.com/cmd/ngrok/app/app.go:88 +0x265 fp=0xc0004579f0 sp=0xc0004576e8 pc=0xccc5c5
go.ngrok.com/cmd/ngrok/cli.(*Commands).runNamedTunnels(0xc0003b0c60, 0x0?, {0x13d8a40, 0xc0003ca808}, {0xc000429970, 0x1, 0x1})
	go.ngrok.com/cmd/ngrok/cli/tunnel.go:227 +0x3c3 fp=0xc000457b98 sp=0xc0004579f0 pc=0xd6ef03
go.ngrok.com/cmd/ngrok/cli.(*Commands).runTunnel(0xc0003b0c60, 0xc000338678, {0x13d8a40, 0xc0003ca808})
	go.ngrok.com/cmd/ngrok/cli/tunnel.go:187 +0x95 fp=0xc000457bf0 sp=0xc000457b98 pc=0xd6eaf5
go.ngrok.com/cmd/ngrok/cli.(*Commands).http.func1(0xc0003d0608?, {0xc0004237c0?, 0x1?, 0x2?})
	go.ngrok.com/cmd/ngrok/cli/tunnel.go:84 +0xa9 fp=0xc000457c20 sp=0xc000457bf0 pc=0xd6dd69
github.com/spf13/cobra.(*Command).execute(0xc0003d0608, {0xc000094160, 0x2, 0x2})
	github.com/spf13/cobra@v1.8.1/command.go:985 +0xad4 fp=0xc000457da8 sp=0xc000457c20 pc=0x5cca34
github.com/spf13/cobra.(*Command).ExecuteC(0xc0003d0008)
	github.com/spf13/cobra@v1.8.1/command.go:1117 +0x44f fp=0xc000457e98 sp=0xc000457da8 pc=0x5cd36f
github.com/spf13/cobra.(*Command).Execute(...)
	github.com/spf13/cobra@v1.8.1/command.go:1041
go.ngrok.com/cmd/ngrok/cli.Run({0x13def48, 0xc000138a88}, {0x13d8728, 0xc0003ce000})
	go.ngrok.com/cmd/ngrok/cli/root.go:28 +0xec fp=0xc000457ed0 sp=0xc000457e98 pc=0xd6a00c
main.main()
	go.ngrok.com/cmd/ngrok/main.go:25 +0x173 fp=0xc000457f50 sp=0xc000457ed0 pc=0xd72853
runtime.main()
	runtime/proc.go:283 +0x27d fp=0xc000457fe0 sp=0xc000457f50 pc=0x3f66fd
runtime.goexit({})
	runtime/asm_amd64.s:1700 +0x1 fp=0xc000457fe8 sp=0xc000457fe0 pc=0x431d81

goroutine 2 gp=0xc0000028c0 m=nil [force gc (idle), 11 minutes]:
runtime.gopark(0x0?, 0x0?, 0x0?, 0x0?, 0x0?)
	runtime/proc.go:435 +0xce fp=0xc000081fa8 sp=0xc000081f88 pc=0x429ace
runtime.goparkunlock(...)
	runtime/proc.go:441
runtime.forcegchelper()
	runtime/proc.go:348 +0xb8 fp=0xc000081fe0 sp=0xc000081fa8 pc=0x3f6a18
runtime.goexit({})
	runtime/asm_amd64.s:1700 +0x1 fp=0xc000081fe8 sp=0xc000081fe0 pc=0x431d81
created by runtime.init.7 in goroutine 1
	runtime/proc.go:336 +0x1a

goroutine 3 gp=0xc000002c40 m=nil [GC sweep wait]:
runtime.gopark(0x1?, 0x0?, 0x0?, 0x0?, 0x0?)
	runtime/proc.go:435 +0xce fp=0xc000083f80 sp=0xc000083f60 pc=0x429ace
runtime.goparkunlock(...)
	runtime/proc.go:441
runtime.bgsweep(0xc00003c080)
	runtime/mgcsweep.go:316 +0xdf fp=0xc000083fc8 sp=0xc000083f80 pc=0x3dccdf
runtime.gcenable.gowrap1()
	runtime/mgc.go:204 +0x25 fp=0xc000083fe0 sp=0xc000083fc8 pc=0x3d10a5
runtime.goexit({})
	runtime/asm_amd64.s:1700 +0x1 fp=0xc000083fe8 sp=0xc000083fe0 pc=0x431d81
created by runtime.gcenable in goroutine 1
	runtime/mgc.go:204 +0x66

goroutine 4 gp=0xc000002e00 m=nil [GC scavenge wait]:
runtime.gopark(0x16af6c?, 0xecb9f?, 0x0?, 0x0?, 0x0?)
	runtime/proc.go:435 +0xce fp=0xc000091f78 sp=0xc000091f58 pc=0x429ace
runtime.goparkunlock(...)
	runtime/proc.go:441
runtime.(*scavengerState).park(0x1be6a40)
	runtime/mgcscavenge.go:425 +0x49 fp=0xc000091fa8 sp=0xc000091f78 pc=0x3da729
runtime.bgscavenge(0xc00003c080)
	runtime/mgcscavenge.go:658 +0x59 fp=0xc000091fc8 sp=0xc000091fa8 pc=0x3dacb9
runtime.gcenable.gowrap2()
	runtime/mgc.go:205 +0x25 fp=0xc000091fe0 sp=0xc000091fc8 pc=0x3d1045
runtime.goexit({})
	runtime/asm_amd64.s:1700 +0x1 fp=0xc000091fe8 sp=0xc000091fe0 pc=0x431d81
created by runtime.gcenable in goroutine 1
	runtime/mgc.go:205 +0xa5

goroutine 5 gp=0xc000003180 m=nil [select, 11 minutes]:
runtime.gopark(0xc000093fa8?, 0x2?, 0x38?, 0xa?, 0xc000093f84?)
	runtime/proc.go:435 +0xce fp=0xc000093e10 sp=0xc000093df0 pc=0x429ace
runtime.selectgo(0xc000093fa8, 0xc000093f80, 0x0?, 0x0, 0x0?, 0x1)
	runtime/select.go:351 +0x837 fp=0xc000093f48 sp=0xc000093e10 pc=0x408c77
github.com/desertbit/timer.timerRoutine()
	github.com/desertbit/timer@v0.0.0-20180107155436-c41aec40b27f/timers.go:119 +0x9e fp=0xc000093fe0 sp=0xc000093f48 pc=0xbc41fe
runtime.goexit({})
	runtime/asm_amd64.s:1700 +0x1 fp=0xc000093fe8 sp=0xc000093fe0 pc=0x431d81
created by github.com/desertbit/timer.init.0 in goroutine 1
	github.com/desertbit/timer@v0.0.0-20180107155436-c41aec40b27f/timers.go:15 +0x1a

goroutine 6 gp=0xc000003340 m=nil [finalizer wait, 10 minutes]:
runtime.gopark(0x0?, 0xc000008300?, 0x0?, 0xe0?, 0x1000000010?)
	runtime/proc.go:435 +0xce fp=0xc00008de30 sp=0xc00008de10 pc=0x429ace
runtime.runfinq()
	runtime/mfinal.go:196 +0x107 fp=0xc00008dfe0 sp=0xc00008de30 pc=0x3d00a7
runtime.goexit({})
	runtime/asm_amd64.s:1700 +0x1 fp=0xc00008dfe8 sp=0xc00008dfe0 pc=0x431d81
created by runtime.createfing in goroutine 1
	runtime/mfinal.go:166 +0x3d

goroutine 7 gp=0xc000265500 m=nil [chan receive]:
runtime.gopark(0xc0002a2e60?, 0xc00059cea0?, 0x60?, 0x5f?, 0x50f608?)
	runtime/proc.go:435 +0xce fp=0xc000085f18 sp=0xc000085ef8 pc=0x429ace
runtime.chanrecv(0xc000044a80, 0x0, 0x1)
	runtime/chan.go:664 +0x445 fp=0xc000085f90 sp=0xc000085f18 pc=0x3c2125
runtime.chanrecv1(0x3f6860?, 0xc000085f76?)
	runtime/chan.go:506 +0x12 fp=0xc000085fb8 sp=0xc000085f90 pc=0x3c1cb2
runtime.unique_runtime_registerUniqueMapCleanup.func2(...)
	runtime/mgc.go:1797
runtime.unique_runtime_registerUniqueMapCleanup.gowrap1()
	runtime/mgc.go:1800 +0x2f fp=0xc000085fe0 sp=0xc000085fb8 pc=0x3d42cf
runtime.goexit({})
	runtime/asm_amd64.s:1700 +0x1 fp=0xc000085fe8 sp=0xc000085fe0 pc=0x431d81
created by unique.runtime_registerUniqueMapCleanup in goroutine 1
	runtime/mgc.go:1795 +0x85

goroutine 18 gp=0xc000106e00 m=nil [GC worker (idle), 11 minutes]:
runtime.gopark(0x0?, 0x0?, 0x0?, 0x0?, 0x0?)
	runtime/proc.go:435 +0xce fp=0xc000475f38 sp=0xc000475f18 pc=0x429ace
runtime.gcBgMarkWorker(0xc00037a1c0)
	runtime/mgc.go:1423 +0xe9 fp=0xc000475fc8 sp=0xc000475f38 pc=0x3d35c9
runtime.gcBgMarkStartWorkers.gowrap1()
	runtime/mgc.go:1339 +0x25 fp=0xc000475fe0 sp=0xc000475fc8 pc=0x3d34a5
runtime.goexit({})
	runtime/asm_amd64.s:1700 +0x1 fp=0xc000475fe8 sp=0xc000475fe0 pc=0x431d81
created by runtime.gcBgMarkStartWorkers in goroutine 1
	runtime/mgc.go:1339 +0x105

goroutine 19 gp=0xc000106fc0 m=nil [GC worker (idle), 11 minutes]:
runtime.gopark(0x0?, 0x0?, 0x0?, 0x0?, 0x0?)
	runtime/proc.go:435 +0xce fp=0xc000477f38 sp=0xc000477f18 pc=0x429ace
runtime.gcBgMarkWorker(0xc00037a1c0)
	runtime/mgc.go:1423 +0xe9 fp=0xc000477fc8 sp=0xc000477f38 pc=0x3d35c9
runtime.gcBgMarkStartWorkers.gowrap1()
	runtime/mgc.go:1339 +0x25 fp=0xc000477fe0 sp=0xc000477fc8 pc=0x3d34a5
runtime.goexit({})
	runtime/asm_amd64.s:1700 +0x1 fp=0xc000477fe8 sp=0xc000477fe0 pc=0x431d81
created by runtime.gcBgMarkStartWorkers in goroutine 1
	runtime/mgc.go:1339 +0x105

goroutine 20 gp=0xc000107180 m=nil [GC worker (idle)]:
runtime.gopark(0x46388218104?, 0x0?, 0x0?, 0x0?, 0x0?)
	runtime/proc.go:435 +0xce fp=0xc000471f38 sp=0xc000471f18 pc=0x429ace
runtime.gcBgMarkWorker(0xc00037a1c0)
	runtime/mgc.go:1423 +0xe9 fp=0xc000471fc8 sp=0xc000471f38 pc=0x3d35c9
runtime.gcBgMarkStartWorkers.gowrap1()
	runtime/mgc.go:1339 +0x25 fp=0xc000471fe0 sp=0xc000471fc8 pc=0x3d34a5
runtime.goexit({})
	runtime/asm_amd64.s:1700 +0x1 fp=0xc000471fe8 sp=0xc000471fe0 pc=0x431d81
created by runtime.gcBgMarkStartWorkers in goroutine 1
	runtime/mgc.go:1339 +0x105

goroutine 21 gp=0xc000107340 m=nil [GC worker (idle)]:
runtime.gopark(0x46388218104?, 0x3?, 0x1c?, 0x3b?, 0x0?)
	runtime/proc.go:435 +0xce fp=0xc000473f38 sp=0xc000473f18 pc=0x429ace
runtime.gcBgMarkWorker(0xc00037a1c0)
	runtime/mgc.go:1423 +0xe9 fp=0xc000473fc8 sp=0xc000473f38 pc=0x3d35c9
runtime.gcBgMarkStartWorkers.gowrap1()
	runtime/mgc.go:1339 +0x25 fp=0xc000473fe0 sp=0xc000473fc8 pc=0x3d34a5
runtime.goexit({})
	runtime/asm_amd64.s:1700 +0x1 fp=0xc000473fe8 sp=0xc000473fe0 pc=0x431d81
created by runtime.gcBgMarkStartWorkers in goroutine 1
	runtime/mgc.go:1339 +0x105

goroutine 22 gp=0xc000107500 m=nil [GC worker (idle)]:
runtime.gopark(0x46388218104?, 0x3?, 0x90?, 0xd8?, 0x0?)
	runtime/proc.go:435 +0xce fp=0xc00047df38 sp=0xc00047df18 pc=0x429ace
runtime.gcBgMarkWorker(0xc00037a1c0)
	runtime/mgc.go:1423 +0xe9 fp=0xc00047dfc8 sp=0xc00047df38 pc=0x3d35c9
runtime.gcBgMarkStartWorkers.gowrap1()
	runtime/mgc.go:1339 +0x25 fp=0xc00047dfe0 sp=0xc00047dfc8 pc=0x3d34a5
runtime.goexit({})
	runtime/asm_amd64.s:1700 +0x1 fp=0xc00047dfe8 sp=0xc00047dfe0 pc=0x431d81
created by runtime.gcBgMarkStartWorkers in goroutine 1
	runtime/mgc.go:1339 +0x105

goroutine 23 gp=0xc0001076c0 m=nil [GC worker (idle)]:
runtime.gopark(0x4638818393c?, 0x3?, 0x1c?, 0x1a?, 0x0?)
	runtime/proc.go:435 +0xce fp=0xc00047ff38 sp=0xc00047ff18 pc=0x429ace
runtime.gcBgMarkWorker(0xc00037a1c0)
	runtime/mgc.go:1423 +0xe9 fp=0xc00047ffc8 sp=0xc00047ff38 pc=0x3d35c9
runtime.gcBgMarkStartWorkers.gowrap1()
	runtime/mgc.go:1339 +0x25 fp=0xc00047ffe0 sp=0xc00047ffc8 pc=0x3d34a5
runtime.goexit({})
	runtime/asm_amd64.s:1700 +0x1 fp=0xc00047ffe8 sp=0xc00047ffe0 pc=0x431d81
created by runtime.gcBgMarkStartWorkers in goroutine 1
	runtime/mgc.go:1339 +0x105

goroutine 24 gp=0xc000107880 m=nil [GC worker (idle)]:
runtime.gopark(0x46388218104?, 0x3?, 0x34?, 0x57?, 0x0?)
	runtime/proc.go:435 +0xce fp=0xc000479f38 sp=0xc000479f18 pc=0x429ace
runtime.gcBgMarkWorker(0xc00037a1c0)
	runtime/mgc.go:1423 +0xe9 fp=0xc000479fc8 sp=0xc000479f38 pc=0x3d35c9
runtime.gcBgMarkStartWorkers.gowrap1()
	runtime/mgc.go:1339 +0x25 fp=0xc000479fe0 sp=0xc000479fc8 pc=0x3d34a5
runtime.goexit({})
	runtime/asm_amd64.s:1700 +0x1 fp=0xc000479fe8 sp=0xc000479fe0 pc=0x431d81
created by runtime.gcBgMarkStartWorkers in goroutine 1
	runtime/mgc.go:1339 +0x105

goroutine 25 gp=0xc000107a40 m=nil [runnable]:
runtime.gcMarkDone()
	runtime/mgc.go:869 +0x38c fp=0xc00047bf38 sp=0xc00047bf30 pc=0x3d208c
runtime.gcBgMarkWorker(0xc00037a1c0)
	runtime/mgc.go:1560 +0x345 fp=0xc00047bfc8 sp=0xc00047bf38 pc=0x3d3825
runtime.gcBgMarkStartWorkers.gowrap1()
	runtime/mgc.go:1339 +0x25 fp=0xc00047bfe0 sp=0xc00047bfc8 pc=0x3d34a5
runtime.goexit({})
	runtime/asm_amd64.s:1700 +0x1 fp=0xc00047bfe8 sp=0xc00047bfe0 pc=0x431d81
created by runtime.gcBgMarkStartWorkers in goroutine 1
	runtime/mgc.go:1339 +0x105

goroutine 26 gp=0xc000107c00 m=nil [GC worker (idle)]:
runtime.gopark(0x463c49151c8?, 0x1?, 0xf8?, 0x27?, 0x0?)
	runtime/proc.go:435 +0xce fp=0xc000485f38 sp=0xc000485f18 pc=0x429ace
runtime.gcBgMarkWorker(0xc00037a1c0)
	runtime/mgc.go:1423 +0xe9 fp=0xc000485fc8 sp=0xc000485f38 pc=0x3d35c9
runtime.gcBgMarkStartWorkers.gowrap1()
	runtime/mgc.go:1339 +0x25 fp=0xc000485fe0 sp=0xc000485fc8 pc=0x3d34a5
runtime.goexit({})
	runtime/asm_amd64.s:1700 +0x1 fp=0xc000485fe8 sp=0xc000485fe0 pc=0x431d81
created by runtime.gcBgMarkStartWorkers in goroutine 1
	runtime/mgc.go:1339 +0x105

goroutine 27 gp=0xc000107dc0 m=nil [GC worker (idle)]:
runtime.gopark(0x463880cec44?, 0x1?, 0x60?, 0x7e?, 0x0?)
	runtime/proc.go:435 +0xce fp=0xc000487f38 sp=0xc000487f18 pc=0x429ace
runtime.gcBgMarkWorker(0xc00037a1c0)
	runtime/mgc.go:1423 +0xe9 fp=0xc000487fc8 sp=0xc000487f38 pc=0x3d35c9
runtime.gcBgMarkStartWorkers.gowrap1()
	runtime/mgc.go:1339 +0x25 fp=0xc000487fe0 sp=0xc000487fc8 pc=0x3d34a5
runtime.goexit({})
	runtime/asm_amd64.s:1700 +0x1 fp=0xc000487fe8 sp=0xc000487fe0 pc=0x431d81
created by runtime.gcBgMarkStartWorkers in goroutine 1
	runtime/mgc.go:1339 +0x105

goroutine 28 gp=0xc000488000 m=nil [GC worker (idle)]:
runtime.gopark(0x46388218104?, 0x3?, 0x0?, 0x0?, 0x0?)
	runtime/proc.go:435 +0xce fp=0xc000481f38 sp=0xc000481f18 pc=0x429ace
runtime.gcBgMarkWorker(0xc00037a1c0)
	runtime/mgc.go:1423 +0xe9 fp=0xc000481fc8 sp=0xc000481f38 pc=0x3d35c9
runtime.gcBgMarkStartWorkers.gowrap1()
	runtime/mgc.go:1339 +0x25 fp=0xc000481fe0 sp=0xc000481fc8 pc=0x3d34a5
runtime.goexit({})
	runtime/asm_amd64.s:1700 +0x1 fp=0xc000481fe8 sp=0xc000481fe0 pc=0x431d81
created by runtime.gcBgMarkStartWorkers in goroutine 1
	runtime/mgc.go:1339 +0x105

goroutine 29 gp=0xc0004881c0 m=nil [GC worker (idle)]:
runtime.gopark(0x46388218104?, 0x3?, 0x0?, 0x0?, 0x0?)
	runtime/proc.go:435 +0xce fp=0xc000483f38 sp=0xc000483f18 pc=0x429ace
runtime.gcBgMarkWorker(0xc00037a1c0)
	runtime/mgc.go:1423 +0xe9 fp=0xc000483fc8 sp=0xc000483f38 pc=0x3d35c9
runtime.gcBgMarkStartWorkers.gowrap1()
	runtime/mgc.go:1339 +0x25 fp=0xc000483fe0 sp=0xc000483fc8 pc=0x3d34a5
runtime.goexit({})
	runtime/asm_amd64.s:1700 +0x1 fp=0xc000483fe8 sp=0xc000483fe0 pc=0x431d81
created by runtime.gcBgMarkStartWorkers in goroutine 1
	runtime/mgc.go:1339 +0x105

goroutine 8 gp=0xc000488540 m=nil [select, 11 minutes]:
runtime.gopark(0xc0001b7f40?, 0x3?, 0xd0?, 0xe?, 0xc0001b7f1a?)
	runtime/proc.go:435 +0xce fp=0xc0001b7da8 sp=0xc0001b7d88 pc=0x429ace
runtime.selectgo(0xc0001b7f40, 0xc0001b7f14, 0xc000044380?, 0x0, 0x0?, 0x1)
	runtime/select.go:351 +0x837 fp=0xc0001b7ee0 sp=0xc0001b7da8 pc=0x408c77
go.ngrok.com/lib/bus.NewBitcast.func1()
	go.ngrok.com/lib/bus/bitcast.go:23 +0xae fp=0xc0001b7fe0 sp=0xc0001b7ee0 pc=0xa8c96e
runtime.goexit({})
	runtime/asm_amd64.s:1700 +0x1 fp=0xc0001b7fe8 sp=0xc0001b7fe0 pc=0x431d81
created by go.ngrok.com/lib/bus.NewBitcast in goroutine 1
	go.ngrok.com/lib/bus/bitcast.go:21 +0xfc

goroutine 9 gp=0xc000488700 m=nil [select, 11 minutes]:
runtime.gopark(0xc00008ff00?, 0x4?, 0xa0?, 0x5?, 0xc00008fec0?)
	runtime/proc.go:435 +0xce fp=0xc00008fd48 sp=0xc00008fd28 pc=0x429ace
runtime.selectgo(0xc00008ff00, 0xc00008feb8, 0xc000282070?, 0x0, 0x0?, 0x1)
	runtime/select.go:351 +0x837 fp=0xc00008fe80 sp=0xc00008fd48 pc=0x408c77
go.ngrok.com/lib/bus.NewBroadcast[...].func1()
	go.ngrok.com/lib/bus/broadcast.go:35 +0x156 fp=0xc00008ffe0 sp=0xc00008fe80 pc=0xcb0816
runtime.goexit({})
	runtime/asm_amd64.s:1700 +0x1 fp=0xc00008ffe8 sp=0xc00008ffe0 pc=0x431d81
created by go.ngrok.com/lib/bus.NewBroadcast[...] in goroutine 1
	go.ngrok.com/lib/bus/broadcast.go:32 +0x165

goroutine 10 gp=0xc0004888c0 m=nil [select]:
runtime.gopark(0xc0001b3f40?, 0x3?, 0x0?, 0x0?, 0xc0001b3f1a?)
	runtime/proc.go:435 +0xce fp=0xc0001b3da8 sp=0xc0001b3d88 pc=0x429ace
runtime.selectgo(0xc0001b3f40, 0xc0001b3f14, 0xc0001b3f70?, 0x0, 0x0?, 0x1)
	runtime/select.go:351 +0x837 fp=0xc0001b3ee0 sp=0xc0001b3da8 pc=0x408c77
go.ngrok.com/lib/bus.NewBitcast.func1()
	go.ngrok.com/lib/bus/bitcast.go:23 +0xae fp=0xc0001b3fe0 sp=0xc0001b3ee0 pc=0xa8c96e
runtime.goexit({})
	runtime/asm_amd64.s:1700 +0x1 fp=0xc0001b3fe8 sp=0xc0001b3fe0 pc=0x431d81
created by go.ngrok.com/lib/bus.NewBitcast in goroutine 1
	go.ngrok.com/lib/bus/bitcast.go:21 +0xfc

goroutine 11 gp=0xc000488a80 m=nil [select]:
runtime.gopark(0xc0001b5f40?, 0x3?, 0xa0?, 0x5?, 0xc0001b5f1a?)
	runtime/proc.go:435 +0xce fp=0xc0001b5da8 sp=0xc0001b5d88 pc=0x429ace
runtime.selectgo(0xc0001b5f40, 0xc0001b5f14, 0xc0001b5f70?, 0x0, 0x0?, 0x1)
	runtime/select.go:351 +0x837 fp=0xc0001b5ee0 sp=0xc0001b5da8 pc=0x408c77
go.ngrok.com/lib/bus.NewBitcast.func1()
	go.ngrok.com/lib/bus/bitcast.go:23 +0xae fp=0xc0001b5fe0 sp=0xc0001b5ee0 pc=0xa8c96e
runtime.goexit({})
	runtime/asm_amd64.s:1700 +0x1 fp=0xc0001b5fe8 sp=0xc0001b5fe0 pc=0x431d81
created by go.ngrok.com/lib/bus.NewBitcast in goroutine 1
	go.ngrok.com/lib/bus/bitcast.go:21 +0xfc

goroutine 12 gp=0xc000488c40 m=nil [chan receive]:
runtime.gopark(0xc0002dc160?, 0xc0001e9f30?, 0x0?, 0x0?, 0x0?)
	runtime/proc.go:435 +0xce fp=0xc0001e9f18 sp=0xc0001e9ef8 pc=0x429ace
runtime.chanrecv(0xc0002dc0e0, 0x0, 0x1)
	runtime/chan.go:664 +0x445 fp=0xc0001e9f90 sp=0xc0001e9f18 pc=0x3c2125
runtime.chanrecv1(0x0?, 0x0?)
	runtime/chan.go:506 +0x12 fp=0xc0001e9fb8 sp=0xc0001e9f90 pc=0x3c1cb2
github.com/rcrowley/go-metrics.(*meterArbiter).tick(...)
	github.com/rcrowley/go-metrics@v0.0.0-20201227073835-cf1acfcdf475/meter.go:239
github.com/rcrowley/go-metrics.NewMeter.gowrap2()
	github.com/rcrowley/go-metrics@v0.0.0-20201227073835-cf1acfcdf475/meter.go:46 +0x2e fp=0xc0001e9fe0 sp=0xc0001e9fb8 pc=0xb74a0e
runtime.goexit({})
	runtime/asm_amd64.s:1700 +0x1 fp=0xc0001e9fe8 sp=0xc0001e9fe0 pc=0x431d81
created by github.com/rcrowley/go-metrics.NewMeter in goroutine 1
	github.com/rcrowley/go-metrics@v0.0.0-20201227073835-cf1acfcdf475/meter.go:46 +0xbf

goroutine 13 gp=0xc000488e00 m=nil [select]:
runtime.gopark(0xc0001b1f90?, 0x2?, 0xc?, 0x17?, 0xc0001b1f7c?)
	runtime/proc.go:435 +0xce fp=0xc0001b1e10 sp=0xc0001b1df0 pc=0x429ace
runtime.selectgo(0xc0001b1f90, 0xc0001b1f78, 0x0?, 0x0, 0x2?, 0x1)
	runtime/select.go:351 +0x837 fp=0xc0001b1f48 sp=0xc0001b1e10 pc=0x408c77
go.ngrok.com/cmd/ngrok/tung.(*metrics).Notifier(0xc000373d80, 0xc0002d3a20)
	go.ngrok.com/cmd/ngrok/tung/metrics.go:92 +0x85 fp=0xc0001b1fc0 sp=0xc0001b1f48 pc=0xb81705
go.ngrok.com/cmd/ngrok/tung.newTunnels.gowrap1()
	go.ngrok.com/cmd/ngrok/tung/tunnels.go:47 +0x25 fp=0xc0001b1fe0 sp=0xc0001b1fc0 pc=0xb8ad85
runtime.goexit({})
	runtime/asm_amd64.s:1700 +0x1 fp=0xc0001b1fe8 sp=0xc0001b1fe0 pc=0x431d81
created by go.ngrok.com/cmd/ngrok/tung.newTunnels in goroutine 1
	go.ngrok.com/cmd/ngrok/tung/tunnels.go:47 +0x1b3

goroutine 6293 gp=0xc000488fc0 m=nil [IO wait]:
runtime.gopark(0x0?, 0xc0006f4ca0?, 0x48?, 0x4d?, 0xc0006f4d4c?)
	runtime/proc.go:435 +0xce fp=0xc000aa38c8 sp=0xc000aa38a8 pc=0x429ace
runtime.netpollblock(0x6b8?, 0x3bffc6?, 0x0?)
	runtime/netpoll.go:575 +0xf7 fp=0xc000aa3900 sp=0xc000aa38c8 pc=0x3ed377
internal/poll.runtime_pollWait(0x252f13a1f68, 0x72)
	runtime/netpoll.go:351 +0x85 fp=0xc000aa3920 sp=0xc000aa3900 pc=0x428c65
internal/poll.(*pollDesc).wait(0x0?, 0xc000773970?, 0x0)
	internal/poll/fd_poll_runtime.go:84 +0x27 fp=0xc000aa3948 sp=0xc000aa3920 pc=0x4b5fa7
internal/poll.execIO(0xc0006f4ca0, 0x12a9038)
	internal/poll/fd_windows.go:177 +0x105 fp=0xc000aa39c0 sp=0xc000aa3948 pc=0x4b7405
internal/poll.(*FD).Read(0xc0006f4c88, {0xc000722000, 0x1000, 0x1000})
	internal/poll/fd_windows.go:438 +0x29b fp=0xc000aa3a60 sp=0xc000aa39c0 pc=0x4b80db
net.(*netFD).Read(0xc0006f4c88, {0xc000722000?, 0xc000773ad0?, 0x4b6465?})
	net/fd_posix.go:55 +0x25 fp=0xc000aa3aa8 sp=0xc000aa3a60 pc=0x52bb25
net.(*conn).Read(0xc000910448, {0xc000722000?, 0x0?, 0x0?})
	net/net.go:194 +0x45 fp=0xc000aa3af0 sp=0xc000aa3aa8 pc=0x541525
net/http.(*connReader).Read(0xc000714ba0, {0xc000722000, 0x1000, 0x1000})
	net/http/server.go:798 +0x159 fp=0xc000aa3b40 sp=0xc000aa3af0 pc=0x732279
bufio.(*Reader).fill(0xc0006976e0)
	bufio/bufio.go:113 +0x103 fp=0xc000aa3b78 sp=0xc000aa3b40 pc=0x559183
bufio.(*Reader).Peek(0xc0006976e0, 0x4)
	bufio/bufio.go:152 +0x53 fp=0xc000aa3b98 sp=0xc000aa3b78 pc=0x5592b3
net/http.(*conn).serve(0xc00027f440, {0x13ce5e0, 0xc000590a80})
	net/http/server.go:2137 +0x785 fp=0xc000aa3fb8 sp=0xc000aa3b98 pc=0x738065
net/http.(*Server).Serve.gowrap3()
	net/http/server.go:3454 +0x28 fp=0xc000aa3fe0 sp=0xc000aa3fb8 pc=0x73d7e8
runtime.goexit({})
	runtime/asm_amd64.s:1700 +0x1 fp=0xc000aa3fe8 sp=0xc000aa3fe0 pc=0x431d81
created by net/http.(*Server).Serve in goroutine 39
	net/http/server.go:3454 +0x485

goroutine 15 gp=0xc000489180 m=nil [select]:
runtime.gopark(0xc0001e7f00?, 0x4?, 0xc?, 0x17?, 0xc0001e7ec0?)
	runtime/proc.go:435 +0xce fp=0xc0001e7d48 sp=0xc0001e7d28 pc=0x429ace
runtime.selectgo(0xc0001e7f00, 0xc0001e7eb8, 0xc0001e7f58?, 0x0, 0x0?, 0x1)
	runtime/select.go:351 +0x837 fp=0xc0001e7e80 sp=0xc0001e7d48 pc=0x408c77
go.ngrok.com/lib/bus.NewBroadcast[...].func1()
	go.ngrok.com/lib/bus/broadcast.go:35 +0x156 fp=0xc0001e7fe0 sp=0xc0001e7e80 pc=0xcb0816
runtime.goexit({})
	runtime/asm_amd64.s:1700 +0x1 fp=0xc0001e7fe8 sp=0xc0001e7fe0 pc=0x431d81
created by go.ngrok.com/lib/bus.NewBroadcast[...] in goroutine 1
	go.ngrok.com/lib/bus/broadcast.go:32 +0x165

goroutine 16 gp=0xc000489340 m=nil [select]:
runtime.gopark(0xc0001f1ef8?, 0x3?, 0x90?, 0xfe?, 0xc0001f1e6a?)
	runtime/proc.go:435 +0xce fp=0xc0001f1ce8 sp=0xc0001f1cc8 pc=0x429ace
runtime.selectgo(0xc0001f1ef8, 0xc0001f1e64, 0x0?, 0x0, 0x0?, 0x1)
	runtime/select.go:351 +0x837 fp=0xc0001f1e20 sp=0xc0001f1ce8 pc=0x408c77
go.ngrok.com/cmd/ngrok/web.(*webService).pubsub(0xc000119b80)
	go.ngrok.com/cmd/ngrok/web/grpc.go:230 +0x216 fp=0xc0001f1fc8 sp=0xc0001f1e20 pc=0xca7a96
go.ngrok.com/cmd/ngrok/web.grpcHandler.gowrap1()
	go.ngrok.com/cmd/ngrok/web/grpc.go:38 +0x25 fp=0xc0001f1fe0 sp=0xc0001f1fc8 pc=0xca6665
runtime.goexit({})
	runtime/asm_amd64.s:1700 +0x1 fp=0xc0001f1fe8 sp=0xc0001f1fe0 pc=0x431d81
created by go.ngrok.com/cmd/ngrok/web.grpcHandler in goroutine 1
	go.ngrok.com/cmd/ngrok/web/grpc.go:38 +0x1f9

goroutine 34 gp=0xc000489500 m=nil [chan receive, 11 minutes]:
runtime.gopark(0xc00010aaf0?, 0x2000000001e3ed8?, 0x68?, 0xe?, 0x252ca590ed0?)
	runtime/proc.go:435 +0xce fp=0xc0001e3e00 sp=0xc0001e3de0 pc=0x429ace
runtime.chanrecv(0xc000378620, 0xc0001e3ee0, 0x1)
	runtime/chan.go:664 +0x445 fp=0xc0001e3e78 sp=0xc0001e3e00 pc=0x3c2125
runtime.chanrecv1(0x1072500?, 0x12?)
	runtime/chan.go:506 +0x12 fp=0xc0001e3ea0 sp=0xc0001e3e78 pc=0x3c1cb2
go.ngrok.com/cmd/ngrok/tung.(*session).Run(0xc00012a280)
	go.ngrok.com/cmd/ngrok/tung/session.go:114 +0x85 fp=0xc0001e3f30 sp=0xc0001e3ea0 pc=0xb824c5
go.ngrok.com/cmd/ngrok/app.(*App).runComponent(0xc0003ce000, {0x252f1380fd8, 0xc00012a280})
	go.ngrok.com/cmd/ngrok/app/app.go:218 +0xfc fp=0xc0001e3fb8 sp=0xc0001e3f30 pc=0xccddfc
go.ngrok.com/cmd/ngrok/app.(*App).start.gowrap1()
	go.ngrok.com/cmd/ngrok/app/app.go:180 +0x28 fp=0xc0001e3fe0 sp=0xc0001e3fb8 pc=0xccdb68
runtime.goexit({})
	runtime/asm_amd64.s:1700 +0x1 fp=0xc0001e3fe8 sp=0xc0001e3fe0 pc=0x431d81
created by go.ngrok.com/cmd/ngrok/app.(*App).start in goroutine 1
	go.ngrok.com/cmd/ngrok/app/app.go:180 +0xbd

goroutine 35 gp=0xc0004896c0 m=nil [select, 11 minutes]:
runtime.gopark(0xc0001ede80?, 0x4?, 0x0?, 0xbd?, 0xc0001ede00?)
	runtime/proc.go:435 +0xce fp=0xc0001edc88 sp=0xc0001edc68 pc=0x429ace
runtime.selectgo(0xc0001ede80, 0xc0001eddf8, 0xc0002d0740?, 0x0, 0x4?, 0x1)
	runtime/select.go:351 +0x837 fp=0xc0001eddc0 sp=0xc0001edc88 pc=0x408c77
go.ngrok.com/cmd/ngrok/updater.(*equinoxUpdater).Run(0xc000111d40)
	go.ngrok.com/cmd/ngrok/updater/equinox.go:114 +0x1b9 fp=0xc0001edf30 sp=0xc0001eddc0 pc=0xb983f9
go.ngrok.com/cmd/ngrok/app.(*App).runComponent(0xc0003ce000, {0x252f137f740, 0xc000111d40})
	go.ngrok.com/cmd/ngrok/app/app.go:218 +0xfc fp=0xc0001edfb8 sp=0xc0001edf30 pc=0xccddfc
go.ngrok.com/cmd/ngrok/app.(*App).start.gowrap2()
	go.ngrok.com/cmd/ngrok/app/app.go:182 +0x28 fp=0xc0001edfe0 sp=0xc0001edfb8 pc=0xccdb08
runtime.goexit({})
	runtime/asm_amd64.s:1700 +0x1 fp=0xc0001edfe8 sp=0xc0001edfe0 pc=0x431d81
created by go.ngrok.com/cmd/ngrok/app.(*App).start in goroutine 1
	go.ngrok.com/cmd/ngrok/app/app.go:182 +0x4fb

goroutine 36 gp=0xc000489880 m=nil [chan receive, 11 minutes]:
runtime.gopark(0x1be6840?, 0x401000000000003?, 0x20?, 0xd5?, 0x252ca590108?)
	runtime/proc.go:435 +0xce fp=0xc0001efdf0 sp=0xc0001efdd0 pc=0x429ace
runtime.chanrecv(0xc00037a7e0, 0x0, 0x1)
	runtime/chan.go:664 +0x445 fp=0xc0001efe68 sp=0xc0001efdf0 pc=0x3c2125
runtime.chanrecv1(0x0?, 0x1075b83?)
	runtime/chan.go:506 +0x12 fp=0xc0001efe90 sp=0xc0001efe68 pc=0x3c1cb2
go.ngrok.com/cmd/ngrok/web.(*web).Run(0xc000378850)
	go.ngrok.com/cmd/ngrok/web/web.go:233 +0x21e fp=0xc0001eff30 sp=0xc0001efe90 pc=0xcaf79e
go.ngrok.com/cmd/ngrok/app.(*App).runComponent(0xc0003ce000, {0x252f138e1c8, 0xc000378850})
	go.ngrok.com/cmd/ngrok/app/app.go:218 +0xfc fp=0xc0001effb8 sp=0xc0001eff30 pc=0xccddfc
go.ngrok.com/cmd/ngrok/app.(*App).start.gowrap4()
	go.ngrok.com/cmd/ngrok/app/app.go:188 +0x28 fp=0xc0001effe0 sp=0xc0001effb8 pc=0xccda48
runtime.goexit({})
	runtime/asm_amd64.s:1700 +0x1 fp=0xc0001effe8 sp=0xc0001effe0 pc=0x431d81
created by go.ngrok.com/cmd/ngrok/app.(*App).start in goroutine 1
	go.ngrok.com/cmd/ngrok/app/app.go:188 +0x459

goroutine 37 gp=0xc000489a40 m=nil [select, 11 minutes]:
runtime.gopark(0xc0001f9ee0?, 0x2?, 0x40?, 0x9a?, 0xc0001f9edc?)
	runtime/proc.go:435 +0xce fp=0xc0001f9d70 sp=0xc0001f9d50 pc=0x429ace
runtime.selectgo(0xc0001f9ee0, 0xc0001f9ed8, 0x2?, 0x0, 0x1bcbd00?, 0x1)
	runtime/select.go:351 +0x837 fp=0xc0001f9ea8 sp=0xc0001f9d70 pc=0x408c77
go.ngrok.com/cmd/ngrok/app.(*signalHandler).Run(0xc000089560)
	go.ngrok.com/cmd/ngrok/app/signal.go:29 +0xae fp=0xc0001f9f30 sp=0xc0001f9ea8 pc=0xcce40e
go.ngrok.com/cmd/ngrok/app.(*App).runComponent(0xc0003ce000, {0x13cb9e0, 0xc000089560})
	go.ngrok.com/cmd/ngrok/app/app.go:218 +0xfc fp=0xc0001f9fb8 sp=0xc0001f9f30 pc=0xccddfc
go.ngrok.com/cmd/ngrok/app.(*App).start.gowrap6()
	go.ngrok.com/cmd/ngrok/app/app.go:194 +0x28 fp=0xc0001f9fe0 sp=0xc0001f9fb8 pc=0xccd988
runtime.goexit({})
	runtime/asm_amd64.s:1700 +0x1 fp=0xc0001f9fe8 sp=0xc0001f9fe0 pc=0x431d81
created by go.ngrok.com/cmd/ngrok/app.(*App).start in goroutine 1
	go.ngrok.com/cmd/ngrok/app/app.go:194 +0x3f1

goroutine 38 gp=0xc000489c00 m=8 mp=0xc000500008 [syscall, 11 minutes]:
runtime.notetsleepg(0x1c30b80, 0xffffffffffffffff)
	runtime/lock_sema.go:175 +0x31 fp=0xc0001ebfa0 sp=0xc0001ebf68 pc=0x3c7bf1
os/signal.signal_recv()
	runtime/sigqueue.go:152 +0x29 fp=0xc0001ebfc0 sp=0xc0001ebfa0 pc=0x42b449
os/signal.loop()
	os/signal/signal_unix.go:23 +0x13 fp=0xc0001ebfe0 sp=0xc0001ebfc0 pc=0xccc073
runtime.goexit({})
	runtime/asm_amd64.s:1700 +0x1 fp=0xc0001ebfe8 sp=0xc0001ebfe0 pc=0x431d81
created by os/signal.Notify.func1.1 in goroutine 37
	os/signal/signal.go:152 +0x1f

goroutine 39 gp=0xc000489dc0 m=nil [runnable]:
runtime.gcTrigger.test({0x0?, 0x0?, 0x0?})
	runtime/mgc.go:602 +0xdc fp=0xc0001f5c28 sp=0xc0001f5c20 pc=0x3d147c
runtime.mallocgcSmallScanHeader(0x0?, 0xff6320, 0x2?)
	runtime/malloc.go:1517 +0x2f0 fp=0xc0001f5c80 sp=0xc0001f5c28 pc=0x3c9ff0
runtime.mallocgc(0x260, 0xff6320, 0x1)
	runtime/malloc.go:1060 +0xa5 fp=0xc0001f5cb0 sp=0xc0001f5c80 pc=0x427285
runtime.newobject(0xc00028a788?)
	runtime/malloc.go:1714 +0x25 fp=0xc0001f5cd8 sp=0xc0001f5cb0 pc=0x3ca665
net.newFD(...)
	net/fd_windows.go:42
net.(*netFD).accept(0xc00028a788)
	net/fd_windows.go:194 +0x18e fp=0xc0001f5df0 sp=0xc0001f5cd8 pc=0x52db4e
net.(*TCPListener).accept(0xc0005a2480)
	net/tcpsock_posix.go:159 +0x1b fp=0xc0001f5e40 sp=0xc0001f5df0 pc=0x54b03b
net.(*TCPListener).Accept(0xc0005a2480)
	net/tcpsock.go:380 +0x30 fp=0xc0001f5e70 sp=0xc0001f5e40 pc=0x54a130
net/http.(*onceCloseListener).Accept(0xc000b26000?)
	<autogenerated>:1 +0x24 fp=0xc0001f5e88 sp=0xc0001f5e70 pc=0x765bc4
net/http.(*Server).Serve(0xc00032e000, {0x13cc500, 0xc0005a2480})
	net/http/server.go:3424 +0x30c fp=0xc0001f5fb8 sp=0xc0001f5e88 pc=0x73d3ec
go.ngrok.com/cmd/ngrok/web.(*web).Run.gowrap1()
	go.ngrok.com/cmd/ngrok/web/web.go:231 +0x28 fp=0xc0001f5fe0 sp=0xc0001f5fb8 pc=0xcaf888
runtime.goexit({})
	runtime/asm_amd64.s:1700 +0x1 fp=0xc0001f5fe8 sp=0xc0001f5fe0 pc=0x431d81
created by go.ngrok.com/cmd/ngrok/web.(*web).Run in goroutine 36
	go.ngrok.com/cmd/ngrok/web/web.go:231 +0x1e5

goroutine 51 gp=0xc000190380 m=nil [chan receive, 11 minutes]:
runtime.gopark(0xe4c700?, 0xc0005be5a0?, 0x0?, 0x0?, 0xc000591920?)
	runtime/proc.go:435 +0xce fp=0xc0001f3eb0 sp=0xc0001f3e90 pc=0x429ace
runtime.chanrecv(0xc0002b0000, 0xc0001f3f90, 0x1)
	runtime/chan.go:664 +0x445 fp=0xc0001f3f28 sp=0xc0001f3eb0 pc=0x3c2125
runtime.chanrecv2(0xc00020bc00?, 0x0?)
	runtime/chan.go:511 +0x12 fp=0xc0001f3f50 sp=0xc0001f3f28 pc=0x3c1cd2
go.ngrok.com/cmd/ngrok/tung.(*session).handleSessionUpdates(0xc00012a280, 0xc0002b0000)
	go.ngrok.com/cmd/ngrok/tung/session.go:374 +0x75 fp=0xc0001f3fc0 sp=0xc0001f3f50 pc=0xb85715
go.ngrok.com/cmd/ngrok/tung.(*session).start.gowrap1()
	go.ngrok.com/cmd/ngrok/tung/session.go:128 +0x25 fp=0xc0001f3fe0 sp=0xc0001f3fc0 pc=0xb84585
runtime.goexit({})
	runtime/asm_amd64.s:1700 +0x1 fp=0xc0001f3fe8 sp=0xc0001f3fe0 pc=0x431d81
created by go.ngrok.com/cmd/ngrok/tung.(*session).start in goroutine 50
	go.ngrok.com/cmd/ngrok/tung/session.go:128 +0x95

goroutine 66 gp=0xc0005061c0 m=nil [select, 11 minutes]:
runtime.gopark(0xc000395f78?, 0x2?, 0x8?, 0x1?, 0xc000395f44?)
	runtime/proc.go:435 +0xce fp=0xc0004e1dd0 sp=0xc0004e1db0 pc=0x429ace
runtime.selectgo(0xc0004e1f78, 0xc000395f40, 0x13c2780?, 0x0, 0x0?, 0x1)
	runtime/select.go:351 +0x837 fp=0xc0004e1f08 sp=0xc0004e1dd0 pc=0x408c77
go.ngrok.com/cmd/ngrok/updater.(*equinoxUpdater).updateCheck(0xc000111d40, {0x13ce618, 0xc0005ac0a0})
	go.ngrok.com/cmd/ngrok/updater/equinox.go:193 +0x31b fp=0xc0004e1fb8 sp=0xc0004e1f08 pc=0xb98b7b
go.ngrok.com/cmd/ngrok/updater.(*equinoxUpdater).Run.gowrap1()
	go.ngrok.com/cmd/ngrok/updater/equinox.go:111 +0x28 fp=0xc0004e1fe0 sp=0xc0004e1fb8 pc=0xb98828
runtime.goexit({})
	runtime/asm_amd64.s:1700 +0x1 fp=0xc0004e1fe8 sp=0xc0004e1fe0 pc=0x431d81
created by go.ngrok.com/cmd/ngrok/updater.(*equinoxUpdater).Run in goroutine 35
	go.ngrok.com/cmd/ngrok/updater/equinox.go:111 +0xe5

goroutine 52 gp=0xc000190540 m=nil [select, 11 minutes]:
runtime.gopark(0xc00050bd48?, 0x2?, 0x40?, 0x5?, 0xc00050bd2c?)
	runtime/proc.go:435 +0xce fp=0xc00055dbc0 sp=0xc00055dba0 pc=0x429ace
runtime.selectgo(0xc00055dd48, 0xc00050bd28, 0xc000339f20?, 0x0, 0x3c9bd4?, 0x1)
	runtime/select.go:351 +0x837 fp=0xc00055dcf8 sp=0xc00055dbc0 pc=0x408c77
golang.ngrok.com/muxado/v2.(*session).AcceptStream(0xc00027e090)
	golang.ngrok.com/muxado/v2@v2.0.1/session.go:137 +0x66 fp=0xc00055dd78 sp=0xc00055dcf8 pc=0xa81b26
golang.ngrok.com/muxado/v2.(*typedStreamSession).AcceptTypedStream(0x1bb1c50?)
	golang.ngrok.com/muxado/v2@v2.0.1/typed_stream.go:40 +0x1f fp=0xc00055ddd8 sp=0xc00055dd78 pc=0xa85a5f
golang.ngrok.com/muxado/v2.(*Heartbeat).AcceptTypedStream(0xc00040e1e0)
	golang.ngrok.com/muxado/v2@v2.0.1/heartbeat.go:118 +0x42 fp=0xc00055de18 sp=0xc00055ddd8 pc=0xa807a2
golang.ngrok.com/ngrok/internal/tunnel/client.(*rawSession).Accept(0xc0002845b0)
	golang.ngrok.com/ngrok@v1.12.1/internal/tunnel/client/raw_session.go:162 +0x34 fp=0xc00055df08 sp=0xc00055de18 pc=0xae64f4
golang.ngrok.com/ngrok/internal/tunnel/client.(*swapRaw).Accept(0x4000000000000000?)
	golang.ngrok.com/ngrok@v1.12.1/internal/tunnel/client/reconnecting.go:93 +0x2c fp=0xc00055df20 sp=0xc00055df08 pc=0xae876c
golang.ngrok.com/ngrok/internal/tunnel/client.(*reconnectingSession).receive(0xc000284150, 0xc00040e0a0)
	golang.ngrok.com/ngrok@v1.12.1/internal/tunnel/client/reconnecting.go:272 +0x66 fp=0xc00055dfa0 sp=0xc00055df20 pc=0xae96a6
golang.ngrok.com/ngrok/internal/tunnel/client.(*reconnectingSession).createTunnelClientSession.func1()
	golang.ngrok.com/ngrok@v1.12.1/internal/tunnel/client/reconnecting.go:158 +0x45 fp=0xc00055dfe0 sp=0xc00055dfa0 pc=0xae89c5
runtime.goexit({})
	runtime/asm_amd64.s:1700 +0x1 fp=0xc00055dfe8 sp=0xc00055dfe0 pc=0x431d81
created by golang.ngrok.com/ngrok/internal/tunnel/client.(*reconnectingSession).createTunnelClientSession in goroutine 50
	golang.ngrok.com/ngrok@v1.12.1/internal/tunnel/client/reconnecting.go:153 +0x198

goroutine 55 gp=0xc000190700 m=nil [IO wait]:
runtime.gopark(0x0?, 0xc0003142a0?, 0x48?, 0x43?, 0xc00031434c?)
	runtime/proc.go:435 +0xce fp=0xc0004e38b0 sp=0xc0004e3890 pc=0x429ace
runtime.netpollblock(0x410?, 0x3bffc6?, 0x0?)
	runtime/netpoll.go:575 +0xf7 fp=0xc0004e38e8 sp=0xc0004e38b0 pc=0x3ed377
internal/poll.runtime_pollWait(0x252f138de80, 0x72)
	runtime/netpoll.go:351 +0x85 fp=0xc0004e3908 sp=0xc0004e38e8 pc=0x428c65
internal/poll.(*pollDesc).wait(0xc000089880?, 0x18?, 0x0)
	internal/poll/fd_poll_runtime.go:84 +0x27 fp=0xc0004e3930 sp=0xc0004e3908 pc=0x4b5fa7
internal/poll.execIO(0xc0003142a0, 0x12a9038)
	internal/poll/fd_windows.go:177 +0x105 fp=0xc0004e39a8 sp=0xc0004e3930 pc=0x4b7405
internal/poll.(*FD).Read(0xc000314288, {0xc00052a000, 0x1300, 0x1300})
	internal/poll/fd_windows.go:438 +0x29b fp=0xc0004e3a48 sp=0xc0004e39a8 pc=0x4b80db
net.(*netFD).Read(0xc000314288, {0xc00052a000?, 0xc00052a000?, 0x5?})
	net/fd_posix.go:55 +0x25 fp=0xc0004e3a90 sp=0xc0004e3a48 pc=0x52bb25
net.(*conn).Read(0xc00007c248, {0xc00052a000?, 0x252efcd0a08?, 0x252ca590ed0?})
	net/net.go:194 +0x45 fp=0xc0004e3ad8 sp=0xc0004e3a90 pc=0x541525
crypto/tls.(*atLeastReader).Read(0xc00059c780, {0xc00052a000?, 0x0?, 0x0?})
	crypto/tls/conn.go:809 +0x3b fp=0xc0004e3b20 sp=0xc0004e3ad8 pc=0x66781b
bytes.(*Buffer).ReadFrom(0xc0002ef0b8, {0x13c3c60, 0xc00059c780})
	bytes/buffer.go:211 +0x98 fp=0xc0004e3b78 sp=0xc0004e3b20 pc=0x4e61d8
crypto/tls.(*Conn).readFromUntil(0xc0002eee08, {0x252efa07ca0, 0xc00007c248}, 0x3f2714?)
	crypto/tls/conn.go:831 +0xde fp=0xc0004e3bb0 sp=0xc0004e3b78 pc=0x6679fe
crypto/tls.(*Conn).readRecordOrCCS(0xc0002eee08, 0x0)
	crypto/tls/conn.go:629 +0x3cf fp=0xc0004e3e28 sp=0xc0004e3bb0 pc=0x664b0f
crypto/tls.(*Conn).readRecord(...)
	crypto/tls/conn.go:591
crypto/tls.(*Conn).Read(0xc0002eee08, {0xc000200dea, 0x8, 0x3c1d57?})
	crypto/tls/conn.go:1385 +0x145 fp=0xc0004e3e90 sp=0xc0004e3e28 pc=0x66b2e5
io.ReadAtLeast({0x252f13a01c0, 0xc0002eee08}, {0xc000200dea, 0x8, 0x10}, 0x8)
	io/io.go:335 +0x91 fp=0xc0004e3ed8 sp=0xc0004e3e90 pc=0x47b651
io.ReadFull(...)
	io/io.go:354
golang.ngrok.com/muxado/v2/frame.(*common).readFrom(0xc000200de0, {0x252f13a01c0?, 0xc0002eee08?})
	golang.ngrok.com/muxado/v2@v2.0.1/frame/common.go:112 +0x45 fp=0xc0004e3f18 sp=0xc0004e3ed8 pc=0xa7d0c5
golang.ngrok.com/muxado/v2/frame.(*framer).ReadFrame(0xc000200dc0)
	golang.ngrok.com/muxado/v2@v2.0.1/frame/framer.go:46 +0x2a fp=0xc0004e3f50 sp=0xc0004e3f18 pc=0xa7d8ca
golang.ngrok.com/muxado/v2.(*session).reader(0xc00027e090)
	golang.ngrok.com/muxado/v2@v2.0.1/session.go:349 +0x7b fp=0xc0004e3fc8 sp=0xc0004e3f50 pc=0xa82e5b
golang.ngrok.com/muxado/v2.newSession.gowrap1()
	golang.ngrok.com/muxado/v2@v2.0.1/session.go:96 +0x25 fp=0xc0004e3fe0 sp=0xc0004e3fc8 pc=0xa818a5
runtime.goexit({})
	runtime/asm_amd64.s:1700 +0x1 fp=0xc0004e3fe8 sp=0xc0004e3fe0 pc=0x431d81
created by golang.ngrok.com/muxado/v2.newSession in goroutine 52
	golang.ngrok.com/muxado/v2@v2.0.1/session.go:96 +0x325

goroutine 40 gp=0xc0001908c0 m=nil [select]:
runtime.gopark(0xc0002a9fa8?, 0x2?, 0xd0?, 0xa4?, 0xc0002a9f7c?)
	runtime/proc.go:435 +0xce fp=0xc0002a9e10 sp=0xc0002a9df0 pc=0x429ace
runtime.selectgo(0xc0002a9fa8, 0xc0002a9f78, 0x13d3128?, 0x0, 0xe9c4ec?, 0x1)
	runtime/select.go:351 +0x837 fp=0xc0002a9f48 sp=0xc0002a9e10 pc=0x408c77
golang.ngrok.com/ngrok.Connect.func2.1()
	golang.ngrok.com/ngrok@v1.12.1/session.go:700 +0xd9 fp=0xc0002a9fe0 sp=0xc0002a9f48 pc=0xaf5f99
runtime.goexit({})
	runtime/asm_amd64.s:1700 +0x1 fp=0xc0002a9fe8 sp=0xc0002a9fe0 pc=0x431d81
created by golang.ngrok.com/ngrok.Connect.func2 in goroutine 52
	golang.ngrok.com/ngrok@v1.12.1/session.go:696 +0x7ab

goroutine 56 gp=0xc000506540 m=nil [select]:
runtime.gopark(0xc0002abf58?, 0x2?, 0xc?, 0x17?, 0xc0002abf2c?)
	runtime/proc.go:435 +0xce fp=0xc0002abdb8 sp=0xc0002abd98 pc=0x429ace
runtime.selectgo(0xc0002abf58, 0xc0002abf28, 0xc0001348f8?, 0x0, 0xc0002abf70?, 0x1)
	runtime/select.go:351 +0x837 fp=0xc0002abef0 sp=0xc0002abdb8 pc=0x408c77
golang.ngrok.com/muxado/v2.(*session).writer(0xc00027e090)
	golang.ngrok.com/muxado/v2@v2.0.1/session.go:326 +0xc8 fp=0xc0002abfc8 sp=0xc0002abef0 pc=0xa82ba8
golang.ngrok.com/muxado/v2.newSession.gowrap2()
	golang.ngrok.com/muxado/v2@v2.0.1/session.go:97 +0x25 fp=0xc0002abfe0 sp=0xc0002abfc8 pc=0xa81845
runtime.goexit({})
	runtime/asm_amd64.s:1700 +0x1 fp=0xc0002abfe8 sp=0xc0002abfe0 pc=0x431d81
created by golang.ngrok.com/muxado/v2.newSession in goroutine 52
	golang.ngrok.com/muxado/v2@v2.0.1/session.go:97 +0x365

goroutine 57 gp=0xc000506700 m=nil [select]:
runtime.gopark(0xc0002adf10?, 0x2?, 0xc?, 0x17?, 0xc0002adeac?)
	runtime/proc.go:435 +0xce fp=0xc0002add38 sp=0xc0002add18 pc=0x429ace
runtime.selectgo(0xc0002adf10, 0xc0002adea8, 0x1be6840?, 0x0, 0xe49d40?, 0x1)
	runtime/select.go:351 +0x837 fp=0xc0002ade70 sp=0xc0002add38 pc=0x408c77
golang.ngrok.com/muxado/v2.(*Heartbeat).requester(0xc00040e1e0, 0xc0002b0460)
	golang.ngrok.com/muxado/v2@v2.0.1/heartbeat.go:182 +0x25a fp=0xc0002adfc0 sp=0xc0002ade70 pc=0xa80eda
golang.ngrok.com/muxado/v2.(*Heartbeat).Start.gowrap1()
	golang.ngrok.com/muxado/v2@v2.0.1/heartbeat.go:131 +0x25 fp=0xc0002adfe0 sp=0xc0002adfc0 pc=0xa80aa5
runtime.goexit({})
	runtime/asm_amd64.s:1700 +0x1 fp=0xc0002adfe8 sp=0xc0002adfe0 pc=0x431d81
created by golang.ngrok.com/muxado/v2.(*Heartbeat).Start in goroutine 52
	golang.ngrok.com/muxado/v2@v2.0.1/heartbeat.go:131 +0x78

goroutine 58 gp=0xc000190a80 m=nil [select]:
runtime.gopark(0xc000455f80?, 0x3?, 0x30?, 0x5e?, 0xc000455f5a?)
	runtime/proc.go:435 +0xce fp=0xc000455de8 sp=0xc000455dc8 pc=0x429ace
runtime.selectgo(0xc000455f80, 0xc000455f54, 0x0?, 0x0, 0x0?, 0x1)
	runtime/select.go:351 +0x837 fp=0xc000455f20 sp=0xc000455de8 pc=0x408c77
golang.ngrok.com/muxado/v2.(*Heartbeat).check(0xc00040e1e0, 0xc0002b0460)
	golang.ngrok.com/muxado/v2@v2.0.1/heartbeat.go:139 +0xad fp=0xc000455fc0 sp=0xc000455f20 pc=0xa80b8d
golang.ngrok.com/muxado/v2.(*Heartbeat).Start.gowrap2()
	golang.ngrok.com/muxado/v2@v2.0.1/heartbeat.go:132 +0x25 fp=0xc000455fe0 sp=0xc000455fc0 pc=0xa80a45
runtime.goexit({})
	runtime/asm_amd64.s:1700 +0x1 fp=0xc000455fe8 sp=0xc000455fe0 pc=0x431d81
created by golang.ngrok.com/muxado/v2.(*Heartbeat).Start in goroutine 52
	golang.ngrok.com/muxado/v2@v2.0.1/heartbeat.go:132 +0xc7

goroutine 6236 gp=0xc000506c40 m=nil [IO wait]:
runtime.gopark(0x0?, 0xc0006f42a0?, 0x48?, 0x43?, 0xc0006f434c?)
	runtime/proc.go:435 +0xce fp=0xc00051f8c8 sp=0xc00051f8a8 pc=0x429ace
runtime.netpollblock(0x7c4?, 0x3bffc6?, 0x0?)
	runtime/netpoll.go:575 +0xf7 fp=0xc00051f900 sp=0xc00051f8c8 pc=0x3ed377
internal/poll.runtime_pollWait(0x252f138df98, 0x72)
	runtime/netpoll.go:351 +0x85 fp=0xc00051f920 sp=0xc00051f900 pc=0x428c65
internal/poll.(*pollDesc).wait(0x0?, 0xc00073d970?, 0x0)
	internal/poll/fd_poll_runtime.go:84 +0x27 fp=0xc00051f948 sp=0xc00051f920 pc=0x4b5fa7
internal/poll.execIO(0xc0006f42a0, 0x12a9038)
	internal/poll/fd_windows.go:177 +0x105 fp=0xc00051f9c0 sp=0xc00051f948 pc=0x4b7405
internal/poll.(*FD).Read(0xc0006f4288, {0xc0006ff000, 0x1000, 0x1000})
	internal/poll/fd_windows.go:438 +0x29b fp=0xc00051fa60 sp=0xc00051f9c0 pc=0x4b80db
net.(*netFD).Read(0xc0006f4288, {0xc0006ff000?, 0xc00073dad0?, 0x4b6465?})
	net/fd_posix.go:55 +0x25 fp=0xc00051faa8 sp=0xc00051fa60 pc=0x52bb25
net.(*conn).Read(0xc000910318, {0xc0006ff000?, 0x0?, 0x0?})
	net/net.go:194 +0x45 fp=0xc00051faf0 sp=0xc00051faa8 pc=0x541525
net/http.(*connReader).Read(0xc00061b890, {0xc0006ff000, 0x1000, 0x1000})
	net/http/server.go:798 +0x159 fp=0xc00051fb40 sp=0xc00051faf0 pc=0x732279
bufio.(*Reader).fill(0xc0001fb200)
	bufio/bufio.go:113 +0x103 fp=0xc00051fb78 sp=0xc00051fb40 pc=0x559183
bufio.(*Reader).Peek(0xc0001fb200, 0x4)
	bufio/bufio.go:152 +0x53 fp=0xc00051fb98 sp=0xc00051fb78 pc=0x5592b3
net/http.(*conn).serve(0xc00027eea0, {0x13ce5e0, 0xc000590a80})
	net/http/server.go:2137 +0x785 fp=0xc00051ffb8 sp=0xc00051fb98 pc=0x738065
net/http.(*Server).Serve.gowrap3()
	net/http/server.go:3454 +0x28 fp=0xc00051ffe0 sp=0xc00051ffb8 pc=0x73d7e8
runtime.goexit({})
	runtime/asm_amd64.s:1700 +0x1 fp=0xc00051ffe8 sp=0xc00051ffe0 pc=0x431d81
created by net/http.(*Server).Serve in goroutine 39
	net/http/server.go:3454 +0x485

goroutine 41 gp=0xc000506e00 m=nil [sync.Cond.Wait]:
runtime.gopark(0xc0002844d0?, 0xc000453e18?, 0x0?, 0x0?, 0x0?)
	runtime/proc.go:435 +0xce fp=0xc000453dd8 sp=0xc000453db8 pc=0x429ace
runtime.goparkunlock(...)
	runtime/proc.go:441
sync.runtime_notifyListWait(0xc000134808, 0x46)
	runtime/sema.go:597 +0x15d fp=0xc000453e28 sp=0xc000453dd8 pc=0x42af9d
sync.(*Cond).Wait(0xc0001348f8?)
	sync/cond.go:71 +0x85 fp=0xc000453e60 sp=0xc000453e28 pc=0x449885
golang.ngrok.com/muxado/v2.(*inboundBuffer).Read(0xc0001347f8, {0xc0002cd5e0, 0x4, 0xc0005400c0?})
	golang.ngrok.com/muxado/v2@v2.0.1/buffer.go:112 +0x6b fp=0xc000453eb0 sp=0xc000453e60 pc=0xa7fccb
golang.ngrok.com/muxado/v2.(*stream).Read(0xc000134780, {0xc0002cd5e0?, 0xc000134780?, 0xc0002cd5e0?})
	golang.ngrok.com/muxado/v2@v2.0.1/stream.go:87 +0x2c fp=0xc000453ef8 sp=0xc000453eb0 pc=0xa8404c
golang.ngrok.com/muxado/v2.(*typedStream).Read(0x3c6c9f?, {0xc0002cd5e0?, 0xff6c20?, 0x42b601?})
	<autogenerated>:1 +0x29 fp=0xc000453f28 sp=0xc000453ef8 pc=0xa87ba9
io.ReadAtLeast({0x252efa07ed8, 0xc000339f20}, {0xc0002cd5e0, 0x4, 0x4}, 0x4)
	io/io.go:335 +0x91 fp=0xc000453f70 sp=0xc000453f28 pc=0x47b651
io.ReadFull(...)
	io/io.go:354
golang.ngrok.com/muxado/v2.(*Heartbeat).responder(0x0?, {0x13d8b20, 0xc000339f20})
	golang.ngrok.com/muxado/v2@v2.0.1/heartbeat.go:219 +0x7a fp=0xc000453fb8 sp=0xc000453f70 pc=0xa8131a
golang.ngrok.com/muxado/v2.(*Heartbeat).AcceptTypedStream.gowrap1()
	golang.ngrok.com/muxado/v2@v2.0.1/heartbeat.go:125 +0x28 fp=0xc000453fe0 sp=0xc000453fb8 pc=0xa808e8
runtime.goexit({})
	runtime/asm_amd64.s:1700 +0x1 fp=0xc000453fe8 sp=0xc000453fe0 pc=0x431d81
created by golang.ngrok.com/muxado/v2.(*Heartbeat).AcceptTypedStream in goroutine 52
	golang.ngrok.com/muxado/v2@v2.0.1/heartbeat.go:125 +0x2f

goroutine 62 gp=0xc000507180 m=nil [select, 11 minutes]:
runtime.gopark(0xc0002aff90?, 0x2?, 0x0?, 0x0?, 0xc0002aff2c?)
	runtime/proc.go:435 +0xce fp=0xc0002afdc0 sp=0xc0002afda0 pc=0x429ace
runtime.selectgo(0xc0002aff90, 0xc0002aff28, 0x0?, 0x0, 0x0?, 0x1)
	runtime/select.go:351 +0x837 fp=0xc0002afef8 sp=0xc0002afdc0 pc=0x408c77
golang.ngrok.com/ngrok.Connect.func3()
	golang.ngrok.com/ngrok@v1.12.1/session.go:748 +0xd8 fp=0xc0002affc8 sp=0xc0002afef8 pc=0xaf5038
golang.ngrok.com/ngrok.Connect.func4()
	golang.ngrok.com/ngrok@v1.12.1/session.go:798 +0x22 fp=0xc0002affe0 sp=0xc0002affc8 pc=0xaf4f42
runtime.goexit({})
	runtime/asm_amd64.s:1700 +0x1 fp=0xc0002affe8 sp=0xc0002affe0 pc=0x431d81
created by golang.ngrok.com/ngrok.Connect in goroutine 50
	golang.ngrok.com/ngrok@v1.12.1/session.go:797 +0xd39

goroutine 6370 gp=0xc000507500 m=nil [IO wait]:
runtime.gopark(0x0?, 0xc00077af20?, 0xc8?, 0xaf?, 0xc00077afcc?)
	runtime/proc.go:435 +0xce fp=0xc0005238c8 sp=0xc0005238a8 pc=0x429ace
runtime.netpollblock(0x7d4?, 0x3bffc6?, 0x0?)
	runtime/netpoll.go:575 +0xf7 fp=0xc000523900 sp=0xc0005238c8 pc=0x3ed377
internal/poll.runtime_pollWait(0x252f1a293e0, 0x72)
	runtime/netpoll.go:351 +0x85 fp=0xc000523920 sp=0xc000523900 pc=0x428c65
internal/poll.(*pollDesc).wait(0x0?, 0xc0009c1970?, 0x0)
	internal/poll/fd_poll_runtime.go:84 +0x27 fp=0xc000523948 sp=0xc000523920 pc=0x4b5fa7
internal/poll.execIO(0xc00077af20, 0x12a9038)
	internal/poll/fd_windows.go:177 +0x105 fp=0xc0005239c0 sp=0xc000523948 pc=0x4b7405
internal/poll.(*FD).Read(0xc00077af08, {0xc0009b8000, 0x1000, 0x1000})
	internal/poll/fd_windows.go:438 +0x29b fp=0xc000523a60 sp=0xc0005239c0 pc=0x4b80db
net.(*netFD).Read(0xc00077af08, {0xc0009b8000?, 0xc0009c1ad0?, 0x4b6465?})
	net/fd_posix.go:55 +0x25 fp=0xc000523aa8 sp=0xc000523a60 pc=0x52bb25
net.(*conn).Read(0xc000910810, {0xc0009b8000?, 0x0?, 0x0?})
	net/net.go:194 +0x45 fp=0xc000523af0 sp=0xc000523aa8 pc=0x541525
net/http.(*connReader).Read(0xc0009ac5a0, {0xc0009b8000, 0x1000, 0x1000})
	net/http/server.go:798 +0x159 fp=0xc000523b40 sp=0xc000523af0 pc=0x732279
bufio.(*Reader).fill(0xc000777200)
	bufio/bufio.go:113 +0x103 fp=0xc000523b78 sp=0xc000523b40 pc=0x559183
bufio.(*Reader).Peek(0xc000777200, 0x4)
	bufio/bufio.go:152 +0x53 fp=0xc000523b98 sp=0xc000523b78 pc=0x5592b3
net/http.(*conn).serve(0xc000968510, {0x13ce5e0, 0xc000590a80})
	net/http/server.go:2137 +0x785 fp=0xc000523fb8 sp=0xc000523b98 pc=0x738065
net/http.(*Server).Serve.gowrap3()
	net/http/server.go:3454 +0x28 fp=0xc000523fe0 sp=0xc000523fb8 pc=0x73d7e8
runtime.goexit({})
	runtime/asm_amd64.s:1700 +0x1 fp=0xc000523fe8 sp=0xc000523fe0 pc=0x431d81
created by net/http.(*Server).Serve in goroutine 39
	net/http/server.go:3454 +0x485

goroutine 79 gp=0xc000507880 m=nil [chan receive, 11 minutes]:
runtime.gopark(0x0?, 0x0?, 0x0?, 0x0?, 0x0?)
	runtime/proc.go:435 +0xce fp=0xc0001f7d30 sp=0xc0001f7d10 pc=0x429ace
runtime.chanrecv(0xc0003002a0, 0xc0001f7de0, 0x1)
	runtime/chan.go:664 +0x445 fp=0xc0001f7da8 sp=0xc0001f7d30 pc=0x3c2125
runtime.chanrecv2(0x0?, 0x0?)
	runtime/chan.go:511 +0x12 fp=0xc0001f7dd0 sp=0xc0001f7da8 pc=0x3c1cd2
golang.ngrok.com/ngrok/internal/tunnel/client.(*tunnel).Accept(0xc000312140)
	golang.ngrok.com/ngrok@v1.12.1/internal/tunnel/client/tunnel.go:91 +0x2d fp=0xc0001f7df8 sp=0xc0001f7dd0 pc=0xaed36d
golang.ngrok.com/ngrok.(*tunnelImpl).Accept(0xc000554660)
	golang.ngrok.com/ngrok@v1.12.1/tunnel.go:150 +0x2d fp=0xc0001f7e88 sp=0xc0001f7df8 pc=0xaf7a6d
go.ngrok.com/cmd/ngrok/tung.(*tunnel).run(0xc0000be0e0)
	go.ngrok.com/cmd/ngrok/tung/tunnel.go:107 +0x7d fp=0xc0001f7fc8 sp=0xc0001f7e88 pc=0xb8787d
go.ngrok.com/cmd/ngrok/tung.newTunnel.gowrap2()
	go.ngrok.com/cmd/ngrok/tung/tunnel.go:68 +0x25 fp=0xc0001f7fe0 sp=0xc0001f7fc8 pc=0xb871a5
runtime.goexit({})
	runtime/asm_amd64.s:1700 +0x1 fp=0xc0001f7fe8 sp=0xc0001f7fe0 pc=0x431d81
created by go.ngrok.com/cmd/ngrok/tung.newTunnel in goroutine 42
	go.ngrok.com/cmd/ngrok/tung/tunnel.go:68 +0x225

goroutine 6359 gp=0xc000191500 m=nil [IO wait]:
runtime.gopark(0x0?, 0xc0007f2f20?, 0xc8?, 0x2f?, 0xc0007f2fcc?)
	runtime/proc.go:435 +0xce fp=0xc00085d8c8 sp=0xc00085d8a8 pc=0x429ace
runtime.netpollblock(0x694?, 0x3bffc6?, 0x0?)
	runtime/netpoll.go:575 +0xf7 fp=0xc00085d900 sp=0xc00085d8c8 pc=0x3ed377
internal/poll.runtime_pollWait(0x252f1a291b0, 0x72)
	runtime/netpoll.go:351 +0x85 fp=0xc00085d920 sp=0xc00085d900 pc=0x428c65
internal/poll.(*pollDesc).wait(0x0?, 0xc0009cf970?, 0x0)
	internal/poll/fd_poll_runtime.go:84 +0x27 fp=0xc00085d948 sp=0xc00085d920 pc=0x4b5fa7
internal/poll.execIO(0xc0007f2f20, 0x12a9038)
	internal/poll/fd_windows.go:177 +0x105 fp=0xc00085d9c0 sp=0xc00085d948 pc=0x4b7405
internal/poll.(*FD).Read(0xc0007f2f08, {0xc0009c2000, 0x1000, 0x1000})
	internal/poll/fd_windows.go:438 +0x29b fp=0xc00085da60 sp=0xc00085d9c0 pc=0x4b80db
net.(*netFD).Read(0xc0007f2f08, {0xc0009c2000?, 0xc0009cfad0?, 0x4b6465?})
	net/fd_posix.go:55 +0x25 fp=0xc00085daa8 sp=0xc00085da60 pc=0x52bb25
net.(*conn).Read(0xc000117028, {0xc0009c2000?, 0x0?, 0x0?})
	net/net.go:194 +0x45 fp=0xc00085daf0 sp=0xc00085daa8 pc=0x541525
net/http.(*connReader).Read(0xc0009ac8a0, {0xc0009c2000, 0x1000, 0x1000})
	net/http/server.go:798 +0x159 fp=0xc00085db40 sp=0xc00085daf0 pc=0x732279
bufio.(*Reader).fill(0xc000777380)
	bufio/bufio.go:113 +0x103 fp=0xc00085db78 sp=0xc00085db40 pc=0x559183
bufio.(*Reader).Peek(0xc000777380, 0x4)
	bufio/bufio.go:152 +0x53 fp=0xc00085db98 sp=0xc00085db78 pc=0x5592b3
net/http.(*conn).serve(0xc0007da990, {0x13ce5e0, 0xc000590a80})
	net/http/server.go:2137 +0x785 fp=0xc00085dfb8 sp=0xc00085db98 pc=0x738065
net/http.(*Server).Serve.gowrap3()
	net/http/server.go:3454 +0x28 fp=0xc00085dfe0 sp=0xc00085dfb8 pc=0x73d7e8
runtime.goexit({})
	runtime/asm_amd64.s:1700 +0x1 fp=0xc00085dfe8 sp=0xc00085dfe0 pc=0x431d81
created by net/http.(*Server).Serve in goroutine 39
	net/http/server.go:3454 +0x485

goroutine 6239 gp=0xc0005861c0 m=nil [IO wait]:
runtime.gopark(0x0?, 0xc0006f4520?, 0xc8?, 0x45?, 0xc0006f45cc?)
	runtime/proc.go:435 +0xce fp=0xc0008598c8 sp=0xc0008598a8 pc=0x429ace
runtime.netpollblock(0x7a0?, 0x3bffc6?, 0x0?)
	runtime/netpoll.go:575 +0xf7 fp=0xc000859900 sp=0xc0008598c8 pc=0x3ed377
internal/poll.runtime_pollWait(0x252f138d6d8, 0x72)
	runtime/netpoll.go:351 +0x85 fp=0xc000859920 sp=0xc000859900 pc=0x428c65
internal/poll.(*pollDesc).wait(0x0?, 0xc000753970?, 0x0)
	internal/poll/fd_poll_runtime.go:84 +0x27 fp=0xc000859948 sp=0xc000859920 pc=0x4b5fa7
internal/poll.execIO(0xc0006f4520, 0x12a9038)
	internal/poll/fd_windows.go:177 +0x105 fp=0xc0008599c0 sp=0xc000859948 pc=0x4b7405
internal/poll.(*FD).Read(0xc0006f4508, {0xc000708000, 0x1000, 0x1000})
	internal/poll/fd_windows.go:438 +0x29b fp=0xc000859a60 sp=0xc0008599c0 pc=0x4b80db
net.(*netFD).Read(0xc0006f4508, {0xc000708000?, 0xc000753ad0?, 0x4b6465?})
	net/fd_posix.go:55 +0x25 fp=0xc000859aa8 sp=0xc000859a60 pc=0x52bb25
net.(*conn).Read(0xc000910380, {0xc000708000?, 0x0?, 0x0?})
	net/net.go:194 +0x45 fp=0xc000859af0 sp=0xc000859aa8 pc=0x541525
net/http.(*connReader).Read(0xc00061bf20, {0xc000708000, 0x1000, 0x1000})
	net/http/server.go:798 +0x159 fp=0xc000859b40 sp=0xc000859af0 pc=0x732279
bufio.(*Reader).fill(0xc0006970e0)
	bufio/bufio.go:113 +0x103 fp=0xc000859b78 sp=0xc000859b40 pc=0x559183
bufio.(*Reader).Peek(0xc0006970e0, 0x4)
	bufio/bufio.go:152 +0x53 fp=0xc000859b98 sp=0xc000859b78 pc=0x5592b3
net/http.(*conn).serve(0xc00027f0e0, {0x13ce5e0, 0xc000590a80})
	net/http/server.go:2137 +0x785 fp=0xc000859fb8 sp=0xc000859b98 pc=0x738065
net/http.(*Server).Serve.gowrap3()
	net/http/server.go:3454 +0x28 fp=0xc000859fe0 sp=0xc000859fb8 pc=0x73d7e8
runtime.goexit({})
	runtime/asm_amd64.s:1700 +0x1 fp=0xc000859fe8 sp=0xc000859fe0 pc=0x431d81
created by net/http.(*Server).Serve in goroutine 39
	net/http/server.go:3454 +0x485

goroutine 6276 gp=0xc000586380 m=nil [IO wait]:
runtime.gopark(0x0?, 0xc0006d2520?, 0xc8?, 0x25?, 0xc0006d25cc?)
	runtime/proc.go:435 +0xce fp=0xc0008658c8 sp=0xc0008658a8 pc=0x429ace
runtime.netpollblock(0x70c?, 0x3bffc6?, 0x0?)
	runtime/netpoll.go:575 +0xf7 fp=0xc000865900 sp=0xc0008658c8 pc=0x3ed377
internal/poll.runtime_pollWait(0x252f138da20, 0x72)
	runtime/netpoll.go:351 +0x85 fp=0xc000865920 sp=0xc000865900 pc=0x428c65
internal/poll.(*pollDesc).wait(0x0?, 0xc0007b5970?, 0x0)
	internal/poll/fd_poll_runtime.go:84 +0x27 fp=0xc000865948 sp=0xc000865920 pc=0x4b5fa7
internal/poll.execIO(0xc0006d2520, 0x12a9038)
	internal/poll/fd_windows.go:177 +0x105 fp=0xc0008659c0 sp=0xc000865948 pc=0x4b7405
internal/poll.(*FD).Read(0xc0006d2508, {0xc0007ca000, 0x1000, 0x1000})
	internal/poll/fd_windows.go:438 +0x29b fp=0xc000865a60 sp=0xc0008659c0 pc=0x4b80db
net.(*netFD).Read(0xc0006d2508, {0xc0007ca000?, 0xc0007b5ad0?, 0x4b6465?})
	net/fd_posix.go:55 +0x25 fp=0xc000865aa8 sp=0xc000865a60 pc=0x52bb25
net.(*conn).Read(0xc00007d1a8, {0xc0007ca000?, 0x0?, 0x0?})
	net/net.go:194 +0x45 fp=0xc000865af0 sp=0xc000865aa8 pc=0x541525
net/http.(*connReader).Read(0xc0006835c0, {0xc0007ca000, 0x1000, 0x1000})
	net/http/server.go:798 +0x159 fp=0xc000865b40 sp=0xc000865af0 pc=0x732279
bufio.(*Reader).fill(0xc000900a80)
	bufio/bufio.go:113 +0x103 fp=0xc000865b78 sp=0xc000865b40 pc=0x559183
bufio.(*Reader).Peek(0xc000900a80, 0x4)
	bufio/bufio.go:152 +0x53 fp=0xc000865b98 sp=0xc000865b78 pc=0x5592b3
net/http.(*conn).serve(0xc0006a0900, {0x13ce5e0, 0xc000590a80})
	net/http/server.go:2137 +0x785 fp=0xc000865fb8 sp=0xc000865b98 pc=0x738065
net/http.(*Server).Serve.gowrap3()
	net/http/server.go:3454 +0x28 fp=0xc000865fe0 sp=0xc000865fb8 pc=0x73d7e8
runtime.goexit({})
	runtime/asm_amd64.s:1700 +0x1 fp=0xc000865fe8 sp=0xc000865fe0 pc=0x431d81
created by net/http.(*Server).Serve in goroutine 39
	net/http/server.go:3454 +0x485

goroutine 6314 gp=0xc000586540 m=nil [IO wait]:
runtime.gopark(0x0?, 0xc0007f2020?, 0xc8?, 0x20?, 0xc0007f20cc?)
	runtime/proc.go:435 +0xce fp=0xc000abd8c8 sp=0xc000abd8a8 pc=0x429ace
runtime.netpollblock(0x690?, 0x3bffc6?, 0x0?)
	runtime/netpoll.go:575 +0xf7 fp=0xc000abd900 sp=0xc000abd8c8 pc=0x3ed377
internal/poll.runtime_pollWait(0x252efd76ca8, 0x72)
	runtime/netpoll.go:351 +0x85 fp=0xc000abd920 sp=0xc000abd900 pc=0x428c65
internal/poll.(*pollDesc).wait(0x0?, 0xc000959970?, 0x0)
	internal/poll/fd_poll_runtime.go:84 +0x27 fp=0xc000abd948 sp=0xc000abd920 pc=0x4b5fa7
internal/poll.execIO(0xc0007f2020, 0x12a9038)
	internal/poll/fd_windows.go:177 +0x105 fp=0xc000abd9c0 sp=0xc000abd948 pc=0x4b7405
internal/poll.(*FD).Read(0xc0007f2008, {0xc000948000, 0x1000, 0x1000})
	internal/poll/fd_windows.go:438 +0x29b fp=0xc000abda60 sp=0xc000abd9c0 pc=0x4b80db
net.(*netFD).Read(0xc0007f2008, {0xc000948000?, 0xc000959ad0?, 0x4b6465?})
	net/fd_posix.go:55 +0x25 fp=0xc000abdaa8 sp=0xc000abda60 pc=0x52bb25
net.(*conn).Read(0xc000116e88, {0xc000948000?, 0x0?, 0x0?})
	net/net.go:194 +0x45 fp=0xc000abdaf0 sp=0xc000abdaa8 pc=0x541525
net/http.(*connReader).Read(0xc0008b27e0, {0xc000948000, 0x1000, 0x1000})
	net/http/server.go:798 +0x159 fp=0xc000abdb40 sp=0xc000abdaf0 pc=0x732279
bufio.(*Reader).fill(0xc000776540)
	bufio/bufio.go:113 +0x103 fp=0xc000abdb78 sp=0xc000abdb40 pc=0x559183
bufio.(*Reader).Peek(0xc000776540, 0x4)
	bufio/bufio.go:152 +0x53 fp=0xc000abdb98 sp=0xc000abdb78 pc=0x5592b3
net/http.(*conn).serve(0xc0007da240, {0x13ce5e0, 0xc000590a80})
	net/http/server.go:2137 +0x785 fp=0xc000abdfb8 sp=0xc000abdb98 pc=0x738065
net/http.(*Server).Serve.gowrap3()
	net/http/server.go:3454 +0x28 fp=0xc000abdfe0 sp=0xc000abdfb8 pc=0x73d7e8
runtime.goexit({})
	runtime/asm_amd64.s:1700 +0x1 fp=0xc000abdfe8 sp=0xc000abdfe0 pc=0x431d81
created by net/http.(*Server).Serve in goroutine 39
	net/http/server.go:3454 +0x485

goroutine 3432 gp=0xc000586700 m=nil [runnable]:
google.golang.org/protobuf/internal/impl.(*MessageInfo).size-fm({{}, {0x13dca18?, 0xc000988af0?}, 0x0?})
	<autogenerated>:1 +0x4e fp=0xc0004b5468 sp=0xc0004b5460 pc=0x8a638e
google.golang.org/protobuf/proto.MarshalOptions.size({{}, 0xf0?, 0x8a?, 0x98?}, {0x13dca18, 0xc000988af0})
	google.golang.org/protobuf@v1.36.6/proto/size.go:35 +0x82 fp=0xc0004b54e0 sp=0xc0004b5468 pc=0x831c02
google.golang.org/protobuf/proto.MarshalOptions.Size({{}, 0x20?, 0xae?, 0xfc?}, {0x13c4120?, 0xc000988af0?})
	google.golang.org/protobuf@v1.36.6/proto/size.go:26 +0x4c fp=0xc0004b5510 sp=0xc0004b54e0 pc=0x831b2c
google.golang.org/protobuf/proto.Size(...)
	google.golang.org/protobuf@v1.36.6/proto/size.go:16
google.golang.org/grpc/encoding/proto.(*codecV2).Marshal(0x16002a?, {0xfcae20?, 0xc000988af0?})
	google.golang.org/grpc@v1.72.0/encoding/proto/proto.go:49 +0x7a fp=0xc0004b55c0 sp=0xc0004b5510 pc=0xa1de5a
google.golang.org/grpc.encode({0x252efd660a8?, 0x1c2fa80?}, {0xfcae20?, 0xc000988af0?})
	google.golang.org/grpc@v1.72.0/rpc_util.go:691 +0x4a fp=0xc0004b5640 sp=0xc0004b55c0 pc=0xa56cca
google.golang.org/grpc.prepareMsg({0xfcae20?, 0xc000988af0?}, {0x252efd660a8?, 0x1c2fa80?}, {0x0, 0x0}, {0x0, 0x0}, {0x13caca0, 0xc0002d0f00})
	google.golang.org/grpc@v1.72.0/stream.go:1814 +0xe5 fp=0xc0004b56d8 sp=0xc0004b5640 pc=0xa71e85
google.golang.org/grpc.(*serverStream).SendMsg(0xc0006681c0, {0xfcae20, 0xc000988af0})
	google.golang.org/grpc@v1.72.0/stream.go:1679 +0x19d fp=0xc0004b5960 sp=0xc0004b56d8 pc=0xa704fd
go.ngrok.com/lib/pb_agent.(*webStateServer).Send(0xc00069fa18?, 0xc00069f9c0?)
	go.ngrok.com/lib/pb_agent/web.pb.go:2534 +0x25 fp=0xc0004b5988 sp=0xc0004b5960 pc=0xa7c505
go.ngrok.com/cmd/ngrok/web.(*webService).State(0xc000119b80, 0xfffd40?, {0x13d43e0, 0xc00078c320})
	go.ngrok.com/cmd/ngrok/web/grpc.go:210 +0x16d fp=0xc0004b5a58 sp=0xc0004b5988 pc=0xca774d
go.ngrok.com/lib/pb_agent._Web_State_Handler({0xfffd40, 0xc000119b80}, {0x13d3320, 0xc0006681c0})
	go.ngrok.com/lib/pb_agent/web.pb.go:2521 +0x110 fp=0xc0004b5a98 sp=0xc0004b5a58 pc=0xa7c490
google.golang.org/grpc.(*Server).processStreamingRPC(0xc00013d400, {0x13ce5e0, 0xc000680390}, 0xc000188660, 0xc000590690, 0x1bba6e0, 0x0)
	google.golang.org/grpc@v1.72.0/server.go:1695 +0x1252 fp=0xc0004b5d98 sp=0xc0004b5a98 pc=0xa62c72
google.golang.org/grpc.(*Server).handleStream(0xc00013d400, {0x13cef80, 0xc0006680e0}, 0xc000188660)
	google.golang.org/grpc@v1.72.0/server.go:1819 +0xb47 fp=0xc0004b5f78 sp=0xc0004b5d98 pc=0xa64547
google.golang.org/grpc.(*Server).serveStreams.func2.1()
	google.golang.org/grpc@v1.72.0/server.go:1035 +0x7f fp=0xc0004b5fe0 sp=0xc0004b5f78 pc=0xa5cd3f
runtime.goexit({})
	runtime/asm_amd64.s:1700 +0x1 fp=0xc0004b5fe8 sp=0xc0004b5fe0 pc=0x431d81
created by google.golang.org/grpc.(*Server).serveStreams.func2 in goroutine 3449
	google.golang.org/grpc@v1.72.0/server.go:1046 +0x11d

goroutine 6321 gp=0xc0002ec540 m=nil [IO wait]:
runtime.gopark(0x0?, 0xc0007f27a0?, 0x48?, 0x28?, 0xc0007f284c?)
	runtime/proc.go:435 +0xce fp=0xc0004518c8 sp=0xc0004518a8 pc=0x429ace
runtime.netpollblock(0x310?, 0x3bffc6?, 0x0?)
	runtime/netpoll.go:575 +0xf7 fp=0xc000451900 sp=0xc0004518c8 pc=0x3ed377
internal/poll.runtime_pollWait(0x252efd76730, 0x72)
	runtime/netpoll.go:351 +0x85 fp=0xc000451920 sp=0xc000451900 pc=0x428c65
internal/poll.(*pollDesc).wait(0x0?, 0xc000993970?, 0x0)
	internal/poll/fd_poll_runtime.go:84 +0x27 fp=0xc000451948 sp=0xc000451920 pc=0x4b5fa7
internal/poll.execIO(0xc0007f27a0, 0x12a9038)
	internal/poll/fd_windows.go:177 +0x105 fp=0xc0004519c0 sp=0xc000451948 pc=0x4b7405
internal/poll.(*FD).Read(0xc0007f2788, {0xc00097e000, 0x1000, 0x1000})
	internal/poll/fd_windows.go:438 +0x29b fp=0xc000451a60 sp=0xc0004519c0 pc=0x4b80db
net.(*netFD).Read(0xc0007f2788, {0xc00097e000?, 0xc000993ad0?, 0x4b6465?})
	net/fd_posix.go:55 +0x25 fp=0xc000451aa8 sp=0xc000451a60 pc=0x52bb25
net.(*conn).Read(0xc000116f80, {0xc00097e000?, 0x0?, 0x0?})
	net/net.go:194 +0x45 fp=0xc000451af0 sp=0xc000451aa8 pc=0x541525
net/http.(*connReader).Read(0xc0008b3680, {0xc00097e000, 0x1000, 0x1000})
	net/http/server.go:798 +0x159 fp=0xc000451b40 sp=0xc000451af0 pc=0x732279
bufio.(*Reader).fill(0xc000776ba0)
	bufio/bufio.go:113 +0x103 fp=0xc000451b78 sp=0xc000451b40 pc=0x559183
bufio.(*Reader).Peek(0xc000776ba0, 0x4)
	bufio/bufio.go:152 +0x53 fp=0xc000451b98 sp=0xc000451b78 pc=0x5592b3
net/http.(*conn).serve(0xc0007da630, {0x13ce5e0, 0xc000590a80})
	net/http/server.go:2137 +0x785 fp=0xc000451fb8 sp=0xc000451b98 pc=0x738065
net/http.(*Server).Serve.gowrap3()
	net/http/server.go:3454 +0x28 fp=0xc000451fe0 sp=0xc000451fb8 pc=0x73d7e8
runtime.goexit({})
	runtime/asm_amd64.s:1700 +0x1 fp=0xc000451fe8 sp=0xc000451fe0 pc=0x431d81
created by net/http.(*Server).Serve in goroutine 39
	net/http/server.go:3454 +0x485

goroutine 6292 gp=0xc0002ec700 m=nil [IO wait]:
runtime.gopark(0x0?, 0xc0006f4a20?, 0xc8?, 0x4a?, 0xc0006f4acc?)
	runtime/proc.go:435 +0xce fp=0xc0008618c8 sp=0xc0008618a8 pc=0x429ace
runtime.netpollblock(0x6b4?, 0x3bffc6?, 0x0?)
	runtime/netpoll.go:575 +0xf7 fp=0xc000861900 sp=0xc0008618c8 pc=0x3ed377
internal/poll.runtime_pollWait(0x252f13a23c8, 0x72)
	runtime/netpoll.go:351 +0x85 fp=0xc000861920 sp=0xc000861900 pc=0x428c65
internal/poll.(*pollDesc).wait(0x0?, 0xc000889970?, 0x0)
	internal/poll/fd_poll_runtime.go:84 +0x27 fp=0xc000861948 sp=0xc000861920 pc=0x4b5fa7
internal/poll.execIO(0xc0006f4a20, 0x12a9038)
	internal/poll/fd_windows.go:177 +0x105 fp=0xc0008619c0 sp=0xc000861948 pc=0x4b7405
internal/poll.(*FD).Read(0xc0006f4a08, {0xc000786000, 0x1000, 0x1000})
	internal/poll/fd_windows.go:438 +0x29b fp=0xc000861a60 sp=0xc0008619c0 pc=0x4b80db
net.(*netFD).Read(0xc0006f4a08, {0xc000786000?, 0xc000889ad0?, 0x4b6465?})
	net/fd_posix.go:55 +0x25 fp=0xc000861aa8 sp=0xc000861a60 pc=0x52bb25
net.(*conn).Read(0xc000910440, {0xc000786000?, 0x0?, 0x0?})
	net/net.go:194 +0x45 fp=0xc000861af0 sp=0xc000861aa8 pc=0x541525
net/http.(*connReader).Read(0xc000683b60, {0xc000786000, 0x1000, 0x1000})
	net/http/server.go:798 +0x159 fp=0xc000861b40 sp=0xc000861af0 pc=0x732279
bufio.(*Reader).fill(0xc000731da0)
	bufio/bufio.go:113 +0x103 fp=0xc000861b78 sp=0xc000861b40 pc=0x559183
bufio.(*Reader).Peek(0xc000731da0, 0x4)
	bufio/bufio.go:152 +0x53 fp=0xc000861b98 sp=0xc000861b78 pc=0x5592b3
net/http.(*conn).serve(0xc00027f3b0, {0x13ce5e0, 0xc000590a80})
	net/http/server.go:2137 +0x785 fp=0xc000861fb8 sp=0xc000861b98 pc=0x738065
net/http.(*Server).Serve.gowrap3()
	net/http/server.go:3454 +0x28 fp=0xc000861fe0 sp=0xc000861fb8 pc=0x73d7e8
runtime.goexit({})
	runtime/asm_amd64.s:1700 +0x1 fp=0xc000861fe8 sp=0xc000861fe0 pc=0x431d81
created by net/http.(*Server).Serve in goroutine 39
	net/http/server.go:3454 +0x485

goroutine 6360 gp=0xc000507a40 m=nil [IO wait]:
runtime.gopark(0x0?, 0xc0007f31a0?, 0x48?, 0x32?, 0xc0007f324c?)
	runtime/proc.go:435 +0xce fp=0xc00082f8c8 sp=0xc00082f8a8 pc=0x429ace
runtime.netpollblock(0x76c?, 0x3bffc6?, 0x0?)
	runtime/netpoll.go:575 +0xf7 fp=0xc00082f900 sp=0xc00082f8c8 pc=0x3ed377
internal/poll.runtime_pollWait(0x252f1a29098, 0x72)
	runtime/netpoll.go:351 +0x85 fp=0xc00082f920 sp=0xc00082f900 pc=0x428c65
internal/poll.(*pollDesc).wait(0xc000066f08?, 0xc00082f970?, 0x0)
	internal/poll/fd_poll_runtime.go:84 +0x27 fp=0xc00082f948 sp=0xc00082f920 pc=0x4b5fa7
internal/poll.execIO(0xc0007f31a0, 0x12a9038)
	internal/poll/fd_windows.go:177 +0x105 fp=0xc00082f9c0 sp=0xc00082f948 pc=0x4b7405
internal/poll.(*FD).Read(0xc0007f3188, {0xc000a8a000, 0x1000, 0x1000})
	internal/poll/fd_windows.go:438 +0x29b fp=0xc00082fa60 sp=0xc00082f9c0 pc=0x4b80db
net.(*netFD).Read(0xc0007f3188, {0xc000a8a000?, 0xc00082fad0?, 0x4b6465?})
	net/fd_posix.go:55 +0x25 fp=0xc00082faa8 sp=0xc00082fa60 pc=0x52bb25
net.(*conn).Read(0xc000117030, {0xc000a8a000?, 0x0?, 0x0?})
	net/net.go:194 +0x45 fp=0xc00082faf0 sp=0xc00082faa8 pc=0x541525
net/http.(*connReader).Read(0xc000a82030, {0xc000a8a000, 0x1000, 0x1000})
	net/http/server.go:798 +0x159 fp=0xc00082fb40 sp=0xc00082faf0 pc=0x732279
bufio.(*Reader).fill(0xc000a88000)
	bufio/bufio.go:113 +0x103 fp=0xc00082fb78 sp=0xc00082fb40 pc=0x559183
bufio.(*Reader).Peek(0xc000a88000, 0x4)
	bufio/bufio.go:152 +0x53 fp=0xc00082fb98 sp=0xc00082fb78 pc=0x5592b3
net/http.(*conn).serve(0xc0007daa20, {0x13ce5e0, 0xc000590a80})
	net/http/server.go:2137 +0x785 fp=0xc00082ffb8 sp=0xc00082fb98 pc=0x738065
net/http.(*Server).Serve.gowrap3()
	net/http/server.go:3454 +0x28 fp=0xc00082ffe0 sp=0xc00082ffb8 pc=0x73d7e8
runtime.goexit({})
	runtime/asm_amd64.s:1700 +0x1 fp=0xc00082ffe8 sp=0xc00082ffe0 pc=0x431d81
created by net/http.(*Server).Serve in goroutine 39
	net/http/server.go:3454 +0x485

goroutine 3430 gp=0xc0002ed340 m=nil [select, 5 minutes]:
runtime.gopark(0xc00050dfa0?, 0x3?, 0x58?, 0xde?, 0xc00050df7a?)
	runtime/proc.go:435 +0xce fp=0xc00050de08 sp=0xc00050dde8 pc=0x429ace
runtime.selectgo(0xc00050dfa0, 0xc00050df74, 0xc00050df70?, 0x0, 0xc000647450?, 0x1)
	runtime/select.go:351 +0x837 fp=0xc00050df40 sp=0xc00050de08 pc=0x408c77
google.golang.org/grpc/internal/transport.(*serverHandlerTransport).HandleStreams.func1()
	google.golang.org/grpc@v1.72.0/internal/transport/handler_server.go:400 +0xbd fp=0xc00050dfe0 sp=0xc00050df40 pc=0x9f677d
runtime.goexit({})
	runtime/asm_amd64.s:1700 +0x1 fp=0xc00050dfe8 sp=0xc00050dfe0 pc=0x431d81
created by google.golang.org/grpc/internal/transport.(*serverHandlerTransport).HandleStreams in goroutine 3449
	google.golang.org/grpc@v1.72.0/internal/transport/handler_server.go:399 +0xf9

goroutine 6345 gp=0xc0002ed6c0 m=nil [IO wait]:
runtime.gopark(0x0?, 0xc000652020?, 0xc8?, 0x20?, 0xc0006520cc?)
	runtime/proc.go:435 +0xce fp=0xc000c078c8 sp=0xc000c078a8 pc=0x429ace
runtime.netpollblock(0x778?, 0x3bffc6?, 0x0?)
	runtime/netpoll.go:575 +0xf7 fp=0xc000c07900 sp=0xc000c078c8 pc=0x3ed377
internal/poll.runtime_pollWait(0x252f1a294f8, 0x72)
	runtime/netpoll.go:351 +0x85 fp=0xc000c07920 sp=0xc000c07900 pc=0x428c65
internal/poll.(*pollDesc).wait(0x0?, 0xc000a17970?, 0x0)
	internal/poll/fd_poll_runtime.go:84 +0x27 fp=0xc000c07948 sp=0xc000c07920 pc=0x4b5fa7
internal/poll.execIO(0xc000652020, 0x12a9038)
	internal/poll/fd_windows.go:177 +0x105 fp=0xc000c079c0 sp=0xc000c07948 pc=0x4b7405
internal/poll.(*FD).Read(0xc000652008, {0xc0009b6000, 0x1000, 0x1000})
	internal/poll/fd_windows.go:438 +0x29b fp=0xc000c07a60 sp=0xc000c079c0 pc=0x4b80db
net.(*netFD).Read(0xc000652008, {0xc0009b6000?, 0xc000a17ad0?, 0x4b6465?})
	net/fd_posix.go:55 +0x25 fp=0xc000c07aa8 sp=0xc000c07a60 pc=0x52bb25
net.(*conn).Read(0xc000684e18, {0xc0009b6000?, 0x0?, 0x0?})
	net/net.go:194 +0x45 fp=0xc000c07af0 sp=0xc000c07aa8 pc=0x541525
net/http.(*connReader).Read(0xc0009ac4e0, {0xc0009b6000, 0x1000, 0x1000})
	net/http/server.go:798 +0x159 fp=0xc000c07b40 sp=0xc000c07af0 pc=0x732279
bufio.(*Reader).fill(0xc0007771a0)
	bufio/bufio.go:113 +0x103 fp=0xc000c07b78 sp=0xc000c07b40 pc=0x559183
bufio.(*Reader).Peek(0xc0007771a0, 0x4)
	bufio/bufio.go:152 +0x53 fp=0xc000c07b98 sp=0xc000c07b78 pc=0x5592b3
net/http.(*conn).serve(0xc00046f8c0, {0x13ce5e0, 0xc000590a80})
	net/http/server.go:2137 +0x785 fp=0xc000c07fb8 sp=0xc000c07b98 pc=0x738065
net/http.(*Server).Serve.gowrap3()
	net/http/server.go:3454 +0x28 fp=0xc000c07fe0 sp=0xc000c07fb8 pc=0x73d7e8
runtime.goexit({})
	runtime/asm_amd64.s:1700 +0x1 fp=0xc000c07fe8 sp=0xc000c07fe0 pc=0x431d81
created by net/http.(*Server).Serve in goroutine 39
	net/http/server.go:3454 +0x485

goroutine 6280 gp=0xc0002ed880 m=nil [IO wait]:
runtime.gopark(0x0?, 0xc0006d2ca0?, 0x48?, 0x2d?, 0xc0006d2d4c?)
	runtime/proc.go:435 +0xce fp=0xc000ac18c8 sp=0xc000ac18a8 pc=0x429ace
runtime.netpollblock(0x728?, 0x3bffc6?, 0x0?)
	runtime/netpoll.go:575 +0xf7 fp=0xc000ac1900 sp=0xc000ac18c8 pc=0x3ed377
internal/poll.runtime_pollWait(0x252f138d4a8, 0x72)
	runtime/netpoll.go:351 +0x85 fp=0xc000ac1920 sp=0xc000ac1900 pc=0x428c65
internal/poll.(*pollDesc).wait(0x0?, 0xc000819970?, 0x0)
	internal/poll/fd_poll_runtime.go:84 +0x27 fp=0xc000ac1948 sp=0xc000ac1920 pc=0x4b5fa7
internal/poll.execIO(0xc0006d2ca0, 0x12a9038)
	internal/poll/fd_windows.go:177 +0x105 fp=0xc000ac19c0 sp=0xc000ac1948 pc=0x4b7405
internal/poll.(*FD).Read(0xc0006d2c88, {0xc00080e000, 0x1000, 0x1000})
	internal/poll/fd_windows.go:438 +0x29b fp=0xc000ac1a60 sp=0xc000ac19c0 pc=0x4b80db
net.(*netFD).Read(0xc0006d2c88, {0xc00080e000?, 0xc000819ad0?, 0x4b6465?})
	net/fd_posix.go:55 +0x25 fp=0xc000ac1aa8 sp=0xc000ac1a60 pc=0x52bb25
net.(*conn).Read(0xc00007d1f8, {0xc00080e000?, 0x0?, 0x0?})
	net/net.go:194 +0x45 fp=0xc000ac1af0 sp=0xc000ac1aa8 pc=0x541525
net/http.(*connReader).Read(0xc0006cea50, {0xc00080e000, 0x1000, 0x1000})
	net/http/server.go:798 +0x159 fp=0xc000ac1b40 sp=0xc000ac1af0 pc=0x732279
bufio.(*Reader).fill(0xc000541800)
	bufio/bufio.go:113 +0x103 fp=0xc000ac1b78 sp=0xc000ac1b40 pc=0x559183
bufio.(*Reader).Peek(0xc000541800, 0x4)
	bufio/bufio.go:152 +0x53 fp=0xc000ac1b98 sp=0xc000ac1b78 pc=0x5592b3
net/http.(*conn).serve(0xc0006a0b40, {0x13ce5e0, 0xc000590a80})
	net/http/server.go:2137 +0x785 fp=0xc000ac1fb8 sp=0xc000ac1b98 pc=0x738065
net/http.(*Server).Serve.gowrap3()
	net/http/server.go:3454 +0x28 fp=0xc000ac1fe0 sp=0xc000ac1fb8 pc=0x73d7e8
runtime.goexit({})
	runtime/asm_amd64.s:1700 +0x1 fp=0xc000ac1fe8 sp=0xc000ac1fe0 pc=0x431d81
created by net/http.(*Server).Serve in goroutine 39
	net/http/server.go:3454 +0x485

goroutine 6324 gp=0xc000507dc0 m=nil [IO wait]:
runtime.gopark(0x0?, 0xc00077a520?, 0xc8?, 0xa5?, 0xc00077a5cc?)
	runtime/proc.go:435 +0xce fp=0xc00086d8c8 sp=0xc00086d8a8 pc=0x429ace
runtime.netpollblock(0x774?, 0x3bffc6?, 0x0?)
	runtime/netpoll.go:575 +0xf7 fp=0xc00086d900 sp=0xc00086d8c8 pc=0x3ed377
internal/poll.runtime_pollWait(0x252efd76ed8, 0x72)
	runtime/netpoll.go:351 +0x85 fp=0xc00086d920 sp=0xc00086d900 pc=0x428c65
internal/poll.(*pollDesc).wait(0x0?, 0xc000931970?, 0x0)
	internal/poll/fd_poll_runtime.go:84 +0x27 fp=0xc00086d948 sp=0xc00086d920 pc=0x4b5fa7
internal/poll.execIO(0xc00077a520, 0x12a9038)
	internal/poll/fd_windows.go:177 +0x105 fp=0xc00086d9c0 sp=0xc00086d948 pc=0x4b7405
internal/poll.(*FD).Read(0xc00077a508, {0xc000716000, 0x1000, 0x1000})
	internal/poll/fd_windows.go:438 +0x29b fp=0xc00086da60 sp=0xc00086d9c0 pc=0x4b80db
net.(*netFD).Read(0xc00077a508, {0xc000716000?, 0xc000931ad0?, 0x4b6465?})
	net/fd_posix.go:55 +0x25 fp=0xc00086daa8 sp=0xc00086da60 pc=0x52bb25
net.(*conn).Read(0xc0009105d0, {0xc000716000?, 0x0?, 0x0?})
	net/net.go:194 +0x45 fp=0xc00086daf0 sp=0xc00086daa8 pc=0x541525
net/http.(*connReader).Read(0xc0008b22a0, {0xc000716000, 0x1000, 0x1000})
	net/http/server.go:798 +0x159 fp=0xc00086db40 sp=0xc00086daf0 pc=0x732279
bufio.(*Reader).fill(0xc0006974a0)
	bufio/bufio.go:113 +0x103 fp=0xc00086db78 sp=0xc00086db40 pc=0x559183
bufio.(*Reader).Peek(0xc0006974a0, 0x4)
	bufio/bufio.go:152 +0x53 fp=0xc00086db98 sp=0xc00086db78 pc=0x5592b3
net/http.(*conn).serve(0xc00027fcb0, {0x13ce5e0, 0xc000590a80})
	net/http/server.go:2137 +0x785 fp=0xc00086dfb8 sp=0xc00086db98 pc=0x738065
net/http.(*Server).Serve.gowrap3()
	net/http/server.go:3454 +0x28 fp=0xc00086dfe0 sp=0xc00086dfb8 pc=0x73d7e8
runtime.goexit({})
	runtime/asm_amd64.s:1700 +0x1 fp=0xc00086dfe8 sp=0xc00086dfe0 pc=0x431d81
created by net/http.(*Server).Serve in goroutine 39
	net/http/server.go:3454 +0x485

goroutine 6284 gp=0xc000265180 m=nil [IO wait]:
runtime.gopark(0x0?, 0xc0006d31a0?, 0x48?, 0x32?, 0xc0006d324c?)
	runtime/proc.go:435 +0xce fp=0xc00044d8c8 sp=0xc00044d8a8 pc=0x429ace
runtime.netpollblock(0x6f0?, 0x3bffc6?, 0x0?)
	runtime/netpoll.go:575 +0xf7 fp=0xc00044d900 sp=0xc00044d8c8 pc=0x3ed377
internal/poll.runtime_pollWait(0x252f13a1d38, 0x72)
	runtime/netpoll.go:351 +0x85 fp=0xc00044d920 sp=0xc00044d900 pc=0x428c65
internal/poll.(*pollDesc).wait(0x0?, 0xc0008ab970?, 0x0)
	internal/poll/fd_poll_runtime.go:84 +0x27 fp=0xc00044d948 sp=0xc00044d920 pc=0x4b5fa7
internal/poll.execIO(0xc0006d31a0, 0x12a9038)
	internal/poll/fd_windows.go:177 +0x105 fp=0xc00044d9c0 sp=0xc00044d948 pc=0x4b7405
internal/poll.(*FD).Read(0xc0006d3188, {0xc000748000, 0x1000, 0x1000})
	internal/poll/fd_windows.go:438 +0x29b fp=0xc00044da60 sp=0xc00044d9c0 pc=0x4b80db
net.(*netFD).Read(0xc0006d3188, {0xc000748000?, 0xc0008abad0?, 0x4b6465?})
	net/fd_posix.go:55 +0x25 fp=0xc00044daa8 sp=0xc00044da60 pc=0x52bb25
net.(*conn).Read(0xc00007d288, {0xc000748000?, 0x0?, 0x0?})
	net/net.go:194 +0x45 fp=0xc00044daf0 sp=0xc00044daa8 pc=0x541525
net/http.(*connReader).Read(0xc000715140, {0xc000748000, 0x1000, 0x1000})
	net/http/server.go:798 +0x159 fp=0xc00044db40 sp=0xc00044daf0 pc=0x732279
bufio.(*Reader).fill(0xc000697aa0)
	bufio/bufio.go:113 +0x103 fp=0xc00044db78 sp=0xc00044db40 pc=0x559183
bufio.(*Reader).Peek(0xc000697aa0, 0x4)
	bufio/bufio.go:152 +0x53 fp=0xc00044db98 sp=0xc00044db78 pc=0x5592b3
net/http.(*conn).serve(0xc0006a0d80, {0x13ce5e0, 0xc000590a80})
	net/http/server.go:2137 +0x785 fp=0xc00044dfb8 sp=0xc00044db98 pc=0x738065
net/http.(*Server).Serve.gowrap3()
	net/http/server.go:3454 +0x28 fp=0xc00044dfe0 sp=0xc00044dfb8 pc=0x73d7e8
runtime.goexit({})
	runtime/asm_amd64.s:1700 +0x1 fp=0xc00044dfe8 sp=0xc00044dfe0 pc=0x431d81
created by net/http.(*Server).Serve in goroutine 39
	net/http/server.go:3454 +0x485

goroutine 6356 gp=0xc0005b8000 m=nil [IO wait]:
runtime.gopark(0x0?, 0xc0007f2ca0?, 0x48?, 0x2d?, 0xc0007f2d4c?)
	runtime/proc.go:435 +0xce fp=0xc000b0f8c8 sp=0xc000b0f8a8 pc=0x429ace
runtime.netpollblock(0x3b0?, 0x3bffc6?, 0x0?)
	runtime/netpoll.go:575 +0xf7 fp=0xc000b0f900 sp=0xc000b0f8c8 pc=0x3ed377
internal/poll.runtime_pollWait(0x252f138dc50, 0x72)
	runtime/netpoll.go:351 +0x85 fp=0xc000b0f920 sp=0xc000b0f900 pc=0x428c65
internal/poll.(*pollDesc).wait(0x0?, 0xc0009b5970?, 0x0)
	internal/poll/fd_poll_runtime.go:84 +0x27 fp=0xc000b0f948 sp=0xc000b0f920 pc=0x4b5fa7
internal/poll.execIO(0xc0007f2ca0, 0x12a9038)
	internal/poll/fd_windows.go:177 +0x105 fp=0xc000b0f9c0 sp=0xc000b0f948 pc=0x4b7405
internal/poll.(*FD).Read(0xc0007f2c88, {0xc0009a8000, 0x1000, 0x1000})
	internal/poll/fd_windows.go:438 +0x29b fp=0xc000b0fa60 sp=0xc000b0f9c0 pc=0x4b80db
net.(*netFD).Read(0xc0007f2c88, {0xc0009a8000?, 0xc0009b5ad0?, 0x4b6465?})
	net/fd_posix.go:55 +0x25 fp=0xc000b0faa8 sp=0xc000b0fa60 pc=0x52bb25
net.(*conn).Read(0xc000116fc0, {0xc0009a8000?, 0x0?, 0x0?})
	net/net.go:194 +0x45 fp=0xc000b0faf0 sp=0xc000b0faa8 pc=0x541525
net/http.(*connReader).Read(0xc0008b3e00, {0xc0009a8000, 0x1000, 0x1000})
	net/http/server.go:798 +0x159 fp=0xc000b0fb40 sp=0xc000b0faf0 pc=0x732279
bufio.(*Reader).fill(0xc000776fc0)
	bufio/bufio.go:113 +0x103 fp=0xc000b0fb78 sp=0xc000b0fb40 pc=0x559183
bufio.(*Reader).Peek(0xc000776fc0, 0x4)
	bufio/bufio.go:152 +0x53 fp=0xc000b0fb98 sp=0xc000b0fb78 pc=0x5592b3
net/http.(*conn).serve(0xc0007da7e0, {0x13ce5e0, 0xc000590a80})
	net/http/server.go:2137 +0x785 fp=0xc000b0ffb8 sp=0xc000b0fb98 pc=0x738065
net/http.(*Server).Serve.gowrap3()
	net/http/server.go:3454 +0x28 fp=0xc000b0ffe0 sp=0xc000b0ffb8 pc=0x73d7e8
runtime.goexit({})
	runtime/asm_amd64.s:1700 +0x1 fp=0xc000b0ffe8 sp=0xc000b0ffe0 pc=0x431d81
created by net/http.(*Server).Serve in goroutine 39
	net/http/server.go:3454 +0x485

goroutine 6341 gp=0xc0002eddc0 m=nil [IO wait]:
runtime.gopark(0x0?, 0xc00057d6a0?, 0x48?, 0xd7?, 0xc00057d74c?)
	runtime/proc.go:435 +0xce fp=0xc000d038c8 sp=0xc000d038a8 pc=0x429ace
runtime.netpollblock(0x6a8?, 0x3bffc6?, 0x0?)
	runtime/netpoll.go:575 +0xf7 fp=0xc000d03900 sp=0xc000d038c8 pc=0x3ed377
internal/poll.runtime_pollWait(0x252f13a18d8, 0x72)
	runtime/netpoll.go:351 +0x85 fp=0xc000d03920 sp=0xc000d03900 pc=0x428c65
internal/poll.(*pollDesc).wait(0x0?, 0xc0008c5970?, 0x0)
	internal/poll/fd_poll_runtime.go:84 +0x27 fp=0xc000d03948 sp=0xc000d03920 pc=0x4b5fa7
internal/poll.execIO(0xc00057d6a0, 0x12a9038)
	internal/poll/fd_windows.go:177 +0x105 fp=0xc000d039c0 sp=0xc000d03948 pc=0x4b7405
internal/poll.(*FD).Read(0xc00057d688, {0xc000840000, 0x1000, 0x1000})
	internal/poll/fd_windows.go:438 +0x29b fp=0xc000d03a60 sp=0xc000d039c0 pc=0x4b80db
net.(*netFD).Read(0xc00057d688, {0xc000840000?, 0xc0008c5ad0?, 0x4b6465?})
	net/fd_posix.go:55 +0x25 fp=0xc000d03aa8 sp=0xc000d03a60 pc=0x52bb25
net.(*conn).Read(0xc000684dd0, {0xc000840000?, 0x0?, 0x0?})
	net/net.go:194 +0x45 fp=0xc000d03af0 sp=0xc000d03aa8 pc=0x541525
net/http.(*connReader).Read(0xc000797740, {0xc000840000, 0x1000, 0x1000})
	net/http/server.go:798 +0x159 fp=0xc000d03b40 sp=0xc000d03af0 pc=0x732279
bufio.(*Reader).fill(0xc0005ba0c0)
	bufio/bufio.go:113 +0x103 fp=0xc000d03b78 sp=0xc000d03b40 pc=0x559183
bufio.(*Reader).Peek(0xc0005ba0c0, 0x4)
	bufio/bufio.go:152 +0x53 fp=0xc000d03b98 sp=0xc000d03b78 pc=0x5592b3
net/http.(*conn).serve(0xc00046f680, {0x13ce5e0, 0xc000590a80})
	net/http/server.go:2137 +0x785 fp=0xc000d03fb8 sp=0xc000d03b98 pc=0x738065
net/http.(*Server).Serve.gowrap3()
	net/http/server.go:3454 +0x28 fp=0xc000d03fe0 sp=0xc000d03fb8 pc=0x73d7e8
runtime.goexit({})
	runtime/asm_amd64.s:1700 +0x1 fp=0xc000d03fe8 sp=0xc000d03fe0 pc=0x431d81
created by net/http.(*Server).Serve in goroutine 39
	net/http/server.go:3454 +0x485

goroutine 6209 gp=0xc0005b8e00 m=nil [IO wait]:
runtime.gopark(0x0?, 0xc00057d1a0?, 0x48?, 0xd2?, 0xc00057d24c?)
	runtime/proc.go:435 +0xce fp=0xc000ac98c8 sp=0xc000ac98a8 pc=0x429ace
runtime.netpollblock(0x69c?, 0x3bffc6?, 0x0?)
	runtime/netpoll.go:575 +0xf7 fp=0xc000ac9900 sp=0xc000ac98c8 pc=0x3ed377
internal/poll.runtime_pollWait(0x252f13a17c0, 0x72)
	runtime/netpoll.go:351 +0x85 fp=0xc000ac9920 sp=0xc000ac9900 pc=0x428c65
internal/poll.(*pollDesc).wait(0x0?, 0xc00083d970?, 0x0)
	internal/poll/fd_poll_runtime.go:84 +0x27 fp=0xc000ac9948 sp=0xc000ac9920 pc=0x4b5fa7
internal/poll.execIO(0xc00057d1a0, 0x12a9038)
	internal/poll/fd_windows.go:177 +0x105 fp=0xc000ac99c0 sp=0xc000ac9948 pc=0x4b7405
internal/poll.(*FD).Read(0xc00057d188, {0xc000830000, 0x1000, 0x1000})
	internal/poll/fd_windows.go:438 +0x29b fp=0xc000ac9a60 sp=0xc000ac99c0 pc=0x4b80db
net.(*netFD).Read(0xc00057d188, {0xc000830000?, 0xc00083dad0?, 0x4b6465?})
	net/fd_posix.go:55 +0x25 fp=0xc000ac9aa8 sp=0xc000ac9a60 pc=0x52bb25
net.(*conn).Read(0xc000684d60, {0xc000830000?, 0x0?, 0x0?})
	net/net.go:194 +0x45 fp=0xc000ac9af0 sp=0xc000ac9aa8 pc=0x541525
net/http.(*connReader).Read(0xc0006813b0, {0xc000830000, 0x1000, 0x1000})
	net/http/server.go:798 +0x159 fp=0xc000ac9b40 sp=0xc000ac9af0 pc=0x732279
bufio.(*Reader).fill(0xc000541da0)
	bufio/bufio.go:113 +0x103 fp=0xc000ac9b78 sp=0xc000ac9b40 pc=0x559183
bufio.(*Reader).Peek(0xc000541da0, 0x4)
	bufio/bufio.go:152 +0x53 fp=0xc000ac9b98 sp=0xc000ac9b78 pc=0x5592b3
net/http.(*conn).serve(0xc00046f440, {0x13ce5e0, 0xc000590a80})
	net/http/server.go:2137 +0x785 fp=0xc000ac9fb8 sp=0xc000ac9b98 pc=0x738065
net/http.(*Server).Serve.gowrap3()
	net/http/server.go:3454 +0x28 fp=0xc000ac9fe0 sp=0xc000ac9fb8 pc=0x73d7e8
runtime.goexit({})
	runtime/asm_amd64.s:1700 +0x1 fp=0xc000ac9fe8 sp=0xc000ac9fe0 pc=0x431d81
created by net/http.(*Server).Serve in goroutine 39
	net/http/server.go:3454 +0x485

goroutine 6323 gp=0xc0005b8fc0 m=nil [IO wait]:
runtime.gopark(0x0?, 0xc00077a2a0?, 0x48?, 0xa3?, 0xc00077a34c?)
	runtime/proc.go:435 +0xce fp=0xc0000578c8 sp=0xc0000578a8 pc=0x429ace
runtime.netpollblock(0x7e4?, 0x3bffc6?, 0x0?)
	runtime/netpoll.go:575 +0xf7 fp=0xc000057900 sp=0xc0000578c8 pc=0x3ed377
internal/poll.runtime_pollWait(0x252f138d908, 0x72)
	runtime/netpoll.go:351 +0x85 fp=0xc000057920 sp=0xc000057900 pc=0x428c65
internal/poll.(*pollDesc).wait(0x0?, 0xc000747970?, 0x0)
	internal/poll/fd_poll_runtime.go:84 +0x27 fp=0xc000057948 sp=0xc000057920 pc=0x4b5fa7
internal/poll.execIO(0xc00077a2a0, 0x12a9038)
	internal/poll/fd_windows.go:177 +0x105 fp=0xc0000579c0 sp=0xc000057948 pc=0x4b7405
internal/poll.(*FD).Read(0xc00077a288, {0xc000700000, 0x1000, 0x1000})
	internal/poll/fd_windows.go:438 +0x29b fp=0xc000057a60 sp=0xc0000579c0 pc=0x4b80db
net.(*netFD).Read(0xc00077a288, {0xc000700000?, 0xc000747ad0?, 0x4b6465?})
	net/fd_posix.go:55 +0x25 fp=0xc000057aa8 sp=0xc000057a60 pc=0x52bb25
net.(*conn).Read(0xc0009105c8, {0xc000700000?, 0x0?, 0x0?})
	net/net.go:194 +0x45 fp=0xc000057af0 sp=0xc000057aa8 pc=0x541525
net/http.(*connReader).Read(0xc000680f90, {0xc000700000, 0x1000, 0x1000})
	net/http/server.go:798 +0x159 fp=0xc000057b40 sp=0xc000057af0 pc=0x732279
bufio.(*Reader).fill(0xc000696f00)
	bufio/bufio.go:113 +0x103 fp=0xc000057b78 sp=0xc000057b40 pc=0x559183
bufio.(*Reader).Peek(0xc000696f00, 0x4)
	bufio/bufio.go:152 +0x53 fp=0xc000057b98 sp=0xc000057b78 pc=0x5592b3
net/http.(*conn).serve(0xc00027fc20, {0x13ce5e0, 0xc000590a80})
	net/http/server.go:2137 +0x785 fp=0xc000057fb8 sp=0xc000057b98 pc=0x738065
net/http.(*Server).Serve.gowrap3()
	net/http/server.go:3454 +0x28 fp=0xc000057fe0 sp=0xc000057fb8 pc=0x73d7e8
runtime.goexit({})
	runtime/asm_amd64.s:1700 +0x1 fp=0xc000057fe8 sp=0xc000057fe0 pc=0x431d81
created by net/http.(*Server).Serve in goroutine 39
	net/http/server.go:3454 +0x485

goroutine 6204 gp=0xc0005b9340 m=nil [IO wait]:
runtime.gopark(0x0?, 0xc00057c7a0?, 0x48?, 0xc8?, 0xc00057c84c?)
	runtime/proc.go:435 +0xce fp=0xc000b0b8c8 sp=0xc000b0b8a8 pc=0x429ace
runtime.netpollblock(0x66c?, 0x3bffc6?, 0x0?)
	runtime/netpoll.go:575 +0xf7 fp=0xc000b0b900 sp=0xc000b0b8c8 pc=0x3ed377
internal/poll.runtime_pollWait(0x252efd77338, 0x72)
	runtime/netpoll.go:351 +0x85 fp=0xc000b0b920 sp=0xc000b0b900 pc=0x428c65
internal/poll.(*pollDesc).wait(0x0?, 0xc0008ed970?, 0x0)
	internal/poll/fd_poll_runtime.go:84 +0x27 fp=0xc000b0b948 sp=0xc000b0b920 pc=0x4b5fa7
internal/poll.execIO(0xc00057c7a0, 0x12a9038)
	internal/poll/fd_windows.go:177 +0x105 fp=0xc000b0b9c0 sp=0xc000b0b948 pc=0x4b7405
internal/poll.(*FD).Read(0xc00057c788, {0xc0007c4000, 0x1000, 0x1000})
	internal/poll/fd_windows.go:438 +0x29b fp=0xc000b0ba60 sp=0xc000b0b9c0 pc=0x4b80db
net.(*netFD).Read(0xc00057c788, {0xc0007c4000?, 0xc0008edad0?, 0x4b6465?})
	net/fd_posix.go:55 +0x25 fp=0xc000b0baa8 sp=0xc000b0ba60 pc=0x52bb25
net.(*conn).Read(0xc000684d10, {0xc0007c4000?, 0x0?, 0x0?})
	net/net.go:194 +0x45 fp=0xc000b0baf0 sp=0xc000b0baa8 pc=0x541525
net/http.(*connReader).Read(0xc000796540, {0xc0007c4000, 0x1000, 0x1000})
	net/http/server.go:798 +0x159 fp=0xc000b0bb40 sp=0xc000b0baf0 pc=0x732279
bufio.(*Reader).fill(0xc0005da420)
	bufio/bufio.go:113 +0x103 fp=0xc000b0bb78 sp=0xc000b0bb40 pc=0x559183
bufio.(*Reader).Peek(0xc0005da420, 0x4)
	bufio/bufio.go:152 +0x53 fp=0xc000b0bb98 sp=0xc000b0bb78 pc=0x5592b3
net/http.(*conn).serve(0xc00046f170, {0x13ce5e0, 0xc000590a80})
	net/http/server.go:2137 +0x785 fp=0xc000b0bfb8 sp=0xc000b0bb98 pc=0x738065
net/http.(*Server).Serve.gowrap3()
	net/http/server.go:3454 +0x28 fp=0xc000b0bfe0 sp=0xc000b0bfb8 pc=0x73d7e8
runtime.goexit({})
	runtime/asm_amd64.s:1700 +0x1 fp=0xc000b0bfe8 sp=0xc000b0bfe0 pc=0x431d81
created by net/http.(*Server).Serve in goroutine 39
	net/http/server.go:3454 +0x485

goroutine 6270 gp=0xc0005b96c0 m=nil [IO wait]:
runtime.gopark(0x0?, 0xc000628f20?, 0xc8?, 0x8f?, 0xc000628fcc?)
	runtime/proc.go:435 +0xce fp=0xc0008698c8 sp=0xc0008698a8 pc=0x429ace
runtime.netpollblock(0x6fc?, 0x3bffc6?, 0x0?)
	runtime/netpoll.go:575 +0xf7 fp=0xc000869900 sp=0xc0008698c8 pc=0x3ed377
internal/poll.runtime_pollWait(0x252f13a22b0, 0x72)
	runtime/netpoll.go:351 +0x85 fp=0xc000869920 sp=0xc000869900 pc=0x428c65
internal/poll.(*pollDesc).wait(0x0?, 0xc000821970?, 0x0)
	internal/poll/fd_poll_runtime.go:84 +0x27 fp=0xc000869948 sp=0xc000869920 pc=0x4b5fa7
internal/poll.execIO(0xc000628f20, 0x12a9038)
	internal/poll/fd_windows.go:177 +0x105 fp=0xc0008699c0 sp=0xc000869948 pc=0x4b7405
internal/poll.(*FD).Read(0xc000628f08, {0xc000790000, 0x1000, 0x1000})
	internal/poll/fd_windows.go:438 +0x29b fp=0xc000869a60 sp=0xc0008699c0 pc=0x4b80db
net.(*netFD).Read(0xc000628f08, {0xc000790000?, 0xc000821ad0?, 0x4b6465?})
	net/fd_posix.go:55 +0x25 fp=0xc000869aa8 sp=0xc000869a60 pc=0x52bb25
net.(*conn).Read(0xc000116d38, {0xc000790000?, 0x0?, 0x0?})
	net/net.go:194 +0x45 fp=0xc000869af0 sp=0xc000869aa8 pc=0x541525
net/http.(*connReader).Read(0xc000683e60, {0xc000790000, 0x1000, 0x1000})
	net/http/server.go:798 +0x159 fp=0xc000869b40 sp=0xc000869af0 pc=0x732279
bufio.(*Reader).fill(0xc000731f20)
	bufio/bufio.go:113 +0x103 fp=0xc000869b78 sp=0xc000869b40 pc=0x559183
bufio.(*Reader).Peek(0xc000731f20, 0x4)
	bufio/bufio.go:152 +0x53 fp=0xc000869b98 sp=0xc000869b78 pc=0x5592b3
net/http.(*conn).serve(0xc0006fdb00, {0x13ce5e0, 0xc000590a80})
	net/http/server.go:2137 +0x785 fp=0xc000869fb8 sp=0xc000869b98 pc=0x738065
net/http.(*Server).Serve.gowrap3()
	net/http/server.go:3454 +0x28 fp=0xc000869fe0 sp=0xc000869fb8 pc=0x73d7e8
runtime.goexit({})
	runtime/asm_amd64.s:1700 +0x1 fp=0xc000869fe8 sp=0xc000869fe0 pc=0x431d81
created by net/http.(*Server).Serve in goroutine 39
	net/http/server.go:3454 +0x485

goroutine 3433 gp=0xc00051a000 m=nil [IO wait, 5 minutes]:
runtime.gopark(0x0?, 0xc00063c520?, 0xc8?, 0xc5?, 0xc00063c5cc?)
	runtime/proc.go:435 +0xce fp=0xc0006add58 sp=0xc0006add38 pc=0x429ace
runtime.netpollblock(0x704?, 0x3bffc6?, 0x0?)
	runtime/netpoll.go:575 +0xf7 fp=0xc0006add90 sp=0xc0006add58 pc=0x3ed377
internal/poll.runtime_pollWait(0x252f138dd68, 0x72)
	runtime/netpoll.go:351 +0x85 fp=0xc0006addb0 sp=0xc0006add90 pc=0x428c65
internal/poll.(*pollDesc).wait(0x700?, 0x72?, 0x0)
	internal/poll/fd_poll_runtime.go:84 +0x27 fp=0xc0006addd8 sp=0xc0006addb0 pc=0x4b5fa7
internal/poll.execIO(0xc00063c520, 0x12a9038)
	internal/poll/fd_windows.go:177 +0x105 fp=0xc0006ade50 sp=0xc0006addd8 pc=0x4b7405
internal/poll.(*FD).Read(0xc00063c508, {0xc000678e21, 0x1, 0x1})
	internal/poll/fd_windows.go:438 +0x29b fp=0xc0006adef0 sp=0xc0006ade50 pc=0x4b80db
net.(*netFD).Read(0xc00063c508, {0xc000678e21?, 0xc000677e18?, 0xc0006adf70?})
	net/fd_posix.go:55 +0x25 fp=0xc0006adf38 sp=0xc0006adef0 pc=0x52bb25
net.(*conn).Read(0xc000684950, {0xc000678e21?, 0xf5b54ad45f5b54ad?, 0xb54ad552b517d6c5?})
	net/net.go:194 +0x45 fp=0xc0006adf80 sp=0xc0006adf38 pc=0x541525
net/http.(*connReader).backgroundRead(0xc000678e10)
	net/http/server.go:690 +0x37 fp=0xc0006adfc8 sp=0xc0006adf80 pc=0x731dd7
net/http.(*connReader).startBackgroundRead.gowrap2()
	net/http/server.go:686 +0x25 fp=0xc0006adfe0 sp=0xc0006adfc8 pc=0x731d05
runtime.goexit({})
	runtime/asm_amd64.s:1700 +0x1 fp=0xc0006adfe8 sp=0xc0006adfe0 pc=0x431d81
created by net/http.(*connReader).startBackgroundRead in goroutine 3431
	net/http/server.go:686 +0xb6

goroutine 6312 gp=0xc000600380 m=nil [IO wait]:
runtime.gopark(0x0?, 0xc000629ba0?, 0x48?, 0x9c?, 0xc000629c4c?)
	runtime/proc.go:435 +0xce fp=0xc000a338c8 sp=0xc000a338a8 pc=0x429ace
runtime.netpollblock(0x7e8?, 0x3bffc6?, 0x0?)
	runtime/netpoll.go:575 +0xf7 fp=0xc000a33900 sp=0xc000a338c8 pc=0x3ed377
internal/poll.runtime_pollWait(0x252efd76ff0, 0x72)
	runtime/netpoll.go:351 +0x85 fp=0xc000a33920 sp=0xc000a33900 pc=0x428c65
internal/poll.(*pollDesc).wait(0x0?, 0xc000909970?, 0x0)
	internal/poll/fd_poll_runtime.go:84 +0x27 fp=0xc000a33948 sp=0xc000a33920 pc=0x4b5fa7
internal/poll.execIO(0xc000629ba0, 0x12a9038)
	internal/poll/fd_windows.go:177 +0x105 fp=0xc000a339c0 sp=0xc000a33948 pc=0x4b7405
internal/poll.(*FD).Read(0xc000629b88, {0xc0007de000, 0x1000, 0x1000})
	internal/poll/fd_windows.go:438 +0x29b fp=0xc000a33a60 sp=0xc000a339c0 pc=0x4b80db
net.(*netFD).Read(0xc000629b88, {0xc0007de000?, 0xc000909ad0?, 0x4b6465?})
	net/fd_posix.go:55 +0x25 fp=0xc000a33aa8 sp=0xc000a33a60 pc=0x52bb25
net.(*conn).Read(0xc000116e50, {0xc0007de000?, 0x0?, 0x0?})
	net/net.go:194 +0x45 fp=0xc000a33af0 sp=0xc000a33aa8 pc=0x541525
net/http.(*connReader).Read(0xc000796de0, {0xc0007de000, 0x1000, 0x1000})
	net/http/server.go:798 +0x159 fp=0xc000a33b40 sp=0xc000a33af0 pc=0x732279
bufio.(*Reader).fill(0xc0005da840)
	bufio/bufio.go:113 +0x103 fp=0xc000a33b78 sp=0xc000a33b40 pc=0x559183
bufio.(*Reader).Peek(0xc0005da840, 0x4)
	bufio/bufio.go:152 +0x53 fp=0xc000a33b98 sp=0xc000a33b78 pc=0x5592b3
net/http.(*conn).serve(0xc0007da120, {0x13ce5e0, 0xc000590a80})
	net/http/server.go:2137 +0x785 fp=0xc000a33fb8 sp=0xc000a33b98 pc=0x738065
net/http.(*Server).Serve.gowrap3()
	net/http/server.go:3454 +0x28 fp=0xc000a33fe0 sp=0xc000a33fb8 pc=0x73d7e8
runtime.goexit({})
	runtime/asm_amd64.s:1700 +0x1 fp=0xc000a33fe8 sp=0xc000a33fe0 pc=0x431d81
created by net/http.(*Server).Serve in goroutine 39
	net/http/server.go:3454 +0x485

goroutine 6343 gp=0xc00051a1c0 m=nil [IO wait]:
runtime.gopark(0x0?, 0xc00057dba0?, 0x48?, 0xdc?, 0xc00057dc4c?)
	runtime/proc.go:435 +0xce fp=0xc0008758c8 sp=0xc0008758a8 pc=0x429ace
runtime.netpollblock(0x3d0?, 0x3bffc6?, 0x0?)
	runtime/netpoll.go:575 +0xf7 fp=0xc000875900 sp=0xc0008758c8 pc=0x3ed377
internal/poll.runtime_pollWait(0x252efd76500, 0x72)
	runtime/netpoll.go:351 +0x85 fp=0xc000875920 sp=0xc000875900 pc=0x428c65
internal/poll.(*pollDesc).wait(0x0?, 0xc0009a7970?, 0x0)
	internal/poll/fd_poll_runtime.go:84 +0x27 fp=0xc000875948 sp=0xc000875920 pc=0x4b5fa7
internal/poll.execIO(0xc00057dba0, 0x12a9038)
	internal/poll/fd_windows.go:177 +0x105 fp=0xc0008759c0 sp=0xc000875948 pc=0x4b7405
internal/poll.(*FD).Read(0xc00057db88, {0xc00072e000, 0x1000, 0x1000})
	internal/poll/fd_windows.go:438 +0x29b fp=0xc000875a60 sp=0xc0008759c0 pc=0x4b80db
net.(*netFD).Read(0xc00057db88, {0xc00072e000?, 0xc0009a7ad0?, 0x4b6465?})
	net/fd_posix.go:55 +0x25 fp=0xc000875aa8 sp=0xc000875a60 pc=0x52bb25
net.(*conn).Read(0xc000684de0, {0xc00072e000?, 0x0?, 0x0?})
	net/net.go:194 +0x45 fp=0xc000875af0 sp=0xc000875aa8 pc=0x541525
net/http.(*connReader).Read(0xc000681a10, {0xc00072e000, 0x1000, 0x1000})
	net/http/server.go:798 +0x159 fp=0xc000875b40 sp=0xc000875af0 pc=0x732279
bufio.(*Reader).fill(0xc0006978c0)
	bufio/bufio.go:113 +0x103 fp=0xc000875b78 sp=0xc000875b40 pc=0x559183
bufio.(*Reader).Peek(0xc0006978c0, 0x4)
	bufio/bufio.go:152 +0x53 fp=0xc000875b98 sp=0xc000875b78 pc=0x5592b3
net/http.(*conn).serve(0xc00046f7a0, {0x13ce5e0, 0xc000590a80})
	net/http/server.go:2137 +0x785 fp=0xc000875fb8 sp=0xc000875b98 pc=0x738065
net/http.(*Server).Serve.gowrap3()
	net/http/server.go:3454 +0x28 fp=0xc000875fe0 sp=0xc000875fb8 pc=0x73d7e8
runtime.goexit({})
	runtime/asm_amd64.s:1700 +0x1 fp=0xc000875fe8 sp=0xc000875fe0 pc=0x431d81
created by net/http.(*Server).Serve in goroutine 39
	net/http/server.go:3454 +0x485

goroutine 6339 gp=0xc00051a380 m=nil [IO wait]:
runtime.gopark(0x0?, 0xc00057d420?, 0xc8?, 0xd4?, 0xc00057d4cc?)
	runtime/proc.go:435 +0xce fp=0xc000e078c8 sp=0xc000e078a8 pc=0x429ace
runtime.netpollblock(0x760?, 0x3bffc6?, 0x0?)
	runtime/netpoll.go:575 +0xf7 fp=0xc000e07900 sp=0xc000e078c8 pc=0x3ed377
internal/poll.runtime_pollWait(0x252f13a1e50, 0x72)
	runtime/netpoll.go:351 +0x85 fp=0xc000e07920 sp=0xc000e07900 pc=0x428c65
internal/poll.(*pollDesc).wait(0x0?, 0xc000849970?, 0x0)
	internal/poll/fd_poll_runtime.go:84 +0x27 fp=0xc000e07948 sp=0xc000e07920 pc=0x4b5fa7
internal/poll.execIO(0xc00057d420, 0x12a9038)
	internal/poll/fd_windows.go:177 +0x105 fp=0xc000e079c0 sp=0xc000e07948 pc=0x4b7405
internal/poll.(*FD).Read(0xc00057d408, {0xc000774000, 0x1000, 0x1000})
	internal/poll/fd_windows.go:438 +0x29b fp=0xc000e07a60 sp=0xc000e079c0 pc=0x4b80db
net.(*netFD).Read(0xc00057d408, {0xc000774000?, 0xc000849ad0?, 0x4b6465?})
	net/fd_posix.go:55 +0x25 fp=0xc000e07aa8 sp=0xc000e07a60 pc=0x52bb25
net.(*conn).Read(0xc000684d98, {0xc000774000?, 0x0?, 0x0?})
	net/net.go:194 +0x45 fp=0xc000e07af0 sp=0xc000e07aa8 pc=0x541525
net/http.(*connReader).Read(0xc0007970e0, {0xc000774000, 0x1000, 0x1000})
	net/http/server.go:798 +0x159 fp=0xc000e07b40 sp=0xc000e07af0 pc=0x732279
bufio.(*Reader).fill(0xc000697e60)
	bufio/bufio.go:113 +0x103 fp=0xc000e07b78 sp=0xc000e07b40 pc=0x559183
bufio.(*Reader).Peek(0xc000697e60, 0x4)
	bufio/bufio.go:152 +0x53 fp=0xc000e07b98 sp=0xc000e07b78 pc=0x5592b3
net/http.(*conn).serve(0xc00046f560, {0x13ce5e0, 0xc000590a80})
	net/http/server.go:2137 +0x785 fp=0xc000e07fb8 sp=0xc000e07b98 pc=0x738065
net/http.(*Server).Serve.gowrap3()
	net/http/server.go:3454 +0x28 fp=0xc000e07fe0 sp=0xc000e07fb8 pc=0x73d7e8
runtime.goexit({})
	runtime/asm_amd64.s:1700 +0x1 fp=0xc000e07fe8 sp=0xc000e07fe0 pc=0x431d81
created by net/http.(*Server).Serve in goroutine 39
	net/http/server.go:3454 +0x485

goroutine 6299 gp=0xc00051a540 m=nil [IO wait]:
runtime.gopark(0x0?, 0xc0006f5420?, 0xc8?, 0x54?, 0xc0006f54cc?)
	runtime/proc.go:435 +0xce fp=0xc0008718c8 sp=0xc0008718a8 pc=0x429ace
runtime.netpollblock(0x738?, 0x3bffc6?, 0x0?)
	runtime/netpoll.go:575 +0xf7 fp=0xc000871900 sp=0xc0008718c8 pc=0x3ed377
internal/poll.runtime_pollWait(0x252f13a19f0, 0x72)
	runtime/netpoll.go:351 +0x85 fp=0xc000871920 sp=0xc000871900 pc=0x428c65
internal/poll.(*pollDesc).wait(0x0?, 0xc0008bd970?, 0x0)
	internal/poll/fd_poll_runtime.go:84 +0x27 fp=0xc000871948 sp=0xc000871920 pc=0x4b5fa7
internal/poll.execIO(0xc0006f5420, 0x12a9038)
	internal/poll/fd_windows.go:177 +0x105 fp=0xc0008719c0 sp=0xc000871948 pc=0x4b7405
internal/poll.(*FD).Read(0xc0006f5408, {0xc000756000, 0x1000, 0x1000})
	internal/poll/fd_windows.go:438 +0x29b fp=0xc000871a60 sp=0xc0008719c0 pc=0x4b80db
net.(*netFD).Read(0xc0006f5408, {0xc000756000?, 0xc0008bdad0?, 0x4b6465?})
	net/fd_posix.go:55 +0x25 fp=0xc000871aa8 sp=0xc000871a60 pc=0x52bb25
net.(*conn).Read(0xc0009104f0, {0xc000756000?, 0x0?, 0x0?})
	net/net.go:194 +0x45 fp=0xc000871af0 sp=0xc000871aa8 pc=0x541525
net/http.(*connReader).Read(0xc0007154a0, {0xc000756000, 0x1000, 0x1000})
	net/http/server.go:798 +0x159 fp=0xc000871b40 sp=0xc000871af0 pc=0x732279
bufio.(*Reader).fill(0xc000697c80)
	bufio/bufio.go:113 +0x103 fp=0xc000871b78 sp=0xc000871b40 pc=0x559183
bufio.(*Reader).Peek(0xc000697c80, 0x4)
	bufio/bufio.go:152 +0x53 fp=0xc000871b98 sp=0xc000871b78 pc=0x5592b3
net/http.(*conn).serve(0xc00027f7a0, {0x13ce5e0, 0xc000590a80})
	net/http/server.go:2137 +0x785 fp=0xc000871fb8 sp=0xc000871b98 pc=0x738065
net/http.(*Server).Serve.gowrap3()
	net/http/server.go:3454 +0x28 fp=0xc000871fe0 sp=0xc000871fb8 pc=0x73d7e8
runtime.goexit({})
	runtime/asm_amd64.s:1700 +0x1 fp=0xc000871fe8 sp=0xc000871fe0 pc=0x431d81
created by net/http.(*Server).Serve in goroutine 39
	net/http/server.go:3454 +0x485

goroutine 6304 gp=0xc00051a700 m=nil [IO wait]:
runtime.gopark(0x0?, 0xc0006f5ba0?, 0x48?, 0x5c?, 0xc0006f5c4c?)
	runtime/proc.go:435 +0xce fp=0xc000a2f8c8 sp=0xc000a2f8a8 pc=0x429ace
runtime.netpollblock(0x6e4?, 0x3bffc6?, 0x0?)
	runtime/netpoll.go:575 +0xf7 fp=0xc000a2f900 sp=0xc000a2f8c8 pc=0x3ed377
internal/poll.runtime_pollWait(0x252f13a1590, 0x72)
	runtime/netpoll.go:351 +0x85 fp=0xc000a2f920 sp=0xc000a2f900 pc=0x428c65
internal/poll.(*pollDesc).wait(0x0?, 0xc0008e5970?, 0x0)
	internal/poll/fd_poll_runtime.go:84 +0x27 fp=0xc000a2f948 sp=0xc000a2f920 pc=0x4b5fa7
internal/poll.execIO(0xc0006f5ba0, 0x12a9038)
	internal/poll/fd_windows.go:177 +0x105 fp=0xc000a2f9c0 sp=0xc000a2f948 pc=0x4b7405
internal/poll.(*FD).Read(0xc0006f5b88, {0xc00060c000, 0x1000, 0x1000})
	internal/poll/fd_windows.go:438 +0x29b fp=0xc000a2fa60 sp=0xc000a2f9c0 pc=0x4b80db
net.(*netFD).Read(0xc0006f5b88, {0xc00060c000?, 0xc0008e5ad0?, 0x4b6465?})
	net/fd_posix.go:55 +0x25 fp=0xc000a2faa8 sp=0xc000a2fa60 pc=0x52bb25
net.(*conn).Read(0xc000910568, {0xc00060c000?, 0x0?, 0x0?})
	net/net.go:194 +0x45 fp=0xc000a2faf0 sp=0xc000a2faa8 pc=0x541525
net/http.(*connReader).Read(0xc000680c30, {0xc00060c000, 0x1000, 0x1000})
	net/http/server.go:798 +0x159 fp=0xc000a2fb40 sp=0xc000a2faf0 pc=0x732279
bufio.(*Reader).fill(0xc000609b60)
	bufio/bufio.go:113 +0x103 fp=0xc000a2fb78 sp=0xc000a2fb40 pc=0x559183
bufio.(*Reader).Peek(0xc000609b60, 0x4)
	bufio/bufio.go:152 +0x53 fp=0xc000a2fb98 sp=0xc000a2fb78 pc=0x5592b3
net/http.(*conn).serve(0xc00027fa70, {0x13ce5e0, 0xc000590a80})
	net/http/server.go:2137 +0x785 fp=0xc000a2ffb8 sp=0xc000a2fb98 pc=0x738065
net/http.(*Server).Serve.gowrap3()
	net/http/server.go:3454 +0x28 fp=0xc000a2ffe0 sp=0xc000a2ffb8 pc=0x73d7e8
runtime.goexit({})
	runtime/asm_amd64.s:1700 +0x1 fp=0xc000a2ffe8 sp=0xc000a2ffe0 pc=0x431d81
created by net/http.(*Server).Serve in goroutine 39
	net/http/server.go:3454 +0x485

goroutine 3449 gp=0xc000600a80 m=nil [select]:
runtime.gopark(0xc000691780?, 0x2?, 0x13?, 0x73?, 0xc000691704?)
	runtime/proc.go:435 +0xce fp=0xc000691598 sp=0xc000691578 pc=0x429ace
runtime.selectgo(0xc000691780, 0xc000691700, 0xee4080?, 0x0, 0xfd9d00?, 0x1)
	runtime/select.go:351 +0x837 fp=0xc0006916d0 sp=0xc000691598 pc=0x408c77
google.golang.org/grpc/internal/transport.(*serverHandlerTransport).runStream(...)
	google.golang.org/grpc@v1.72.0/internal/transport/handler_server.go:467
google.golang.org/grpc/internal/transport.(*serverHandlerTransport).HandleStreams(0xc0006680e0, {0x13ce5e0?, 0xc000680270?}, 0xc0006802a0)
	google.golang.org/grpc@v1.72.0/internal/transport/handler_server.go:457 +0x516 fp=0xc0006917b8 sp=0xc0006916d0 pc=0x9f6436
google.golang.org/grpc.(*Server).serveStreams(0xc00013d400, {0x13ce618?, 0xc000658050?}, {0x13cef80, 0xc0006680e0}, {0x0?, 0x0?})
	google.golang.org/grpc@v1.72.0/server.go:1029 +0x396 fp=0xc0006918a0 sp=0xc0006917b8 pc=0xa5caf6
google.golang.org/grpc.(*Server).ServeHTTP(0xc00013d400, {0x13cca30?, 0xc0006801b0?}, 0xc00039a280)
	google.golang.org/grpc@v1.72.0/server.go:1091 +0x132 fp=0xc000691930 sp=0xc0006918a0 pc=0xa5d092
github.com/improbable-eng/grpc-web/go/grpcweb.(*WrappedGrpcServer).HandleGrpcWebRequest(0xc0000be2a0, {0x252f143bcf8, 0xc0006580a0}, 0xc00039a280)
	github.com/improbable-eng/grpc-web@v0.14.1/go/grpcweb/wrapper.go:148 +0x18b fp=0xc000691998 sp=0xc000691930 pc=0xbe6c0b
github.com/improbable-eng/grpc-web/go/grpcweb.(*WrappedGrpcServer).HandleGrpcWebRequest-fm({0x252f143bcf8?, 0xc0006580a0?}, 0xc0006642d8?)
	<autogenerated>:1 +0x36 fp=0xc0006919c8 sp=0xc000691998 pc=0xbe8176
net/http.HandlerFunc.ServeHTTP(0xc0003ce160?, {0x252f143bcf8?, 0xc0006580a0?}, 0xc00039a280?)
	net/http/server.go:2294 +0x29 fp=0xc0006919f0 sp=0xc0006919c8 pc=0x739a09
github.com/improbable-eng/grpc-web/go/grpcweb.(*WrappedGrpcServer).ServeHTTP.(*Cors).Handler.func1({0x252f143bcf8, 0xc0006580a0}, 0xc00039a280)
	github.com/rs/cors@v1.7.0/cors.go:219 +0x17e fp=0xc000691a48 sp=0xc0006919f0 pc=0xbe695e
net/http.HandlerFunc.ServeHTTP(...)
	net/http/server.go:2294
github.com/improbable-eng/grpc-web/go/grpcweb.(*WrappedGrpcServer).ServeHTTP(0xc0000be2a0, {0x252f143bcf8, 0xc0006580a0}, 0xc00039a280)
	github.com/improbable-eng/grpc-web@v0.14.1/go/grpcweb/wrapper.go:129 +0x174 fp=0xc000691a98 sp=0xc000691a48 pc=0xbe6774
go.ngrok.com/cmd/ngrok/web.grpcHandler.func1({0x252f143bcf8?, 0xc0006580a0?}, 0xc00039a280?)
	go.ngrok.com/cmd/ngrok/web/grpc.go:49 +0xdf fp=0xc000691ae0 sp=0xc000691a98 pc=0xca653f
runtime.call32(0xc000441c50, 0xc000186970, 0x0, 0x0, 0x0, 0x18, 0xc000691d48)
	runtime/asm_amd64.s:776 +0x48 fp=0xc000691b10 sp=0xc000691ae0 pc=0x430328
runtime.reflectcall(0x1044260?, 0xc00039a280?, 0x4?, 0x10725ea?, 0x0?, 0x12?, 0x1044260?)
	<autogenerated>:1 +0x36 fp=0xc000691b50 sp=0xc000691b10 pc=0x436db6
reflect.Value.call({0xeee260?, 0xc000186970?, 0xc0006920d8?}, {0x106138c, 0x4}, {0xc000680150, 0x2, 0x252efd5c1d8?})
	reflect/value.go:584 +0xca6 fp=0xc000692098 sp=0xc000691b50 pc=0x465626
reflect.Value.Call({0xeee260?, 0xc000186970?, 0x1044260?}, {0xc000680150?, 0x5?, 0x1c02400?})
	reflect/value.go:368 +0xb9 fp=0xc000692110 sp=0xc000692098 pc=0x464739
github.com/codegangsta/inject.(*injector).Invoke(0xc00064c078, {0xeee260, 0xc000186970})
	github.com/codegangsta/inject@v0.0.0-20150114235600-33e0aa1cb7c0/inject.go:102 +0x235 fp=0xc0006921b8 sp=0xc000692110 pc=0xb9b375
github.com/go-martini/martini.(*context).Invoke(0x0?, {0xeee260?, 0xc000186970?})
	<autogenerated>:1 +0x2e fp=0xc0006921e0 sp=0xc0006921b8 pc=0xba06ae
github.com/go-martini/martini.(*routeContext).run(0xc000680120)
	github.com/go-martini/martini@v0.0.0-20170121215854-22fa46961aab/router.go:408 +0x56 fp=0xc000692240 sp=0xc0006921e0 pc=0xb9f556
github.com/go-martini/martini.(*routeContext).Next(0x426ff6?)
	github.com/go-martini/martini@v0.0.0-20170121215854-22fa46961aab/router.go:402 +0x17 fp=0xc000692258 sp=0xc000692240 pc=0xb9f4d7
go.ngrok.com/cmd/ngrok/web.recoveryMiddleware({0x252f143bcf8?, 0xc0006580a0?}, {0x13d8120?, 0xc000680120?}, {0x13d4e30?, 0xc0004224a0?})
	go.ngrok.com/cmd/ngrok/web/ui.go:80 +0x74 fp=0xc0006922a8 sp=0xc000692258 pc=0xcac9b4
runtime.call64(0xc0005c58f0, 0x12a93a8, 0x0, 0x0, 0x0, 0x30, 0xc000692530)
	runtime/asm_amd64.s:777 +0x48 fp=0xc0006922f8 sp=0xc0006922a8 pc=0x4303c8
runtime.reflectcall(0xfc7d20?, 0xc0004224a0?, 0x8?, 0x10725ea?, 0x0?, 0x12?, 0xf75c00?)
	<autogenerated>:1 +0x36 fp=0xc000692338 sp=0xc0006922f8 pc=0x436db6
reflect.Value.call({0xebfe60?, 0x12a93a8?, 0xc0006928c0?}, {0x106138c, 0x4}, {0xc0006581e0, 0x3, 0x5c10d97725?})
	reflect/value.go:584 +0xca6 fp=0xc000692880 sp=0xc000692338 pc=0x465626
reflect.Value.Call({0xebfe60?, 0x12a93a8?, 0xf75c00?}, {0xc0006581e0?, 0xc0006929e8?, 0x79d698?})
	reflect/value.go:368 +0xb9 fp=0xc0006928f8 sp=0xc000692880 pc=0x464739
github.com/codegangsta/inject.(*injector).Invoke(0xc00064c078, {0xebfe60, 0x12a93a8})
	github.com/codegangsta/inject@v0.0.0-20150114235600-33e0aa1cb7c0/inject.go:102 +0x235 fp=0xc0006929a0 sp=0xc0006928f8 pc=0xb9b375
github.com/go-martini/martini.(*context).Invoke(0x4?, {0xebfe60?, 0x12a93a8?})
	<autogenerated>:1 +0x2e fp=0xc0006929c8 sp=0xc0006929a0 pc=0xba06ae
github.com/go-martini/martini.(*routeContext).run(0xc000680120)
	github.com/go-martini/martini@v0.0.0-20170121215854-22fa46961aab/router.go:408 +0x56 fp=0xc000692a28 sp=0xc0006929c8 pc=0xb9f556
github.com/go-martini/martini.(*routeContext).Next(0xc0002d3320?)
	github.com/go-martini/martini@v0.0.0-20170121215854-22fa46961aab/router.go:402 +0x17 fp=0xc000692a40 sp=0xc000692a28 pc=0xb9f4d7
go.ngrok.com/cmd/ngrok/web.loggerMiddleware({0x13d8120, 0xc000680120}, 0xc00039a280, {0x252f143bcf8, 0xc0006580a0})
	go.ngrok.com/cmd/ngrok/web/ui.go:57 +0x1ac fp=0xc000692b08 sp=0xc000692a40 pc=0xcac78c
runtime.call64(0xc0005c5830, 0x12a93a0, 0x0, 0x0, 0x0, 0x28, 0xc000692d90)
	runtime/asm_amd64.s:777 +0x48 fp=0xc000692b58 sp=0xc000692b08 pc=0x4303c8
runtime.reflectcall(0xfee9c0?, 0xc0006580a0?, 0x8?, 0x10725ea?, 0x0?, 0x12?, 0xf160a0?)
	<autogenerated>:1 +0x36 fp=0xc000692b98 sp=0xc000692b58 pc=0x436db6
reflect.Value.call({0xebfc80?, 0x12a93a0?, 0xc000693120?}, {0x106138c, 0x4}, {0xc000658190, 0x3, 0xc000664160?})
	reflect/value.go:584 +0xca6 fp=0xc0006930e0 sp=0xc000692b98 pc=0x465626
reflect.Value.Call({0xebfc80?, 0x12a93a0?, 0xf160a0?}, {0xc000658190?, 0xc000680090?, 0xf09d00?})
	reflect/value.go:368 +0xb9 fp=0xc000693158 sp=0xc0006930e0 pc=0x464739
github.com/codegangsta/inject.(*injector).Invoke(0xc00064c078, {0xebfc80, 0x12a93a0})
	github.com/codegangsta/inject@v0.0.0-20150114235600-33e0aa1cb7c0/inject.go:102 +0x235 fp=0xc000693200 sp=0xc000693158 pc=0xb9b375
github.com/go-martini/martini.(*context).Invoke(0xc000127b30?, {0xebfc80?, 0x12a93a0?})
	<autogenerated>:1 +0x2e fp=0xc000693228 sp=0xc000693200 pc=0xba06ae
github.com/go-martini/martini.(*routeContext).run(0xc000680120)
	github.com/go-martini/martini@v0.0.0-20170121215854-22fa46961aab/router.go:408 +0x56 fp=0xc000693288 sp=0xc000693228 pc=0xb9f556
github.com/go-martini/martini.(*route).Handle(0xc000127b30, {0x252f143bd28, 0xc0006580f0}, {0xc0005a2380?, 0x3?})
	github.com/go-martini/martini@v0.0.0-20170121215854-22fa46961aab/router.go:285 +0xe5 fp=0xc0006932c8 sp=0xc000693288 pc=0xb9eb45
github.com/go-martini/martini.(*router).Handle(0xc000109980, {0x252f143bcf8, 0xc0006580a0}, 0xc00039a280, {0x252f143bd28, 0xc0006580f0})
	github.com/go-martini/martini@v0.0.0-20170121215854-22fa46961aab/router.go:132 +0x270 fp=0xc0006933d8 sp=0xc0006932c8 pc=0xb9dbb0
github.com/go-martini/martini.Router.Handle-fm({0x252f143bcf8?, 0xc0006580a0?}, 0x0?, {0x252f143bd28?, 0xc0006580f0?})
	<autogenerated>:1 +0x4c fp=0xc000693418 sp=0xc0006933d8 pc=0xba1eac
runtime.call64(0xc0005c5530, 0xc000339b78, 0x0, 0x0, 0x0, 0x28, 0xc0006936a0)
	runtime/asm_amd64.s:777 +0x48 fp=0xc000693468 sp=0xc000693418 pc=0x4303c8
runtime.reflectcall(0xfeeac0?, 0xc0006580f0?, 0x8?, 0x10725ea?, 0x0?, 0x12?, 0xf86ae0?)
	<autogenerated>:1 +0x36 fp=0xc0006934a8 sp=0xc000693468 pc=0x436db6
reflect.Value.call({0xebfe00?, 0xc000339b78?, 0xc000693a30?}, {0x106138c, 0x4}, {0xc000658140, 0x3, 0x700000000680090?})
	reflect/value.go:584 +0xca6 fp=0xc0006939f0 sp=0xc0006934a8 pc=0x465626
reflect.Value.Call({0xebfe00?, 0xc000339b78?, 0xf86ae0?}, {0xc000658140?, 0xc00039a280?, 0x1044260?})
	reflect/value.go:368 +0xb9 fp=0xc000693a68 sp=0xc0006939f0 pc=0x464739
github.com/codegangsta/inject.(*injector).Invoke(0xc00064c078, {0xebfe00, 0xc000339b78})
	github.com/codegangsta/inject@v0.0.0-20150114235600-33e0aa1cb7c0/inject.go:102 +0x235 fp=0xc000693b10 sp=0xc000693a68 pc=0xb9b375
github.com/go-martini/martini.(*context).run(0xc0006580f0)
	github.com/go-martini/martini@v0.0.0-20170121215854-22fa46961aab/martini.go:179 +0x5d fp=0xc000693b38 sp=0xc000693b10 pc=0xb9cc3d
github.com/go-martini/martini.(*Martini).ServeHTTP(0x3ca665?, {0x13cc6b0?, 0xc000668000?}, 0xc000668001?)
	github.com/go-martini/martini@v0.0.0-20170121215854-22fa46961aab/martini.go:75 +0x25 fp=0xc000693b68 sp=0xc000693b38 pc=0xb9c3c5
net/http.serverHandler.ServeHTTP({0x13c8810?}, {0x13cc6b0?, 0xc000668000?}, 0x6?)
	net/http/server.go:3301 +0x8e fp=0xc000693b98 sp=0xc000693b68 pc=0x75944e
net/http.(*conn).serve(0xc00027f050, {0x13ce5e0, 0xc000590a80})
	net/http/server.go:2102 +0x625 fp=0xc000693fb8 sp=0xc000693b98 pc=0x737f05
net/http.(*Server).Serve.gowrap3()
	net/http/server.go:3454 +0x28 fp=0xc000693fe0 sp=0xc000693fb8 pc=0x73d7e8
runtime.goexit({})
	runtime/asm_amd64.s:1700 +0x1 fp=0xc000693fe8 sp=0xc000693fe0 pc=0x431d81
created by net/http.(*Server).Serve in goroutine 39
	net/http/server.go:3454 +0x485

goroutine 6342 gp=0xc000600c40 m=nil [IO wait]:
runtime.gopark(0x0?, 0xc00057d920?, 0xc8?, 0xd9?, 0xc00057d9cc?)
	runtime/proc.go:435 +0xce fp=0xc000d078c8 sp=0xc000d078a8 pc=0x429ace
runtime.netpollblock(0x724?, 0x3bffc6?, 0x0?)
	runtime/netpoll.go:575 +0xf7 fp=0xc000d07900 sp=0xc000d078c8 pc=0x3ed377
internal/poll.runtime_pollWait(0x252efd76618, 0x72)
	runtime/netpoll.go:351 +0x85 fp=0xc000d07920 sp=0xc000d07900 pc=0x428c65
internal/poll.(*pollDesc).wait(0x0?, 0xc00099d970?, 0x0)
	internal/poll/fd_poll_runtime.go:84 +0x27 fp=0xc000d07948 sp=0xc000d07920 pc=0x4b5fa7
internal/poll.execIO(0xc00057d920, 0x12a9038)
	internal/poll/fd_windows.go:177 +0x105 fp=0xc000d079c0 sp=0xc000d07948 pc=0x4b7405
internal/poll.(*FD).Read(0xc00057d908, {0xc000994000, 0x1000, 0x1000})
	internal/poll/fd_windows.go:438 +0x29b fp=0xc000d07a60 sp=0xc000d079c0 pc=0x4b80db
net.(*netFD).Read(0xc00057d908, {0xc000994000?, 0xc00099dad0?, 0x4b6465?})
	net/fd_posix.go:55 +0x25 fp=0xc000d07aa8 sp=0xc000d07a60 pc=0x52bb25
net.(*conn).Read(0xc000684dd8, {0xc000994000?, 0x0?, 0x0?})
	net/net.go:194 +0x45 fp=0xc000d07af0 sp=0xc000d07aa8 pc=0x541525
net/http.(*connReader).Read(0xc0008b3920, {0xc000994000, 0x1000, 0x1000})
	net/http/server.go:798 +0x159 fp=0xc000d07b40 sp=0xc000d07af0 pc=0x732279
bufio.(*Reader).fill(0xc000776d20)
	bufio/bufio.go:113 +0x103 fp=0xc000d07b78 sp=0xc000d07b40 pc=0x559183
bufio.(*Reader).Peek(0xc000776d20, 0x4)
	bufio/bufio.go:152 +0x53 fp=0xc000d07b98 sp=0xc000d07b78 pc=0x5592b3
net/http.(*conn).serve(0xc00046f710, {0x13ce5e0, 0xc000590a80})
	net/http/server.go:2137 +0x785 fp=0xc000d07fb8 sp=0xc000d07b98 pc=0x738065
net/http.(*Server).Serve.gowrap3()
	net/http/server.go:3454 +0x28 fp=0xc000d07fe0 sp=0xc000d07fb8 pc=0x73d7e8
runtime.goexit({})
	runtime/asm_amd64.s:1700 +0x1 fp=0xc000d07fe8 sp=0xc000d07fe0 pc=0x431d81
created by net/http.(*Server).Serve in goroutine 39
	net/http/server.go:3454 +0x485

goroutine 6206 gp=0xc00051a8c0 m=nil [IO wait]:
runtime.gopark(0x0?, 0xc00057ca20?, 0xc8?, 0xca?, 0xc00057cacc?)
	runtime/proc.go:435 +0xce fp=0xc000a3b8c8 sp=0xc000a3b8a8 pc=0x429ace
runtime.netpollblock(0x7b4?, 0x3bffc6?, 0x0?)
	runtime/netpoll.go:575 +0xf7 fp=0xc000a3b900 sp=0xc000a3b8c8 pc=0x3ed377
internal/poll.runtime_pollWait(0x252efd76dc0, 0x72)
	runtime/netpoll.go:351 +0x85 fp=0xc000a3b920 sp=0xc000a3b900 pc=0x428c65
internal/poll.(*pollDesc).wait(0x0?, 0xc000939970?, 0x0)
	internal/poll/fd_poll_runtime.go:84 +0x27 fp=0xc000a3b948 sp=0xc000a3b920 pc=0x4b5fa7
internal/poll.execIO(0xc00057ca20, 0x12a9038)
	internal/poll/fd_windows.go:177 +0x105 fp=0xc000a3b9c0 sp=0xc000a3b948 pc=0x4b7405
internal/poll.(*FD).Read(0xc00057ca08, {0xc0008ca000, 0x1000, 0x1000})
	internal/poll/fd_windows.go:438 +0x29b fp=0xc000a3ba60 sp=0xc000a3b9c0 pc=0x4b80db
net.(*netFD).Read(0xc00057ca08, {0xc0008ca000?, 0xc000939ad0?, 0x4b6465?})
	net/fd_posix.go:55 +0x25 fp=0xc000a3baa8 sp=0xc000a3ba60 pc=0x52bb25
net.(*conn).Read(0xc000684d48, {0xc0008ca000?, 0x0?, 0x0?})
	net/net.go:194 +0x45 fp=0xc000a3baf0 sp=0xc000a3baa8 pc=0x541525
net/http.(*connReader).Read(0xc0008b2540, {0xc0008ca000, 0x1000, 0x1000})
	net/http/server.go:798 +0x159 fp=0xc000a3bb40 sp=0xc000a3baf0 pc=0x732279
bufio.(*Reader).fill(0xc0007763c0)
	bufio/bufio.go:113 +0x103 fp=0xc000a3bb78 sp=0xc000a3bb40 pc=0x559183
bufio.(*Reader).Peek(0xc0007763c0, 0x4)
	bufio/bufio.go:152 +0x53 fp=0xc000a3bb98 sp=0xc000a3bb78 pc=0x5592b3
net/http.(*conn).serve(0xc00046f290, {0x13ce5e0, 0xc000590a80})
	net/http/server.go:2137 +0x785 fp=0xc000a3bfb8 sp=0xc000a3bb98 pc=0x738065
net/http.(*Server).Serve.gowrap3()
	net/http/server.go:3454 +0x28 fp=0xc000a3bfe0 sp=0xc000a3bfb8 pc=0x73d7e8
runtime.goexit({})
	runtime/asm_amd64.s:1700 +0x1 fp=0xc000a3bfe8 sp=0xc000a3bfe0 pc=0x431d81
created by net/http.(*Server).Serve in goroutine 39
	net/http/server.go:3454 +0x485

goroutine 6317 gp=0xc000601a40 m=nil [IO wait]:
runtime.gopark(0x0?, 0xc0007f22a0?, 0x48?, 0x23?, 0xc0007f234c?)
	runtime/proc.go:435 +0xce fp=0xc000ac58c8 sp=0xc000ac58a8 pc=0x429ace
runtime.netpollblock(0x6e0?, 0x3bffc6?, 0x0?)
	runtime/netpoll.go:575 +0xf7 fp=0xc000ac5900 sp=0xc000ac58c8 pc=0x3ed377
internal/poll.runtime_pollWait(0x252f13a1b08, 0x72)
	runtime/netpoll.go:351 +0x85 fp=0xc000ac5920 sp=0xc000ac5900 pc=0x428c65
internal/poll.(*pollDesc).wait(0x0?, 0xc000987970?, 0x0)
	internal/poll/fd_poll_runtime.go:84 +0x27 fp=0xc000ac5948 sp=0xc000ac5920 pc=0x4b5fa7
internal/poll.execIO(0xc0007f22a0, 0x12a9038)
	internal/poll/fd_windows.go:177 +0x105 fp=0xc000ac59c0 sp=0xc000ac5948 pc=0x4b7405
internal/poll.(*FD).Read(0xc0007f2288, {0xc0007fa000, 0x1000, 0x1000})
	internal/poll/fd_windows.go:438 +0x29b fp=0xc000ac5a60 sp=0xc000ac59c0 pc=0x4b80db
net.(*netFD).Read(0xc0007f2288, {0xc0007fa000?, 0xc000987ad0?, 0x4b6465?})
	net/fd_posix.go:55 +0x25 fp=0xc000ac5aa8 sp=0xc000ac5a60 pc=0x52bb25
net.(*conn).Read(0xc000116f10, {0xc0007fa000?, 0x0?, 0x0?})
	net/net.go:194 +0x45 fp=0xc000ac5af0 sp=0xc000ac5aa8 pc=0x541525
net/http.(*connReader).Read(0xc000797a40, {0xc0007fa000, 0x1000, 0x1000})
	net/http/server.go:798 +0x159 fp=0xc000ac5b40 sp=0xc000ac5af0 pc=0x732279
bufio.(*Reader).fill(0xc0005dac60)
	bufio/bufio.go:113 +0x103 fp=0xc000ac5b78 sp=0xc000ac5b40 pc=0x559183
bufio.(*Reader).Peek(0xc0005dac60, 0x4)
	bufio/bufio.go:152 +0x53 fp=0xc000ac5b98 sp=0xc000ac5b78 pc=0x5592b3
net/http.(*conn).serve(0xc0007da3f0, {0x13ce5e0, 0xc000590a80})
	net/http/server.go:2137 +0x785 fp=0xc000ac5fb8 sp=0xc000ac5b98 pc=0x738065
net/http.(*Server).Serve.gowrap3()
	net/http/server.go:3454 +0x28 fp=0xc000ac5fe0 sp=0xc000ac5fb8 pc=0x73d7e8
runtime.goexit({})
	runtime/asm_amd64.s:1700 +0x1 fp=0xc000ac5fe8 sp=0xc000ac5fe0 pc=0x431d81
created by net/http.(*Server).Serve in goroutine 39
	net/http/server.go:3454 +0x485

goroutine 6354 gp=0xc000601c00 m=nil [IO wait]:
runtime.gopark(0x0?, 0xc0007f2a20?, 0xc8?, 0x2a?, 0xc0007f2acc?)
	runtime/proc.go:435 +0xce fp=0xc000ad18c8 sp=0xc000ad18a8 pc=0x429ace
runtime.netpollblock(0x698?, 0x3bffc6?, 0x0?)
	runtime/netpoll.go:575 +0xf7 fp=0xc000ad1900 sp=0xc000ad18c8 pc=0x3ed377
internal/poll.runtime_pollWait(0x252f1a29728, 0x72)
	runtime/netpoll.go:351 +0x85 fp=0xc000ad1920 sp=0xc000ad1900 pc=0x428c65
internal/poll.(*pollDesc).wait(0x0?, 0xc000a0b970?, 0x0)
	internal/poll/fd_poll_runtime.go:84 +0x27 fp=0xc000ad1948 sp=0xc000ad1920 pc=0x4b5fa7
internal/poll.execIO(0xc0007f2a20, 0x12a9038)
	internal/poll/fd_windows.go:177 +0x105 fp=0xc000ad19c0 sp=0xc000ad1948 pc=0x4b7405
internal/poll.(*FD).Read(0xc0007f2a08, {0xc000a00000, 0x1000, 0x1000})
	internal/poll/fd_windows.go:438 +0x29b fp=0xc000ad1a60 sp=0xc000ad19c0 pc=0x4b80db
net.(*netFD).Read(0xc0007f2a08, {0xc000a00000?, 0xc000a0bad0?, 0x4b6465?})
	net/fd_posix.go:55 +0x25 fp=0xc000ad1aa8 sp=0xc000ad1a60 pc=0x52bb25
net.(*conn).Read(0xc000116f88, {0xc000a00000?, 0x0?, 0x0?})
	net/net.go:194 +0x45 fp=0xc000ad1af0 sp=0xc000ad1aa8 pc=0x541525
net/http.(*connReader).Read(0xc0008dc120, {0xc000a00000, 0x1000, 0x1000})
	net/http/server.go:798 +0x159 fp=0xc000ad1b40 sp=0xc000ad1af0 pc=0x732279
bufio.(*Reader).fill(0xc0005dafc0)
	bufio/bufio.go:113 +0x103 fp=0xc000ad1b78 sp=0xc000ad1b40 pc=0x559183
bufio.(*Reader).Peek(0xc0005dafc0, 0x4)
	bufio/bufio.go:152 +0x53 fp=0xc000ad1b98 sp=0xc000ad1b78 pc=0x5592b3
net/http.(*conn).serve(0xc0007da6c0, {0x13ce5e0, 0xc000590a80})
	net/http/server.go:2137 +0x785 fp=0xc000ad1fb8 sp=0xc000ad1b98 pc=0x738065
net/http.(*Server).Serve.gowrap3()
	net/http/server.go:3454 +0x28 fp=0xc000ad1fe0 sp=0xc000ad1fb8 pc=0x73d7e8
runtime.goexit({})
	runtime/asm_amd64.s:1700 +0x1 fp=0xc000ad1fe8 sp=0xc000ad1fe0 pc=0x431d81
created by net/http.(*Server).Serve in goroutine 39
	net/http/server.go:3454 +0x485

goroutine 6319 gp=0xc000601dc0 m=nil [IO wait]:
runtime.gopark(0x0?, 0xc0007f2520?, 0xc8?, 0x25?, 0xc0007f25cc?)
	runtime/proc.go:435 +0xce fp=0xc000a378c8 sp=0xc000a378a8 pc=0x429ace
runtime.netpollblock(0x6b0?, 0x3bffc6?, 0x0?)
	runtime/netpoll.go:575 +0xf7 fp=0xc000a37900 sp=0xc000a378c8 pc=0x3ed377
internal/poll.runtime_pollWait(0x252efd76848, 0x72)
	runtime/netpoll.go:351 +0x85 fp=0xc000a37920 sp=0xc000a37900 pc=0x428c65
internal/poll.(*pollDesc).wait(0x0?, 0xc0005ef970?, 0x0)
	internal/poll/fd_poll_runtime.go:84 +0x27 fp=0xc000a37948 sp=0xc000a37920 pc=0x4b5fa7
internal/poll.execIO(0xc0007f2520, 0x12a9038)
	internal/poll/fd_windows.go:177 +0x105 fp=0xc000a379c0 sp=0xc000a37948 pc=0x4b7405
internal/poll.(*FD).Read(0xc0007f2508, {0xc0008da000, 0x1000, 0x1000})
	internal/poll/fd_windows.go:438 +0x29b fp=0xc000a37a60 sp=0xc000a379c0 pc=0x4b80db
net.(*netFD).Read(0xc0007f2508, {0xc0008da000?, 0xc0005efad0?, 0x4b6465?})
	net/fd_posix.go:55 +0x25 fp=0xc000a37aa8 sp=0xc000a37a60 pc=0x52bb25
net.(*conn).Read(0xc000116f48, {0xc0008da000?, 0x0?, 0x0?})
	net/net.go:194 +0x45 fp=0xc000a37af0 sp=0xc000a37aa8 pc=0x541525
net/http.(*connReader).Read(0xc000797d40, {0xc0008da000, 0x1000, 0x1000})
	net/http/server.go:798 +0x159 fp=0xc000a37b40 sp=0xc000a37af0 pc=0x732279
bufio.(*Reader).fill(0xc0005dade0)
	bufio/bufio.go:113 +0x103 fp=0xc000a37b78 sp=0xc000a37b40 pc=0x559183
bufio.(*Reader).Peek(0xc0005dade0, 0x4)
	bufio/bufio.go:152 +0x53 fp=0xc000a37b98 sp=0xc000a37b78 pc=0x5592b3
net/http.(*conn).serve(0xc0007da510, {0x13ce5e0, 0xc000590a80})
	net/http/server.go:2137 +0x785 fp=0xc000a37fb8 sp=0xc000a37b98 pc=0x738065
net/http.(*Server).Serve.gowrap3()
	net/http/server.go:3454 +0x28 fp=0xc000a37fe0 sp=0xc000a37fb8 pc=0x73d7e8
runtime.goexit({})
	runtime/asm_amd64.s:1700 +0x1 fp=0xc000a37fe8 sp=0xc000a37fe0 pc=0x431d81
created by net/http.(*Server).Serve in goroutine 39
	net/http/server.go:3454 +0x485

goroutine 6308 gp=0xc00051ac40 m=nil [IO wait]:
runtime.gopark(0x0?, 0xc0006296a0?, 0x48?, 0x97?, 0xc00062974c?)
	runtime/proc.go:435 +0xce fp=0xc000a438c8 sp=0xc000a438a8 pc=0x429ace
runtime.netpollblock(0x7ec?, 0x3bffc6?, 0x0?)
	runtime/netpoll.go:575 +0xf7 fp=0xc000a43900 sp=0xc000a438c8 pc=0x3ed377
internal/poll.runtime_pollWait(0x252efd77220, 0x72)
	runtime/netpoll.go:351 +0x85 fp=0xc000a43920 sp=0xc000a43900 pc=0x428c65
internal/poll.(*pollDesc).wait(0x0?, 0xc0008f5970?, 0x0)
	internal/poll/fd_poll_runtime.go:84 +0x27 fp=0xc000a43948 sp=0xc000a43920 pc=0x4b5fa7
internal/poll.execIO(0xc0006296a0, 0x12a9038)
	internal/poll/fd_windows.go:177 +0x105 fp=0xc000a439c0 sp=0xc000a43948 pc=0x4b7405
internal/poll.(*FD).Read(0xc000629688, {0xc00063a000, 0x1000, 0x1000})
	internal/poll/fd_windows.go:438 +0x29b fp=0xc000a43a60 sp=0xc000a439c0 pc=0x4b80db
net.(*netFD).Read(0xc000629688, {0xc00063a000?, 0xc0008f5ad0?, 0x4b6465?})
	net/fd_posix.go:55 +0x25 fp=0xc000a43aa8 sp=0xc000a43a60 pc=0x52bb25
net.(*conn).Read(0xc000116de0, {0xc00063a000?, 0x0?, 0x0?})
	net/net.go:194 +0x45 fp=0xc000a43af0 sp=0xc000a43aa8 pc=0x541525
net/http.(*connReader).Read(0xc000680f30, {0xc00063a000, 0x1000, 0x1000})
	net/http/server.go:798 +0x159 fp=0xc000a43b40 sp=0xc000a43af0 pc=0x732279
bufio.(*Reader).fill(0xc000609d40)
	bufio/bufio.go:113 +0x103 fp=0xc000a43b78 sp=0xc000a43b40 pc=0x559183
bufio.(*Reader).Peek(0xc000609d40, 0x4)
	bufio/bufio.go:152 +0x53 fp=0xc000a43b98 sp=0xc000a43b78 pc=0x5592b3
net/http.(*conn).serve(0xc0006fde60, {0x13ce5e0, 0xc000590a80})
	net/http/server.go:2137 +0x785 fp=0xc000a43fb8 sp=0xc000a43b98 pc=0x738065
net/http.(*Server).Serve.gowrap3()
	net/http/server.go:3454 +0x28 fp=0xc000a43fe0 sp=0xc000a43fb8 pc=0x73d7e8
runtime.goexit({})
	runtime/asm_amd64.s:1700 +0x1 fp=0xc000a43fe8 sp=0xc000a43fe0 pc=0x431d81
created by net/http.(*Server).Serve in goroutine 39
	net/http/server.go:3454 +0x485

goroutine 6273 gp=0xc00051ae00 m=nil [IO wait]:
runtime.gopark(0x0?, 0xc000629420?, 0xc8?, 0x94?, 0xc0006294cc?)
	runtime/proc.go:435 +0xce fp=0xc000acd8c8 sp=0xc000acd8a8 pc=0x429ace
runtime.netpollblock(0x7bc?, 0x3bffc6?, 0x0?)
	runtime/netpoll.go:575 +0xf7 fp=0xc000acd900 sp=0xc000acd8c8 pc=0x3ed377
internal/poll.runtime_pollWait(0x252f13a2080, 0x72)
	runtime/netpoll.go:351 +0x85 fp=0xc000acd920 sp=0xc000acd900 pc=0x428c65
internal/poll.(*pollDesc).wait(0x0?, 0xc00089b970?, 0x0)
	internal/poll/fd_poll_runtime.go:84 +0x27 fp=0xc000acd948 sp=0xc000acd920 pc=0x4b5fa7
internal/poll.execIO(0xc000629420, 0x12a9038)
	internal/poll/fd_windows.go:177 +0x105 fp=0xc000acd9c0 sp=0xc000acd948 pc=0x4b7405
internal/poll.(*FD).Read(0xc000629408, {0xc0007bc000, 0x1000, 0x1000})
	internal/poll/fd_windows.go:438 +0x29b fp=0xc000acda60 sp=0xc000acd9c0 pc=0x4b80db
net.(*netFD).Read(0xc000629408, {0xc0007bc000?, 0xc00089bad0?, 0x4b6465?})
	net/fd_posix.go:55 +0x25 fp=0xc000acdaa8 sp=0xc000acda60 pc=0x52bb25
net.(*conn).Read(0xc000116d78, {0xc0007bc000?, 0x0?, 0x0?})
	net/net.go:194 +0x45 fp=0xc000acdaf0 sp=0xc000acdaa8 pc=0x541525
net/http.(*connReader).Read(0xc0007962a0, {0xc0007bc000, 0x1000, 0x1000})
	net/http/server.go:798 +0x159 fp=0xc000acdb40 sp=0xc000acdaf0 pc=0x732279
bufio.(*Reader).fill(0xc0005da1e0)
	bufio/bufio.go:113 +0x103 fp=0xc000acdb78 sp=0xc000acdb40 pc=0x559183
bufio.(*Reader).Peek(0xc0005da1e0, 0x4)
	bufio/bufio.go:152 +0x53 fp=0xc000acdb98 sp=0xc000acdb78 pc=0x5592b3
net/http.(*conn).serve(0xc0006fdcb0, {0x13ce5e0, 0xc000590a80})
	net/http/server.go:2137 +0x785 fp=0xc000acdfb8 sp=0xc000acdb98 pc=0x738065
net/http.(*Server).Serve.gowrap3()
	net/http/server.go:3454 +0x28 fp=0xc000acdfe0 sp=0xc000acdfb8 pc=0x73d7e8
runtime.goexit({})
	runtime/asm_amd64.s:1700 +0x1 fp=0xc000acdfe8 sp=0xc000acdfe0 pc=0x431d81
created by net/http.(*Server).Serve in goroutine 39
	net/http/server.go:3454 +0x485

goroutine 6207 gp=0xc00051afc0 m=nil [IO wait]:
runtime.gopark(0x0?, 0xc00057cca0?, 0x48?, 0xcd?, 0xc00057cd4c?)
	runtime/proc.go:435 +0xce fp=0xc000ad98c8 sp=0xc000ad98a8 pc=0x429ace
runtime.netpollblock(0x6f4?, 0x3bffc6?, 0x0?)
	runtime/netpoll.go:575 +0xf7 fp=0xc000ad9900 sp=0xc000ad98c8 pc=0x3ed377
internal/poll.runtime_pollWait(0x252efd76b90, 0x72)
	runtime/netpoll.go:351 +0x85 fp=0xc000ad9920 sp=0xc000ad9900 pc=0x428c65
internal/poll.(*pollDesc).wait(0x0?, 0xc000965970?, 0x0)
	internal/poll/fd_poll_runtime.go:84 +0x27 fp=0xc000ad9948 sp=0xc000ad9920 pc=0x4b5fa7
internal/poll.execIO(0xc00057cca0, 0x12a9038)
	internal/poll/fd_windows.go:177 +0x105 fp=0xc000ad99c0 sp=0xc000ad9948 pc=0x4b7405
internal/poll.(*FD).Read(0xc00057cc88, {0xc00095a000, 0x1000, 0x1000})
	internal/poll/fd_windows.go:438 +0x29b fp=0xc000ad9a60 sp=0xc000ad99c0 pc=0x4b80db
net.(*netFD).Read(0xc00057cc88, {0xc00095a000?, 0xc000965ad0?, 0x4b6465?})
	net/fd_posix.go:55 +0x25 fp=0xc000ad9aa8 sp=0xc000ad9a60 pc=0x52bb25
net.(*conn).Read(0xc000684d50, {0xc00095a000?, 0x0?, 0x0?})
	net/net.go:194 +0x45 fp=0xc000ad9af0 sp=0xc000ad9aa8 pc=0x541525
net/http.(*connReader).Read(0xc0008b2a80, {0xc00095a000, 0x1000, 0x1000})
	net/http/server.go:798 +0x159 fp=0xc000ad9b40 sp=0xc000ad9af0 pc=0x732279
bufio.(*Reader).fill(0xc0007766c0)
	bufio/bufio.go:113 +0x103 fp=0xc000ad9b78 sp=0xc000ad9b40 pc=0x559183
bufio.(*Reader).Peek(0xc0007766c0, 0x4)
	bufio/bufio.go:152 +0x53 fp=0xc000ad9b98 sp=0xc000ad9b78 pc=0x5592b3
net/http.(*conn).serve(0xc00046f320, {0x13ce5e0, 0xc000590a80})
	net/http/server.go:2137 +0x785 fp=0xc000ad9fb8 sp=0xc000ad9b98 pc=0x738065
net/http.(*Server).Serve.gowrap3()
	net/http/server.go:3454 +0x28 fp=0xc000ad9fe0 sp=0xc000ad9fb8 pc=0x73d7e8
runtime.goexit({})
	runtime/asm_amd64.s:1700 +0x1 fp=0xc000ad9fe8 sp=0xc000ad9fe0 pc=0x431d81
created by net/http.(*Server).Serve in goroutine 39
	net/http/server.go:3454 +0x485

goroutine 6285 gp=0xc00051b180 m=nil [IO wait]:
runtime.gopark(0x0?, 0xc0006d3420?, 0xc8?, 0x34?, 0xc0006d34cc?)
	runtime/proc.go:435 +0xce fp=0xc000a3f8c8 sp=0xc000a3f8a8 pc=0x429ace
runtime.netpollblock(0x748?, 0x3bffc6?, 0x0?)
	runtime/netpoll.go:575 +0xf7 fp=0xc000a3f900 sp=0xc000a3f8c8 pc=0x3ed377
internal/poll.runtime_pollWait(0x252f13a1c20, 0x72)
	runtime/netpoll.go:351 +0x85 fp=0xc000a3f920 sp=0xc000a3f900 pc=0x428c65
internal/poll.(*pollDesc).wait(0x0?, 0xc00082f970?, 0x0)
	internal/poll/fd_poll_runtime.go:84 +0x27 fp=0xc000a3f948 sp=0xc000a3f920 pc=0x4b5fa7
internal/poll.execIO(0xc0006d3420, 0x12a9038)
	internal/poll/fd_windows.go:177 +0x105 fp=0xc000a3f9c0 sp=0xc000a3f948 pc=0x4b7405
internal/poll.(*FD).Read(0xc0006d3408, {0xc000824000, 0x1000, 0x1000})
	internal/poll/fd_windows.go:438 +0x29b fp=0xc000a3fa60 sp=0xc000a3f9c0 pc=0x4b80db
net.(*netFD).Read(0xc0006d3408, {0xc000824000?, 0xc00082fad0?, 0x4b6465?})
	net/fd_posix.go:55 +0x25 fp=0xc000a3faa8 sp=0xc000a3fa60 pc=0x52bb25
net.(*conn).Read(0xc00007d290, {0xc000824000?, 0x0?, 0x0?})
	net/net.go:194 +0x45 fp=0xc000a3faf0 sp=0xc000a3faa8 pc=0x541525
net/http.(*connReader).Read(0xc0006cf3b0, {0xc000824000, 0x1000, 0x1000})
	net/http/server.go:798 +0x159 fp=0xc000a3fb40 sp=0xc000a3faf0 pc=0x732279
bufio.(*Reader).fill(0xc000541bc0)
	bufio/bufio.go:113 +0x103 fp=0xc000a3fb78 sp=0xc000a3fb40 pc=0x559183
bufio.(*Reader).Peek(0xc000541bc0, 0x4)
	bufio/bufio.go:152 +0x53 fp=0xc000a3fb98 sp=0xc000a3fb78 pc=0x5592b3
net/http.(*conn).serve(0xc0006a0e10, {0x13ce5e0, 0xc000590a80})
	net/http/server.go:2137 +0x785 fp=0xc000a3ffb8 sp=0xc000a3fb98 pc=0x738065
net/http.(*Server).Serve.gowrap3()
	net/http/server.go:3454 +0x28 fp=0xc000a3ffe0 sp=0xc000a3ffb8 pc=0x73d7e8
runtime.goexit({})
	runtime/asm_amd64.s:1700 +0x1 fp=0xc000a3ffe8 sp=0xc000a3ffe0 pc=0x431d81
created by net/http.(*Server).Serve in goroutine 39
	net/http/server.go:3454 +0x485

goroutine 6372 gp=0xc00051b340 m=nil [IO wait]:
runtime.gopark(0x0?, 0xc00077b1a0?, 0x48?, 0xb2?, 0xc00077b24c?)
	runtime/proc.go:435 +0xce fp=0xc000a4b8c8 sp=0xc000a4b8a8 pc=0x429ace
runtime.netpollblock(0x714?, 0x3bffc6?, 0x0?)
	runtime/netpoll.go:575 +0xf7 fp=0xc000a4b900 sp=0xc000a4b8c8 pc=0x3ed377
internal/poll.runtime_pollWait(0x252f1a292c8, 0x72)
	runtime/netpoll.go:351 +0x85 fp=0xc000a4b920 sp=0xc000a4b900 pc=0x428c65
internal/poll.(*pollDesc).wait(0x0?, 0xc000a23970?, 0x0)
	internal/poll/fd_poll_runtime.go:84 +0x27 fp=0xc000a4b948 sp=0xc000a4b920 pc=0x4b5fa7
internal/poll.execIO(0xc00077b1a0, 0x12a9038)
	internal/poll/fd_windows.go:177 +0x105 fp=0xc000a4b9c0 sp=0xc000a4b948 pc=0x4b7405
internal/poll.(*FD).Read(0xc00077b188, {0xc000a1a000, 0x1000, 0x1000})
	internal/poll/fd_windows.go:438 +0x29b fp=0xc000a4ba60 sp=0xc000a4b9c0 pc=0x4b80db
net.(*netFD).Read(0xc00077b188, {0xc000a1a000?, 0xc000a23ad0?, 0x4b6465?})
	net/fd_posix.go:55 +0x25 fp=0xc000a4baa8 sp=0xc000a4ba60 pc=0x52bb25
net.(*conn).Read(0xc000910848, {0xc000a1a000?, 0x0?, 0x0?})
	net/net.go:194 +0x45 fp=0xc000a4baf0 sp=0xc000a4baa8 pc=0x541525
net/http.(*connReader).Read(0xc0008dc6c0, {0xc000a1a000, 0x1000, 0x1000})
	net/http/server.go:798 +0x159 fp=0xc000a4bb40 sp=0xc000a4baf0 pc=0x732279
bufio.(*Reader).fill(0xc0005db380)
	bufio/bufio.go:113 +0x103 fp=0xc000a4bb78 sp=0xc000a4bb40 pc=0x559183
bufio.(*Reader).Peek(0xc0005db380, 0x4)
	bufio/bufio.go:152 +0x53 fp=0xc000a4bb98 sp=0xc000a4bb78 pc=0x5592b3
net/http.(*conn).serve(0xc000968630, {0x13ce5e0, 0xc000590a80})
	net/http/server.go:2137 +0x785 fp=0xc000a4bfb8 sp=0xc000a4bb98 pc=0x738065
net/http.(*Server).Serve.gowrap3()
	net/http/server.go:3454 +0x28 fp=0xc000a4bfe0 sp=0xc000a4bfb8 pc=0x73d7e8
runtime.goexit({})
	runtime/asm_amd64.s:1700 +0x1 fp=0xc000a4bfe8 sp=0xc000a4bfe0 pc=0x431d81
created by net/http.(*Server).Serve in goroutine 39
	net/http/server.go:3454 +0x485

goroutine 6271 gp=0xc00051b500 m=nil [IO wait]:
runtime.gopark(0x0?, 0xc0006291a0?, 0x48?, 0x92?, 0xc00062924c?)
	runtime/proc.go:435 +0xce fp=0xc000b178c8 sp=0xc000b178a8 pc=0x429ace
runtime.netpollblock(0x3a0?, 0x3bffc6?, 0x0?)
	runtime/netpoll.go:575 +0xf7 fp=0xc000b17900 sp=0xc000b178c8 pc=0x3ed377
internal/poll.runtime_pollWait(0x252f13a2198, 0x72)
	runtime/netpoll.go:351 +0x85 fp=0xc000b17920 sp=0xc000b17900 pc=0x428c65
internal/poll.(*pollDesc).wait(0x0?, 0xc000893970?, 0x0)
	internal/poll/fd_poll_runtime.go:84 +0x27 fp=0xc000b17948 sp=0xc000b17920 pc=0x4b5fa7
internal/poll.execIO(0xc0006291a0, 0x12a9038)
	internal/poll/fd_windows.go:177 +0x105 fp=0xc000b179c0 sp=0xc000b17948 pc=0x4b7405
internal/poll.(*FD).Read(0xc000629188, {0xc000794000, 0x1000, 0x1000})
	internal/poll/fd_windows.go:438 +0x29b fp=0xc000b17a60 sp=0xc000b179c0 pc=0x4b80db
net.(*netFD).Read(0xc000629188, {0xc000794000?, 0xc000893ad0?, 0x4b6465?})
	net/fd_posix.go:55 +0x25 fp=0xc000b17aa8 sp=0xc000b17a60 pc=0x52bb25
net.(*conn).Read(0xc000116d40, {0xc000794000?, 0x0?, 0x0?})
	net/net.go:194 +0x45 fp=0xc000b17af0 sp=0xc000b17aa8 pc=0x541525
net/http.(*connReader).Read(0xc000683f20, {0xc000794000, 0x1000, 0x1000})
	net/http/server.go:798 +0x159 fp=0xc000b17b40 sp=0xc000b17af0 pc=0x732279
bufio.(*Reader).fill(0xc0005da060)
	bufio/bufio.go:113 +0x103 fp=0xc000b17b78 sp=0xc000b17b40 pc=0x559183
bufio.(*Reader).Peek(0xc0005da060, 0x4)
	bufio/bufio.go:152 +0x53 fp=0xc000b17b98 sp=0xc000b17b78 pc=0x5592b3
net/http.(*conn).serve(0xc0006fdb90, {0x13ce5e0, 0xc000590a80})
	net/http/server.go:2137 +0x785 fp=0xc000b17fb8 sp=0xc000b17b98 pc=0x738065
net/http.(*Server).Serve.gowrap3()
	net/http/server.go:3454 +0x28 fp=0xc000b17fe0 sp=0xc000b17fb8 pc=0x73d7e8
runtime.goexit({})
	runtime/asm_amd64.s:1700 +0x1 fp=0xc000b17fe8 sp=0xc000b17fe0 pc=0x431d81
created by net/http.(*Server).Serve in goroutine 39
	net/http/server.go:3454 +0x485

goroutine 6275 gp=0xc00051b6c0 m=nil [IO wait]:
runtime.gopark(0x0?, 0xc0006d22a0?, 0x48?, 0x23?, 0xc0006d234c?)
	runtime/proc.go:435 +0xce fp=0xc000a478c8 sp=0xc000a478a8 pc=0x429ace
runtime.netpollblock(0x7cc?, 0x3bffc6?, 0x0?)
	runtime/netpoll.go:575 +0xf7 fp=0xc000a47900 sp=0xc000a478c8 pc=0x3ed377
internal/poll.runtime_pollWait(0x252f138db38, 0x72)
	runtime/netpoll.go:351 +0x85 fp=0xc000a47920 sp=0xc000a47900 pc=0x428c65
internal/poll.(*pollDesc).wait(0x0?, 0xc0007a5970?, 0x0)
	internal/poll/fd_poll_runtime.go:84 +0x27 fp=0xc000a47948 sp=0xc000a47920 pc=0x4b5fa7
internal/poll.execIO(0xc0006d22a0, 0x12a9038)
	internal/poll/fd_windows.go:177 +0x105 fp=0xc000a479c0 sp=0xc000a47948 pc=0x4b7405
internal/poll.(*FD).Read(0xc0006d2288, {0xc00043c000, 0x1000, 0x1000})
	internal/poll/fd_windows.go:438 +0x29b fp=0xc000a47a60 sp=0xc000a479c0 pc=0x4b80db
net.(*netFD).Read(0xc0006d2288, {0xc00043c000?, 0xc0007a5ad0?, 0x4b6465?})
	net/fd_posix.go:55 +0x25 fp=0xc000a47aa8 sp=0xc000a47a60 pc=0x52bb25
net.(*conn).Read(0xc00007d1a0, {0xc00043c000?, 0x0?, 0x0?})
	net/net.go:194 +0x45 fp=0xc000a47af0 sp=0xc000a47aa8 pc=0x541525
net/http.(*connReader).Read(0xc00061bb60, {0xc00043c000, 0x1000, 0x1000})
	net/http/server.go:798 +0x159 fp=0xc000a47b40 sp=0xc000a47af0 pc=0x732279
bufio.(*Reader).fill(0xc000540720)
	bufio/bufio.go:113 +0x103 fp=0xc000a47b78 sp=0xc000a47b40 pc=0x559183
bufio.(*Reader).Peek(0xc000540720, 0x4)
	bufio/bufio.go:152 +0x53 fp=0xc000a47b98 sp=0xc000a47b78 pc=0x5592b3
net/http.(*conn).serve(0xc0006a0870, {0x13ce5e0, 0xc000590a80})
	net/http/server.go:2137 +0x785 fp=0xc000a47fb8 sp=0xc000a47b98 pc=0x738065
net/http.(*Server).Serve.gowrap3()
	net/http/server.go:3454 +0x28 fp=0xc000a47fe0 sp=0xc000a47fb8 pc=0x73d7e8
runtime.goexit({})
	runtime/asm_amd64.s:1700 +0x1 fp=0xc000a47fe8 sp=0xc000a47fe0 pc=0x431d81
created by net/http.(*Server).Serve in goroutine 39
	net/http/server.go:3454 +0x485

goroutine 6277 gp=0xc00051b880 m=nil [IO wait]:
runtime.gopark(0x0?, 0xc0006d27a0?, 0x48?, 0x28?, 0xc0006d284c?)
	runtime/proc.go:435 +0xce fp=0xc000b138c8 sp=0xc000b138a8 pc=0x429ace
runtime.netpollblock(0x680?, 0x3bffc6?, 0x0?)
	runtime/netpoll.go:575 +0xf7 fp=0xc000b13900 sp=0xc000b138c8 pc=0x3ed377
internal/poll.runtime_pollWait(0x252f138d7f0, 0x72)
	runtime/netpoll.go:351 +0x85 fp=0xc000b13920 sp=0xc000b13900 pc=0x428c65
internal/poll.(*pollDesc).wait(0x0?, 0xc0007e9970?, 0x0)
	internal/poll/fd_poll_runtime.go:84 +0x27 fp=0xc000b13948 sp=0xc000b13920 pc=0x4b5fa7
internal/poll.execIO(0xc0006d27a0, 0x12a9038)
	internal/poll/fd_windows.go:177 +0x105 fp=0xc000b139c0 sp=0xc000b13948 pc=0x4b7405
internal/poll.(*FD).Read(0xc0006d2788, {0xc000704000, 0x1000, 0x1000})
	internal/poll/fd_windows.go:438 +0x29b fp=0xc000b13a60 sp=0xc000b139c0 pc=0x4b80db
net.(*netFD).Read(0xc0006d2788, {0xc000704000?, 0xc0007e9ad0?, 0x4b6465?})
	net/fd_posix.go:55 +0x25 fp=0xc000b13aa8 sp=0xc000b13a60 pc=0x52bb25
net.(*conn).Read(0xc00007d1b0, {0xc000704000?, 0x0?, 0x0?})
	net/net.go:194 +0x45 fp=0xc000b13af0 sp=0xc000b13aa8 pc=0x541525
net/http.(*connReader).Read(0xc00061be60, {0xc000704000, 0x1000, 0x1000})
	net/http/server.go:798 +0x159 fp=0xc000b13b40 sp=0xc000b13af0 pc=0x732279
bufio.(*Reader).fill(0xc000697080)
	bufio/bufio.go:113 +0x103 fp=0xc000b13b78 sp=0xc000b13b40 pc=0x559183
bufio.(*Reader).Peek(0xc000697080, 0x4)
	bufio/bufio.go:152 +0x53 fp=0xc000b13b98 sp=0xc000b13b78 pc=0x5592b3
net/http.(*conn).serve(0xc0006a0990, {0x13ce5e0, 0xc000590a80})
	net/http/server.go:2137 +0x785 fp=0xc000b13fb8 sp=0xc000b13b98 pc=0x738065
net/http.(*Server).Serve.gowrap3()
	net/http/server.go:3454 +0x28 fp=0xc000b13fe0 sp=0xc000b13fb8 pc=0x73d7e8
runtime.goexit({})
	runtime/asm_amd64.s:1700 +0x1 fp=0xc000b13fe8 sp=0xc000b13fe0 pc=0x431d81
created by net/http.(*Server).Serve in goroutine 39
	net/http/server.go:3454 +0x485

goroutine 6282 gp=0xc00051ba40 m=nil [IO wait]:
runtime.gopark(0x0?, 0xc0006d2f20?, 0xc8?, 0x2f?, 0xc0006d2fcc?)
	runtime/proc.go:435 +0xce fp=0xc000b1f8c8 sp=0xc000b1f8a8 pc=0x429ace
runtime.netpollblock(0x750?, 0x3bffc6?, 0x0?)
	runtime/netpoll.go:575 +0xf7 fp=0xc000b1f900 sp=0xc000b1f8c8 pc=0x3ed377
internal/poll.runtime_pollWait(0x252f138d390, 0x72)
	runtime/netpoll.go:351 +0x85 fp=0xc000b1f920 sp=0xc000b1f900 pc=0x428c65
internal/poll.(*pollDesc).wait(0x0?, 0xc000763970?, 0x0)
	internal/poll/fd_poll_runtime.go:84 +0x27 fp=0xc000b1f948 sp=0xc000b1f920 pc=0x4b5fa7
internal/poll.execIO(0xc0006d2f20, 0x12a9038)
	internal/poll/fd_windows.go:177 +0x105 fp=0xc000b1f9c0 sp=0xc000b1f948 pc=0x4b7405
internal/poll.(*FD).Read(0xc0006d2f08, {0xc000784000, 0x1000, 0x1000})
	internal/poll/fd_windows.go:438 +0x29b fp=0xc000b1fa60 sp=0xc000b1f9c0 pc=0x4b80db
net.(*netFD).Read(0xc0006d2f08, {0xc000784000?, 0xc000763ad0?, 0x4b6465?})
	net/fd_posix.go:55 +0x25 fp=0xc000b1faa8 sp=0xc000b1fa60 pc=0x52bb25
net.(*conn).Read(0xc00007d230, {0xc000784000?, 0x0?, 0x0?})
	net/net.go:194 +0x45 fp=0xc000b1faf0 sp=0xc000b1faa8 pc=0x541525
net/http.(*connReader).Read(0xc000683b00, {0xc000784000, 0x1000, 0x1000})
	net/http/server.go:798 +0x159 fp=0xc000b1fb40 sp=0xc000b1faf0 pc=0x732279
bufio.(*Reader).fill(0xc000731d40)
	bufio/bufio.go:113 +0x103 fp=0xc000b1fb78 sp=0xc000b1fb40 pc=0x559183
bufio.(*Reader).Peek(0xc000731d40, 0x4)
	bufio/bufio.go:152 +0x53 fp=0xc000b1fb98 sp=0xc000b1fb78 pc=0x5592b3
net/http.(*conn).serve(0xc0006a0c60, {0x13ce5e0, 0xc000590a80})
	net/http/server.go:2137 +0x785 fp=0xc000b1ffb8 sp=0xc000b1fb98 pc=0x738065
net/http.(*Server).Serve.gowrap3()
	net/http/server.go:3454 +0x28 fp=0xc000b1ffe0 sp=0xc000b1ffb8 pc=0x73d7e8
runtime.goexit({})
	runtime/asm_amd64.s:1700 +0x1 fp=0xc000b1ffe8 sp=0xc000b1ffe0 pc=0x431d81
created by net/http.(*Server).Serve in goroutine 39
	net/http/server.go:3454 +0x485

goroutine 6278 gp=0xc00051bc00 m=nil [IO wait]:
runtime.gopark(0x0?, 0xc0006d2a20?, 0xc8?, 0x2a?, 0xc0006d2acc?)
	runtime/proc.go:435 +0xce fp=0xc000b1b8c8 sp=0xc000b1b8a8 pc=0x429ace
runtime.netpollblock(0x650?, 0x3bffc6?, 0x0?)
	runtime/netpoll.go:575 +0xf7 fp=0xc000b1b900 sp=0xc000b1b8c8 pc=0x3ed377
internal/poll.runtime_pollWait(0x252f138d5c0, 0x72)
	runtime/netpoll.go:351 +0x85 fp=0xc000b1b920 sp=0xc000b1b900 pc=0x428c65
internal/poll.(*pollDesc).wait(0x0?, 0xc00080d970?, 0x0)
	internal/poll/fd_poll_runtime.go:84 +0x27 fp=0xc000b1b948 sp=0xc000b1b920 pc=0x4b5fa7
internal/poll.execIO(0xc0006d2a20, 0x12a9038)
	internal/poll/fd_windows.go:177 +0x105 fp=0xc000b1b9c0 sp=0xc000b1b948 pc=0x4b7405
internal/poll.(*FD).Read(0xc0006d2a08, {0xc000799000, 0x1000, 0x1000})
	internal/poll/fd_windows.go:438 +0x29b fp=0xc000b1ba60 sp=0xc000b1b9c0 pc=0x4b80db
net.(*netFD).Read(0xc0006d2a08, {0xc000799000?, 0xc00080dad0?, 0x4b6465?})
	net/fd_posix.go:55 +0x25 fp=0xc000b1baa8 sp=0xc000b1ba60 pc=0x52bb25
net.(*conn).Read(0xc00007d1b8, {0xc000799000?, 0x0?, 0x0?})
	net/net.go:194 +0x45 fp=0xc000b1baf0 sp=0xc000b1baa8 pc=0x541525
net/http.(*connReader).Read(0xc0006ce750, {0xc000799000, 0x1000, 0x1000})
	net/http/server.go:798 +0x159 fp=0xc000b1bb40 sp=0xc000b1baf0 pc=0x732279
bufio.(*Reader).fill(0xc0001fa2a0)
	bufio/bufio.go:113 +0x103 fp=0xc000b1bb78 sp=0xc000b1bb40 pc=0x559183
bufio.(*Reader).Peek(0xc0001fa2a0, 0x4)
	bufio/bufio.go:152 +0x53 fp=0xc000b1bb98 sp=0xc000b1bb78 pc=0x5592b3
net/http.(*conn).serve(0xc0006a0a20, {0x13ce5e0, 0xc000590a80})
	net/http/server.go:2137 +0x785 fp=0xc000b1bfb8 sp=0xc000b1bb98 pc=0x738065
net/http.(*Server).Serve.gowrap3()
	net/http/server.go:3454 +0x28 fp=0xc000b1bfe0 sp=0xc000b1bfb8 pc=0x73d7e8
runtime.goexit({})
	runtime/asm_amd64.s:1700 +0x1 fp=0xc000b1bfe8 sp=0xc000b1bfe0 pc=0x431d81
created by net/http.(*Server).Serve in goroutine 39
	net/http/server.go:3454 +0x485

goroutine 6305 gp=0xc000800380 m=nil [IO wait]:
runtime.gopark(0x0?, 0xc00077a020?, 0xc8?, 0xa0?, 0xc00077a0cc?)
	runtime/proc.go:435 +0xce fp=0xc000ad58c8 sp=0xc000ad58a8 pc=0x429ace
runtime.netpollblock(0x780?, 0x3bffc6?, 0x0?)
	runtime/netpoll.go:575 +0xf7 fp=0xc000ad5900 sp=0xc000ad58c8 pc=0x3ed377
internal/poll.runtime_pollWait(0x252efd77108, 0x72)
	runtime/netpoll.go:351 +0x85 fp=0xc000ad5920 sp=0xc000ad5900 pc=0x428c65
internal/poll.(*pollDesc).wait(0x0?, 0xc0008fd970?, 0x0)
	internal/poll/fd_poll_runtime.go:84 +0x27 fp=0xc000ad5948 sp=0xc000ad5920 pc=0x4b5fa7
internal/poll.execIO(0xc00077a020, 0x12a9038)
	internal/poll/fd_windows.go:177 +0x105 fp=0xc000ad59c0 sp=0xc000ad5948 pc=0x4b7405
internal/poll.(*FD).Read(0xc00077a008, {0xc0008ac000, 0x1000, 0x1000})
	internal/poll/fd_windows.go:438 +0x29b fp=0xc000ad5a60 sp=0xc000ad59c0 pc=0x4b80db
net.(*netFD).Read(0xc00077a008, {0xc0008ac000?, 0xc0008fdad0?, 0x4b6465?})
	net/fd_posix.go:55 +0x25 fp=0xc000ad5aa8 sp=0xc000ad5a60 pc=0x52bb25
net.(*conn).Read(0xc000910590, {0xc0008ac000?, 0x0?, 0x0?})
	net/net.go:194 +0x45 fp=0xc000ad5af0 sp=0xc000ad5aa8 pc=0x541525
net/http.(*connReader).Read(0xc000715ec0, {0xc0008ac000, 0x1000, 0x1000})
	net/http/server.go:798 +0x159 fp=0xc000ad5b40 sp=0xc000ad5af0 pc=0x732279
bufio.(*Reader).fill(0xc000776120)
	bufio/bufio.go:113 +0x103 fp=0xc000ad5b78 sp=0xc000ad5b40 pc=0x559183
bufio.(*Reader).Peek(0xc000776120, 0x4)
	bufio/bufio.go:152 +0x53 fp=0xc000ad5b98 sp=0xc000ad5b78 pc=0x5592b3
net/http.(*conn).serve(0xc00027fb00, {0x13ce5e0, 0xc000590a80})
	net/http/server.go:2137 +0x785 fp=0xc000ad5fb8 sp=0xc000ad5b98 pc=0x738065
net/http.(*Server).Serve.gowrap3()
	net/http/server.go:3454 +0x28 fp=0xc000ad5fe0 sp=0xc000ad5fb8 pc=0x73d7e8
runtime.goexit({})
	runtime/asm_amd64.s:1700 +0x1 fp=0xc000ad5fe8 sp=0xc000ad5fe0 pc=0x431d81
created by net/http.(*Server).Serve in goroutine 39
	net/http/server.go:3454 +0x485

goroutine 6310 gp=0xc000800540 m=nil [IO wait]:
runtime.gopark(0x0?, 0xc000629920?, 0xc8?, 0x99?, 0xc0006299cc?)
	runtime/proc.go:435 +0xce fp=0xc000c838c8 sp=0xc000c838a8 pc=0x429ace
runtime.netpollblock(0x71c?, 0x3bffc6?, 0x0?)
	runtime/netpoll.go:575 +0xf7 fp=0xc000c83900 sp=0xc000c838c8 pc=0x3ed377
internal/poll.runtime_pollWait(0x252f138d278, 0x72)
	runtime/netpoll.go:351 +0x85 fp=0xc000c83920 sp=0xc000c83900 pc=0x428c65
internal/poll.(*pollDesc).wait(0x0?, 0xc00076b970?, 0x0)
	internal/poll/fd_poll_runtime.go:84 +0x27 fp=0xc000c83948 sp=0xc000c83920 pc=0x4b5fa7
internal/poll.execIO(0xc000629920, 0x12a9038)
	internal/poll/fd_windows.go:177 +0x105 fp=0xc000c839c0 sp=0xc000c83948 pc=0x4b7405
internal/poll.(*FD).Read(0xc000629908, {0xc0007dc000, 0x1000, 0x1000})
	internal/poll/fd_windows.go:438 +0x29b fp=0xc000c83a60 sp=0xc000c839c0 pc=0x4b80db
net.(*netFD).Read(0xc000629908, {0xc0007dc000?, 0xc00076bad0?, 0x4b6465?})
	net/fd_posix.go:55 +0x25 fp=0xc000c83aa8 sp=0xc000c83a60 pc=0x52bb25
net.(*conn).Read(0xc000116e18, {0xc0007dc000?, 0x0?, 0x0?})
	net/net.go:194 +0x45 fp=0xc000c83af0 sp=0xc000c83aa8 pc=0x541525
net/http.(*connReader).Read(0xc000796ae0, {0xc0007dc000, 0x1000, 0x1000})
	net/http/server.go:798 +0x159 fp=0xc000c83b40 sp=0xc000c83af0 pc=0x732279
bufio.(*Reader).fill(0xc0005da6c0)
	bufio/bufio.go:113 +0x103 fp=0xc000c83b78 sp=0xc000c83b40 pc=0x559183
bufio.(*Reader).Peek(0xc0005da6c0, 0x4)
	bufio/bufio.go:152 +0x53 fp=0xc000c83b98 sp=0xc000c83b78 pc=0x5592b3
net/http.(*conn).serve(0xc0007da000, {0x13ce5e0, 0xc000590a80})
	net/http/server.go:2137 +0x785 fp=0xc000c83fb8 sp=0xc000c83b98 pc=0x738065
net/http.(*Server).Serve.gowrap3()
	net/http/server.go:3454 +0x28 fp=0xc000c83fe0 sp=0xc000c83fb8 pc=0x73d7e8
runtime.goexit({})
	runtime/asm_amd64.s:1700 +0x1 fp=0xc000c83fe8 sp=0xc000c83fe0 pc=0x431d81
created by net/http.(*Server).Serve in goroutine 39
	net/http/server.go:3454 +0x485

goroutine 6208 gp=0xc000800700 m=nil [IO wait]:
runtime.gopark(0x0?, 0xc00057cf20?, 0xc8?, 0xcf?, 0xc00057cfcc?)
	runtime/proc.go:435 +0xce fp=0xc000b318c8 sp=0xc000b318a8 pc=0x429ace
runtime.netpollblock(0x798?, 0x3bffc6?, 0x0?)
	runtime/netpoll.go:575 +0xf7 fp=0xc000b31900 sp=0xc000b318c8 pc=0x3ed377
internal/poll.runtime_pollWait(0x252efd76a78, 0x72)
	runtime/netpoll.go:351 +0x85 fp=0xc000b31920 sp=0xc000b31900 pc=0x428c65
internal/poll.(*pollDesc).wait(0x0?, 0xc000971970?, 0x0)
	internal/poll/fd_poll_runtime.go:84 +0x27 fp=0xc000b31948 sp=0xc000b31920 pc=0x4b5fa7
internal/poll.execIO(0xc00057cf20, 0x12a9038)
	internal/poll/fd_windows.go:177 +0x105 fp=0xc000b319c0 sp=0xc000b31948 pc=0x4b7405
internal/poll.(*FD).Read(0xc00057cf08, {0xc000966000, 0x1000, 0x1000})
	internal/poll/fd_windows.go:438 +0x29b fp=0xc000b31a60 sp=0xc000b319c0 pc=0x4b80db
net.(*netFD).Read(0xc00057cf08, {0xc000966000?, 0xc000971ad0?, 0x4b6465?})
	net/fd_posix.go:55 +0x25 fp=0xc000b31aa8 sp=0xc000b31a60 pc=0x52bb25
net.(*conn).Read(0xc000684d58, {0xc000966000?, 0x0?, 0x0?})
	net/net.go:194 +0x45 fp=0xc000b31af0 sp=0xc000b31aa8 pc=0x541525
net/http.(*connReader).Read(0xc0008b3080, {0xc000966000, 0x1000, 0x1000})
	net/http/server.go:798 +0x159 fp=0xc000b31b40 sp=0xc000b31af0 pc=0x732279
bufio.(*Reader).fill(0xc0007768a0)
	bufio/bufio.go:113 +0x103 fp=0xc000b31b78 sp=0xc000b31b40 pc=0x559183
bufio.(*Reader).Peek(0xc0007768a0, 0x4)
	bufio/bufio.go:152 +0x53 fp=0xc000b31b98 sp=0xc000b31b78 pc=0x5592b3
net/http.(*conn).serve(0xc00046f3b0, {0x13ce5e0, 0xc000590a80})
	net/http/server.go:2137 +0x785 fp=0xc000b31fb8 sp=0xc000b31b98 pc=0x738065
net/http.(*Server).Serve.gowrap3()
	net/http/server.go:3454 +0x28 fp=0xc000b31fe0 sp=0xc000b31fb8 pc=0x73d7e8
runtime.goexit({})
	runtime/asm_amd64.s:1700 +0x1 fp=0xc000b31fe8 sp=0xc000b31fe0 pc=0x431d81
created by net/http.(*Server).Serve in goroutine 39
	net/http/server.go:3454 +0x485

goroutine 6330 gp=0xc0008008c0 m=nil [IO wait]:
runtime.gopark(0x0?, 0xc00077a7a0?, 0x48?, 0xa8?, 0xc00077a84c?)
	runtime/proc.go:435 +0xce fp=0xc000c038c8 sp=0xc000c038a8 pc=0x429ace
runtime.netpollblock(0x77c?, 0x3bffc6?, 0x0?)
	runtime/netpoll.go:575 +0xf7 fp=0xc000c03900 sp=0xc000c038c8 pc=0x3ed377
internal/poll.runtime_pollWait(0x252efd76960, 0x72)
	runtime/netpoll.go:351 +0x85 fp=0xc000c03920 sp=0xc000c03900 pc=0x428c65
internal/poll.(*pollDesc).wait(0x0?, 0xc00097d970?, 0x0)
	internal/poll/fd_poll_runtime.go:84 +0x27 fp=0xc000c03948 sp=0xc000c03920 pc=0x4b5fa7
internal/poll.execIO(0xc00077a7a0, 0x12a9038)
	internal/poll/fd_windows.go:177 +0x105 fp=0xc000c039c0 sp=0xc000c03948 pc=0x4b7405
internal/poll.(*FD).Read(0xc00077a788, {0xc000972000, 0x1000, 0x1000})
	internal/poll/fd_windows.go:438 +0x29b fp=0xc000c03a60 sp=0xc000c039c0 pc=0x4b80db
net.(*netFD).Read(0xc00077a788, {0xc000972000?, 0xc00097dad0?, 0x4b6465?})
	net/fd_posix.go:55 +0x25 fp=0xc000c03aa8 sp=0xc000c03a60 pc=0x52bb25
net.(*conn).Read(0xc0009106e8, {0xc000972000?, 0x0?, 0x0?})
	net/net.go:194 +0x45 fp=0xc000c03af0 sp=0xc000c03aa8 pc=0x541525
net/http.(*connReader).Read(0xc0008b3380, {0xc000972000, 0x1000, 0x1000})
	net/http/server.go:798 +0x159 fp=0xc000c03b40 sp=0xc000c03af0 pc=0x732279
bufio.(*Reader).fill(0xc000776a20)
	bufio/bufio.go:113 +0x103 fp=0xc000c03b78 sp=0xc000c03b40 pc=0x559183
bufio.(*Reader).Peek(0xc000776a20, 0x4)
	bufio/bufio.go:152 +0x53 fp=0xc000c03b98 sp=0xc000c03b78 pc=0x5592b3
net/http.(*conn).serve(0xc000968090, {0x13ce5e0, 0xc000590a80})
	net/http/server.go:2137 +0x785 fp=0xc000c03fb8 sp=0xc000c03b98 pc=0x738065
net/http.(*Server).Serve.gowrap3()
	net/http/server.go:3454 +0x28 fp=0xc000c03fe0 sp=0xc000c03fb8 pc=0x73d7e8
runtime.goexit({})
	runtime/asm_amd64.s:1700 +0x1 fp=0xc000c03fe8 sp=0xc000c03fe0 pc=0x431d81
created by net/http.(*Server).Serve in goroutine 39
	net/http/server.go:3454 +0x485

goroutine 6332 gp=0xc000800a80 m=nil [IO wait]:
runtime.gopark(0x0?, 0xc00077aa20?, 0xc8?, 0xaa?, 0xc00077aacc?)
	runtime/proc.go:435 +0xce fp=0xc000b358c8 sp=0xc000b358a8 pc=0x429ace
runtime.netpollblock(0x7e0?, 0x3bffc6?, 0x0?)
	runtime/netpoll.go:575 +0xf7 fp=0xc000b35900 sp=0xc000b358c8 pc=0x3ed377
internal/poll.runtime_pollWait(0x252f13a16a8, 0x72)
	runtime/netpoll.go:351 +0x85 fp=0xc000b35920 sp=0xc000b35900 pc=0x428c65
internal/poll.(*pollDesc).wait(0x0?, 0xc0008a3970?, 0x0)
	internal/poll/fd_poll_runtime.go:84 +0x27 fp=0xc000b35948 sp=0xc000b35920 pc=0x4b5fa7
internal/poll.execIO(0xc00077aa20, 0x12a9038)
	internal/poll/fd_windows.go:177 +0x105 fp=0xc000b359c0 sp=0xc000b35948 pc=0x4b7405
internal/poll.(*FD).Read(0xc00077aa08, {0xc000604000, 0x1000, 0x1000})
	internal/poll/fd_windows.go:438 +0x29b fp=0xc000b35a60 sp=0xc000b359c0 pc=0x4b80db
net.(*netFD).Read(0xc00077aa08, {0xc000604000?, 0xc0008a3ad0?, 0x4b6465?})
	net/fd_posix.go:55 +0x25 fp=0xc000b35aa8 sp=0xc000b35a60 pc=0x52bb25
net.(*conn).Read(0xc000910720, {0xc000604000?, 0x0?, 0x0?})
	net/net.go:194 +0x45 fp=0xc000b35af0 sp=0xc000b35aa8 pc=0x541525
net/http.(*connReader).Read(0xc0007976e0, {0xc000604000, 0x1000, 0x1000})
	net/http/server.go:798 +0x159 fp=0xc000b35b40 sp=0xc000b35af0 pc=0x732279
bufio.(*Reader).fill(0xc0006099e0)
	bufio/bufio.go:113 +0x103 fp=0xc000b35b78 sp=0xc000b35b40 pc=0x559183
bufio.(*Reader).Peek(0xc0006099e0, 0x4)
	bufio/bufio.go:152 +0x53 fp=0xc000b35b98 sp=0xc000b35b78 pc=0x5592b3
net/http.(*conn).serve(0xc0009681b0, {0x13ce5e0, 0xc000590a80})
	net/http/server.go:2137 +0x785 fp=0xc000b35fb8 sp=0xc000b35b98 pc=0x738065
net/http.(*Server).Serve.gowrap3()
	net/http/server.go:3454 +0x28 fp=0xc000b35fe0 sp=0xc000b35fb8 pc=0x73d7e8
runtime.goexit({})
	runtime/asm_amd64.s:1700 +0x1 fp=0xc000b35fe8 sp=0xc000b35fe0 pc=0x431d81
created by net/http.(*Server).Serve in goroutine 39
	net/http/server.go:3454 +0x485

goroutine 6337 gp=0xc000800c40 m=nil [IO wait]:
runtime.gopark(0x0?, 0xc00077aca0?, 0x48?, 0xad?, 0xc00077ad4c?)
	runtime/proc.go:435 +0xce fp=0xc000c878c8 sp=0xc000c878a8 pc=0x429ace
runtime.netpollblock(0x39c?, 0x3bffc6?, 0x0?)
	runtime/netpoll.go:575 +0xf7 fp=0xc000c87900 sp=0xc000c878c8 pc=0x3ed377
internal/poll.runtime_pollWait(0x252f1a29610, 0x72)
	runtime/netpoll.go:351 +0x85 fp=0xc000c87920 sp=0xc000c87900 pc=0x428c65
internal/poll.(*pollDesc).wait(0x0?, 0xc000713970?, 0x0)
	internal/poll/fd_poll_runtime.go:84 +0x27 fp=0xc000c87948 sp=0xc000c87920 pc=0x4b5fa7
internal/poll.execIO(0xc00077aca0, 0x12a9038)
	internal/poll/fd_windows.go:177 +0x105 fp=0xc000c879c0 sp=0xc000c87948 pc=0x4b7405
internal/poll.(*FD).Read(0xc00077ac88, {0xc0006a9000, 0x1000, 0x1000})
	internal/poll/fd_windows.go:438 +0x29b fp=0xc000c87a60 sp=0xc000c879c0 pc=0x4b80db
net.(*netFD).Read(0xc00077ac88, {0xc0006a9000?, 0xc000713ad0?, 0x4b6465?})
	net/fd_posix.go:55 +0x25 fp=0xc000c87aa8 sp=0xc000c87a60 pc=0x52bb25
net.(*conn).Read(0xc000910808, {0xc0006a9000?, 0x0?, 0x0?})
	net/net.go:194 +0x45 fp=0xc000c87af0 sp=0xc000c87aa8 pc=0x541525
net/http.(*connReader).Read(0xc0008dc420, {0xc0006a9000, 0x1000, 0x1000})
	net/http/server.go:798 +0x159 fp=0xc000c87b40 sp=0xc000c87af0 pc=0x732279
bufio.(*Reader).fill(0xc0009423c0)
	bufio/bufio.go:113 +0x103 fp=0xc000c87b78 sp=0xc000c87b40 pc=0x559183
bufio.(*Reader).Peek(0xc0009423c0, 0x4)
	bufio/bufio.go:152 +0x53 fp=0xc000c87b98 sp=0xc000c87b78 pc=0x5592b3
net/http.(*conn).serve(0xc000968480, {0x13ce5e0, 0xc000590a80})
	net/http/server.go:2137 +0x785 fp=0xc000c87fb8 sp=0xc000c87b98 pc=0x738065
net/http.(*Server).Serve.gowrap3()
	net/http/server.go:3454 +0x28 fp=0xc000c87fe0 sp=0xc000c87fb8 pc=0x73d7e8
runtime.goexit({})
	runtime/asm_amd64.s:1700 +0x1 fp=0xc000c87fe8 sp=0xc000c87fe0 pc=0x431d81
created by net/http.(*Server).Serve in goroutine 39
	net/http/server.go:3454 +0x485
Flag --region has been deprecated, ngrok automatically chooses the region with lowest latency
fatal error: runtime: cannot allocate memory

runtime stack:
runtime.throw({0x10b9316?, 0x0?})
	runtime/panic.go:1101 +0x4d fp=0x4a1f7ffbb8 sp=0x4a1f7ffb88 pc=0x4599ad
runtime.persistentalloc1(0x3fc0, 0x0?, 0x1c660c0)
	runtime/malloc.go:1957 +0x245 fp=0x4a1f7ffc00 sp=0x4a1f7ffbb8 pc=0x3fab85
runtime.persistentalloc.func1()
	runtime/malloc.go:1910 +0x28 fp=0x4a1f7ffc30 sp=0x4a1f7ffc00 pc=0x3fa928
runtime.persistentalloc(0x1c31cc0?, 0x2030002?, 0x42b5e9?)
	runtime/malloc.go:1909 +0x45 fp=0x4a1f7ffc78 sp=0x4a1f7ffc30 pc=0x3fa8c5
runtime.(*fixalloc).alloc(0x1c38680)
	runtime/mfixalloc.go:90 +0x77 fp=0x4a1f7ffcb0 sp=0x4a1f7ffc78 pc=0x400df7
runtime.(*mheap).allocMSpanLocked(0x1c21c00)
	runtime/mheap.go:1125 +0x9b fp=0x4a1f7ffce0 sp=0x4a1f7ffcb0 pc=0x41067b
runtime.(*mheap).allocSpan(0x1c21c00, 0x1, 0x0, 0xa)
	runtime/mheap.go:1266 +0x21e fp=0x4a1f7ffd88 sp=0x4a1f7ffce0 pc=0x4108de
runtime.(*mheap).alloc.func1()
	runtime/mheap.go:970 +0x5c fp=0x4a1f7ffdd0 sp=0x4a1f7ffd88 pc=0x41031c
runtime.systemstack(0xc000486000)
	runtime/asm_amd64.s:514 +0x49 fp=0x4a1f7ffde0 sp=0x4a1f7ffdd0 pc=0x45fdc9

goroutine 16 gp=0xc00026d180 m=8 mp=0xc000480008 [running]:
runtime.systemstack_switch()
	runtime/asm_amd64.s:479 +0x8 fp=0xc000635b08 sp=0xc000635af8 pc=0x45fd68
runtime.(*mheap).alloc(0xc000635c80?, 0xc000635bb8?, 0xd4?)
	runtime/mheap.go:964 +0x5b fp=0xc000635b50 sp=0xc000635b08 pc=0x41027b
runtime.(*mcentral).grow(0xc000635be0?)
	runtime/mcentral.go:252 +0x36 fp=0xc000635b80 sp=0xc000635b50 pc=0x3fd916
runtime.(*mcentral).cacheSpan(0x1c32800)
	runtime/mcentral.go:170 +0x42e fp=0xc000635bf8 sp=0xc000635b80 pc=0x3fd7ae
runtime.(*mcache).refill(0x2110e8f25c8, 0x38?)
	runtime/mcache.go:183 +0x153 fp=0xc000635c38 sp=0xc000635bf8 pc=0x3fcdd3
runtime.(*mcache).nextFree(0x2110e8f25c8, 0xa)
	runtime/malloc.go:964 +0x85 fp=0xc000635c70 sp=0xc000635c38 pc=0x3f9225
runtime.mallocgcSmallScanNoHeader(0x30, 0x1035980, 0xea?)
	runtime/malloc.go:1366 +0x159 fp=0xc000635cd0 sp=0xc000635c70 pc=0x3f9af9
runtime.mallocgc(0x30, 0x1035980, 0x1)
	runtime/malloc.go:1058 +0x99 fp=0xc000635d00 sp=0xc000635cd0 pc=0x457279
runtime.newobject(0x0?)
	runtime/malloc.go:1714 +0x25 fp=0xc000635d28 sp=0xc000635d00 pc=0x3fa665
internal/runtime/maps.NewEmptyMap(...)
	internal/runtime/maps/map.go:323
runtime.makemap_small()
	runtime/map_swiss.go:53 +0x1a fp=0xc000635d50 sp=0xc000635d28 pc=0x45759a
go.ngrok.com/cmd/ngrok/tung.(*tunnels).State(0xc00025d110)
	go.ngrok.com/cmd/ngrok/tung/tunnels.go:237 +0x85 fp=0xc000635e20 sp=0xc000635d50 pc=0xbbc725
go.ngrok.com/cmd/ngrok/web.(*webService).pubsub(0xc000644a00)
	go.ngrok.com/cmd/ngrok/web/grpc.go:237 +0x26a fp=0xc000635fc8 sp=0xc000635e20 pc=0xcd7aea
go.ngrok.com/cmd/ngrok/web.grpcHandler.gowrap1()
	go.ngrok.com/cmd/ngrok/web/grpc.go:38 +0x25 fp=0xc000635fe0 sp=0xc000635fc8 pc=0xcd6665
runtime.goexit({})
	runtime/asm_amd64.s:1700 +0x1 fp=0xc000635fe8 sp=0xc000635fe0 pc=0x461d81
created by go.ngrok.com/cmd/ngrok/web.grpcHandler in goroutine 1
	go.ngrok.com/cmd/ngrok/web/grpc.go:38 +0x1f9

goroutine 1 gp=0xc0000021c0 m=nil [select, 178 minutes]:
runtime.gopark(0xc00032f7d8?, 0x3?, 0xc0?, 0xa0?, 0xc00032f72a?)
	runtime/proc.go:435 +0xce fp=0xc0006655b0 sp=0xc000665590 pc=0x459ace
runtime.selectgo(0xc0006657d8, 0xc00032f724, 0x109d836?, 0x0, 0xc000600090?, 0x1)
	runtime/select.go:351 +0x837 fp=0xc0006656e8 sp=0xc0006655b0 pc=0x438c77
go.ngrok.com/cmd/ngrok/app.(*App).Run(0xc000418000)
	go.ngrok.com/cmd/ngrok/app/app.go:88 +0x265 fp=0xc0006659f0 sp=0xc0006656e8 pc=0xcfc5c5
go.ngrok.com/cmd/ngrok/cli.(*Commands).runNamedTunnels(0xc00040e3f0, 0x0?, {0x1408a40, 0xc00040c808}, {0xc0005ec110, 0x1, 0x1})
	go.ngrok.com/cmd/ngrok/cli/tunnel.go:227 +0x3c3 fp=0xc000665b98 sp=0xc0006659f0 pc=0xd9ef03
go.ngrok.com/cmd/ngrok/cli.(*Commands).runTunnel(0xc00040e3f0, 0xc0002806a8, {0x1408a40, 0xc00040c808})
	go.ngrok.com/cmd/ngrok/cli/tunnel.go:187 +0x95 fp=0xc000665bf0 sp=0xc000665b98 pc=0xd9eaf5
go.ngrok.com/cmd/ngrok/cli.(*Commands).http.func1(0xc00041a608?, {0xc0005a4d60?, 0x1?, 0x2?})
	go.ngrok.com/cmd/ngrok/cli/tunnel.go:84 +0xa9 fp=0xc000665c20 sp=0xc000665bf0 pc=0xd9dd69
github.com/spf13/cobra.(*Command).execute(0xc00041a608, {0xc000094160, 0x2, 0x2})
	github.com/spf13/cobra@v1.8.1/command.go:985 +0xad4 fp=0xc000665da8 sp=0xc000665c20 pc=0x5fca34
github.com/spf13/cobra.(*Command).ExecuteC(0xc00041a008)
	github.com/spf13/cobra@v1.8.1/command.go:1117 +0x44f fp=0xc000665e98 sp=0xc000665da8 pc=0x5fd36f
github.com/spf13/cobra.(*Command).Execute(...)
	github.com/spf13/cobra@v1.8.1/command.go:1041
go.ngrok.com/cmd/ngrok/cli.Run({0x140ef48, 0xc000416008}, {0x1408728, 0xc000418000})
	go.ngrok.com/cmd/ngrok/cli/root.go:28 +0xec fp=0xc000665ed0 sp=0xc000665e98 pc=0xd9a00c
main.main()
	go.ngrok.com/cmd/ngrok/main.go:25 +0x173 fp=0xc000665f50 sp=0xc000665ed0 pc=0xda2853
runtime.main()
	runtime/proc.go:283 +0x27d fp=0xc000665fe0 sp=0xc000665f50 pc=0x4266fd
runtime.goexit({})
	runtime/asm_amd64.s:1700 +0x1 fp=0xc000665fe8 sp=0xc000665fe0 pc=0x461d81

goroutine 2 gp=0xc0000028c0 m=nil [force gc (idle), 5 minutes]:
runtime.gopark(0xdebe5111f28?, 0x0?, 0x0?, 0x0?, 0x0?)
	runtime/proc.go:435 +0xce fp=0xc000081fa8 sp=0xc000081f88 pc=0x459ace
runtime.goparkunlock(...)
	runtime/proc.go:441
runtime.forcegchelper()
	runtime/proc.go:348 +0xb8 fp=0xc000081fe0 sp=0xc000081fa8 pc=0x426a18
runtime.goexit({})
	runtime/asm_amd64.s:1700 +0x1 fp=0xc000081fe8 sp=0xc000081fe0 pc=0x461d81
created by runtime.init.7 in goroutine 1
	runtime/proc.go:336 +0x1a

goroutine 3 gp=0xc000002c40 m=nil [GC sweep wait]:
runtime.gopark(0x1?, 0x0?, 0x0?, 0x0?, 0x0?)
	runtime/proc.go:435 +0xce fp=0xc000083f80 sp=0xc000083f60 pc=0x459ace
runtime.goparkunlock(...)
	runtime/proc.go:441
runtime.bgsweep(0xc00003c080)
	runtime/mgcsweep.go:316 +0xdf fp=0xc000083fc8 sp=0xc000083f80 pc=0x40ccdf
runtime.gcenable.gowrap1()
	runtime/mgc.go:204 +0x25 fp=0xc000083fe0 sp=0xc000083fc8 pc=0x4010a5
runtime.goexit({})
	runtime/asm_amd64.s:1700 +0x1 fp=0xc000083fe8 sp=0xc000083fe0 pc=0x461d81
created by runtime.gcenable in goroutine 1
	runtime/mgc.go:204 +0x66

goroutine 4 gp=0xc000002e00 m=nil [GC scavenge wait]:
runtime.gopark(0x10000?, 0xb098d?, 0x0?, 0x0?, 0x0?)
	runtime/proc.go:435 +0xce fp=0xc000091f78 sp=0xc000091f58 pc=0x459ace
runtime.goparkunlock(...)
	runtime/proc.go:441
runtime.(*scavengerState).park(0x1c16a40)
	runtime/mgcscavenge.go:425 +0x49 fp=0xc000091fa8 sp=0xc000091f78 pc=0x40a729
runtime.bgscavenge(0xc00003c080)
	runtime/mgcscavenge.go:658 +0x59 fp=0xc000091fc8 sp=0xc000091fa8 pc=0x40acb9
runtime.gcenable.gowrap2()
	runtime/mgc.go:205 +0x25 fp=0xc000091fe0 sp=0xc000091fc8 pc=0x401045
runtime.goexit({})
	runtime/asm_amd64.s:1700 +0x1 fp=0xc000091fe8 sp=0xc000091fe0 pc=0x461d81
created by runtime.gcenable in goroutine 1
	runtime/mgc.go:205 +0xa5

goroutine 5 gp=0xc000003180 m=nil [select, 178 minutes]:
runtime.gopark(0xc000093fa8?, 0x2?, 0x38?, 0xa?, 0xc000093f84?)
	runtime/proc.go:435 +0xce fp=0xc000093e10 sp=0xc000093df0 pc=0x459ace
runtime.selectgo(0xc000093fa8, 0xc000093f80, 0x0?, 0x0, 0x0?, 0x1)
	runtime/select.go:351 +0x837 fp=0xc000093f48 sp=0xc000093e10 pc=0x438c77
github.com/desertbit/timer.timerRoutine()
	github.com/desertbit/timer@v0.0.0-20180107155436-c41aec40b27f/timers.go:119 +0x9e fp=0xc000093fe0 sp=0xc000093f48 pc=0xbf41fe
runtime.goexit({})
	runtime/asm_amd64.s:1700 +0x1 fp=0xc000093fe8 sp=0xc000093fe0 pc=0x461d81
created by github.com/desertbit/timer.init.0 in goroutine 1
	github.com/desertbit/timer@v0.0.0-20180107155436-c41aec40b27f/timers.go:15 +0x1a

goroutine 6 gp=0xc000003340 m=nil [finalizer wait, 12 minutes]:
runtime.gopark(0x0?, 0xc000148330?, 0x90?, 0xa0?, 0x1000000010?)
	runtime/proc.go:435 +0xce fp=0xc00008de30 sp=0xc00008de10 pc=0x459ace
runtime.runfinq()
	runtime/mfinal.go:196 +0x107 fp=0xc00008dfe0 sp=0xc00008de30 pc=0x4000a7
runtime.goexit({})
	runtime/asm_amd64.s:1700 +0x1 fp=0xc00008dfe8 sp=0xc00008dfe0 pc=0x461d81
created by runtime.createfing in goroutine 1
	runtime/mfinal.go:166 +0x3d

goroutine 7 gp=0xc0001e5500 m=nil [chan receive, 1 minutes]:
runtime.gopark(0xc000222fa0?, 0xc0002800a8?, 0x60?, 0x5f?, 0x53f608?)
	runtime/proc.go:435 +0xce fp=0xc000085f18 sp=0xc000085ef8 pc=0x459ace
runtime.chanrecv(0xc000044a80, 0x0, 0x1)
	runtime/chan.go:664 +0x445 fp=0xc000085f90 sp=0xc000085f18 pc=0x3f2125
runtime.chanrecv1(0x426860?, 0xc000085f76?)
	runtime/chan.go:506 +0x12 fp=0xc000085fb8 sp=0xc000085f90 pc=0x3f1cb2
runtime.unique_runtime_registerUniqueMapCleanup.func2(...)
	runtime/mgc.go:1797
runtime.unique_runtime_registerUniqueMapCleanup.gowrap1()
	runtime/mgc.go:1800 +0x2f fp=0xc000085fe0 sp=0xc000085fb8 pc=0x4042cf
runtime.goexit({})
	runtime/asm_amd64.s:1700 +0x1 fp=0xc000085fe8 sp=0xc000085fe0 pc=0x461d81
created by unique.runtime_registerUniqueMapCleanup in goroutine 1
	runtime/mgc.go:1795 +0x85

goroutine 18 gp=0xc0003b6c40 m=nil [GC worker (idle), 178 minutes]:
runtime.gopark(0x0?, 0x0?, 0x0?, 0x0?, 0x0?)
	runtime/proc.go:435 +0xce fp=0xc00045df38 sp=0xc00045df18 pc=0x459ace
runtime.gcBgMarkWorker(0xc0003d21c0)
	runtime/mgc.go:1423 +0xe9 fp=0xc00045dfc8 sp=0xc00045df38 pc=0x4035c9
runtime.gcBgMarkStartWorkers.gowrap1()
	runtime/mgc.go:1339 +0x25 fp=0xc00045dfe0 sp=0xc00045dfc8 pc=0x4034a5
runtime.goexit({})
	runtime/asm_amd64.s:1700 +0x1 fp=0xc00045dfe8 sp=0xc00045dfe0 pc=0x461d81
created by runtime.gcBgMarkStartWorkers in goroutine 1
	runtime/mgc.go:1339 +0x105

goroutine 19 gp=0xc0003b6e00 m=nil [GC worker (idle), 178 minutes]:
runtime.gopark(0x0?, 0x0?, 0x0?, 0x0?, 0x0?)
	runtime/proc.go:435 +0xce fp=0xc00045ff38 sp=0xc00045ff18 pc=0x459ace
runtime.gcBgMarkWorker(0xc0003d21c0)
	runtime/mgc.go:1423 +0xe9 fp=0xc00045ffc8 sp=0xc00045ff38 pc=0x4035c9
runtime.gcBgMarkStartWorkers.gowrap1()
	runtime/mgc.go:1339 +0x25 fp=0xc00045ffe0 sp=0xc00045ffc8 pc=0x4034a5
runtime.goexit({})
	runtime/asm_amd64.s:1700 +0x1 fp=0xc00045ffe8 sp=0xc00045ffe0 pc=0x461d81
created by runtime.gcBgMarkStartWorkers in goroutine 1
	runtime/mgc.go:1339 +0x105

goroutine 20 gp=0xc0003b6fc0 m=nil [GC worker (idle), 178 minutes]:
runtime.gopark(0x0?, 0x0?, 0x0?, 0x0?, 0x0?)
	runtime/proc.go:435 +0xce fp=0xc000459f38 sp=0xc000459f18 pc=0x459ace
runtime.gcBgMarkWorker(0xc0003d21c0)
	runtime/mgc.go:1423 +0xe9 fp=0xc000459fc8 sp=0xc000459f38 pc=0x4035c9
runtime.gcBgMarkStartWorkers.gowrap1()
	runtime/mgc.go:1339 +0x25 fp=0xc000459fe0 sp=0xc000459fc8 pc=0x4034a5
runtime.goexit({})
	runtime/asm_amd64.s:1700 +0x1 fp=0xc000459fe8 sp=0xc000459fe0 pc=0x461d81
created by runtime.gcBgMarkStartWorkers in goroutine 1
	runtime/mgc.go:1339 +0x105

goroutine 21 gp=0xc0003b7180 m=nil [GC worker (idle), 178 minutes]:
runtime.gopark(0x0?, 0x0?, 0x0?, 0x0?, 0x0?)
	runtime/proc.go:435 +0xce fp=0xc00045bf38 sp=0xc00045bf18 pc=0x459ace
runtime.gcBgMarkWorker(0xc0003d21c0)
	runtime/mgc.go:1423 +0xe9 fp=0xc00045bfc8 sp=0xc00045bf38 pc=0x4035c9
runtime.gcBgMarkStartWorkers.gowrap1()
	runtime/mgc.go:1339 +0x25 fp=0xc00045bfe0 sp=0xc00045bfc8 pc=0x4034a5
runtime.goexit({})
	runtime/asm_amd64.s:1700 +0x1 fp=0xc00045bfe8 sp=0xc00045bfe0 pc=0x461d81
created by runtime.gcBgMarkStartWorkers in goroutine 1
	runtime/mgc.go:1339 +0x105

goroutine 22 gp=0xc0003b7340 m=nil [GC worker (idle), 178 minutes]:
runtime.gopark(0x0?, 0x0?, 0x0?, 0x0?, 0x0?)
	runtime/proc.go:435 +0xce fp=0xc000465f38 sp=0xc000465f18 pc=0x459ace
runtime.gcBgMarkWorker(0xc0003d21c0)
	runtime/mgc.go:1423 +0xe9 fp=0xc000465fc8 sp=0xc000465f38 pc=0x4035c9
runtime.gcBgMarkStartWorkers.gowrap1()
	runtime/mgc.go:1339 +0x25 fp=0xc000465fe0 sp=0xc000465fc8 pc=0x4034a5
runtime.goexit({})
	runtime/asm_amd64.s:1700 +0x1 fp=0xc000465fe8 sp=0xc000465fe0 pc=0x461d81
created by runtime.gcBgMarkStartWorkers in goroutine 1
	runtime/mgc.go:1339 +0x105

goroutine 23 gp=0xc0003b7500 m=nil [GC worker (idle)]:
runtime.gopark(0xe190d671f54?, 0x0?, 0x0?, 0x0?, 0x0?)
	runtime/proc.go:435 +0xce fp=0xc000467f38 sp=0xc000467f18 pc=0x459ace
runtime.gcBgMarkWorker(0xc0003d21c0)
	runtime/mgc.go:1423 +0xe9 fp=0xc000467fc8 sp=0xc000467f38 pc=0x4035c9
runtime.gcBgMarkStartWorkers.gowrap1()
	runtime/mgc.go:1339 +0x25 fp=0xc000467fe0 sp=0xc000467fc8 pc=0x4034a5
runtime.goexit({})
	runtime/asm_amd64.s:1700 +0x1 fp=0xc000467fe8 sp=0xc000467fe0 pc=0x461d81
created by runtime.gcBgMarkStartWorkers in goroutine 1
	runtime/mgc.go:1339 +0x105

goroutine 24 gp=0xc0003b76c0 m=nil [GC worker (idle)]:
runtime.gopark(0xe190d71baf4?, 0x0?, 0x0?, 0x0?, 0x0?)
	runtime/proc.go:435 +0xce fp=0xc000461f38 sp=0xc000461f18 pc=0x459ace
runtime.gcBgMarkWorker(0xc0003d21c0)
	runtime/mgc.go:1423 +0xe9 fp=0xc000461fc8 sp=0xc000461f38 pc=0x4035c9
runtime.gcBgMarkStartWorkers.gowrap1()
	runtime/mgc.go:1339 +0x25 fp=0xc000461fe0 sp=0xc000461fc8 pc=0x4034a5
runtime.goexit({})
	runtime/asm_amd64.s:1700 +0x1 fp=0xc000461fe8 sp=0xc000461fe0 pc=0x461d81
created by runtime.gcBgMarkStartWorkers in goroutine 1
	runtime/mgc.go:1339 +0x105

goroutine 25 gp=0xc0003b7880 m=nil [GC worker (idle)]:
runtime.gopark(0xe190d671f54?, 0x0?, 0x0?, 0x0?, 0x0?)
	runtime/proc.go:435 +0xce fp=0xc000463f38 sp=0xc000463f18 pc=0x459ace
runtime.gcBgMarkWorker(0xc0003d21c0)
	runtime/mgc.go:1423 +0xe9 fp=0xc000463fc8 sp=0xc000463f38 pc=0x4035c9
runtime.gcBgMarkStartWorkers.gowrap1()
	runtime/mgc.go:1339 +0x25 fp=0xc000463fe0 sp=0xc000463fc8 pc=0x4034a5
runtime.goexit({})
	runtime/asm_amd64.s:1700 +0x1 fp=0xc000463fe8 sp=0xc000463fe0 pc=0x461d81
created by runtime.gcBgMarkStartWorkers in goroutine 1
	runtime/mgc.go:1339 +0x105

goroutine 26 gp=0xc0003b7a40 m=nil [GC worker (idle), 1 minutes]:
runtime.gopark(0xe190d71baf4?, 0x1?, 0xa4?, 0xd6?, 0x0?)
	runtime/proc.go:435 +0xce fp=0xc00046df38 sp=0xc00046df18 pc=0x459ace
runtime.gcBgMarkWorker(0xc0003d21c0)
	runtime/mgc.go:1423 +0xe9 fp=0xc00046dfc8 sp=0xc00046df38 pc=0x4035c9
runtime.gcBgMarkStartWorkers.gowrap1()
	runtime/mgc.go:1339 +0x25 fp=0xc00046dfe0 sp=0xc00046dfc8 pc=0x4034a5
runtime.goexit({})
	runtime/asm_amd64.s:1700 +0x1 fp=0xc00046dfe8 sp=0xc00046dfe0 pc=0x461d81
created by runtime.gcBgMarkStartWorkers in goroutine 1
	runtime/mgc.go:1339 +0x105

goroutine 27 gp=0xc0003b7c00 m=nil [GC worker (idle), 1 minutes]:
runtime.gopark(0xe190d5c685c?, 0x1?, 0xf8?, 0xc0?, 0x0?)
	runtime/proc.go:435 +0xce fp=0xc00046ff38 sp=0xc00046ff18 pc=0x459ace
runtime.gcBgMarkWorker(0xc0003d21c0)
	runtime/mgc.go:1423 +0xe9 fp=0xc00046ffc8 sp=0xc00046ff38 pc=0x4035c9
runtime.gcBgMarkStartWorkers.gowrap1()
	runtime/mgc.go:1339 +0x25 fp=0xc00046ffe0 sp=0xc00046ffc8 pc=0x4034a5
runtime.goexit({})
	runtime/asm_amd64.s:1700 +0x1 fp=0xc00046ffe8 sp=0xc00046ffe0 pc=0x461d81
created by runtime.gcBgMarkStartWorkers in goroutine 1
	runtime/mgc.go:1339 +0x105

goroutine 28 gp=0xc0003b7dc0 m=nil [GC worker (idle), 1 minutes]:
runtime.gopark(0xe190d671f54?, 0x1?, 0x44?, 0x7b?, 0x0?)
	runtime/proc.go:435 +0xce fp=0xc000469f38 sp=0xc000469f18 pc=0x459ace
runtime.gcBgMarkWorker(0xc0003d21c0)
	runtime/mgc.go:1423 +0xe9 fp=0xc000469fc8 sp=0xc000469f38 pc=0x4035c9
runtime.gcBgMarkStartWorkers.gowrap1()
	runtime/mgc.go:1339 +0x25 fp=0xc000469fe0 sp=0xc000469fc8 pc=0x4034a5
runtime.goexit({})
	runtime/asm_amd64.s:1700 +0x1 fp=0xc000469fe8 sp=0xc000469fe0 pc=0x461d81
created by runtime.gcBgMarkStartWorkers in goroutine 1
	runtime/mgc.go:1339 +0x105

goroutine 29 gp=0xc000470000 m=nil [GC worker (idle), 1 minutes]:
runtime.gopark(0xe190d671f54?, 0x1?, 0x84?, 0xa?, 0x0?)
	runtime/proc.go:435 +0xce fp=0xc00046bf38 sp=0xc00046bf18 pc=0x459ace
runtime.gcBgMarkWorker(0xc0003d21c0)
	runtime/mgc.go:1423 +0xe9 fp=0xc00046bfc8 sp=0xc00046bf38 pc=0x4035c9
runtime.gcBgMarkStartWorkers.gowrap1()
	runtime/mgc.go:1339 +0x25 fp=0xc00046bfe0 sp=0xc00046bfc8 pc=0x4034a5
runtime.goexit({})
	runtime/asm_amd64.s:1700 +0x1 fp=0xc00046bfe8 sp=0xc00046bfe0 pc=0x461d81
created by runtime.gcBgMarkStartWorkers in goroutine 1
	runtime/mgc.go:1339 +0x105

goroutine 8 gp=0xc00026c380 m=nil [select, 178 minutes]:
runtime.gopark(0xc00008ff40?, 0x3?, 0xa0?, 0x5?, 0xc00008ff1a?)
	runtime/proc.go:435 +0xce fp=0xc00008fda8 sp=0xc00008fd88 pc=0x459ace
runtime.selectgo(0xc00008ff40, 0xc00008ff14, 0xc000330000?, 0x0, 0x0?, 0x1)
	runtime/select.go:351 +0x837 fp=0xc00008fee0 sp=0xc00008fda8 pc=0x438c77
go.ngrok.com/lib/bus.NewBitcast.func1()
	go.ngrok.com/lib/bus/bitcast.go:23 +0xae fp=0xc00008ffe0 sp=0xc00008fee0 pc=0xabc96e
runtime.goexit({})
	runtime/asm_amd64.s:1700 +0x1 fp=0xc00008ffe8 sp=0xc00008ffe0 pc=0x461d81
created by go.ngrok.com/lib/bus.NewBitcast in goroutine 1
	go.ngrok.com/lib/bus/bitcast.go:21 +0xfc

goroutine 9 gp=0xc00026c540 m=nil [select, 178 minutes]:
runtime.gopark(0xc000609f00?, 0x4?, 0xa0?, 0x5?, 0xc000609ec0?)
	runtime/proc.go:435 +0xce fp=0xc000609d48 sp=0xc000609d28 pc=0x459ace
runtime.selectgo(0xc000609f00, 0xc000609eb8, 0xc000311810?, 0x0, 0x0?, 0x1)
	runtime/select.go:351 +0x837 fp=0xc000609e80 sp=0xc000609d48 pc=0x438c77
go.ngrok.com/lib/bus.NewBroadcast[...].func1()
	go.ngrok.com/lib/bus/broadcast.go:35 +0x156 fp=0xc000609fe0 sp=0xc000609e80 pc=0xce0816
runtime.goexit({})
	runtime/asm_amd64.s:1700 +0x1 fp=0xc000609fe8 sp=0xc000609fe0 pc=0x461d81
created by go.ngrok.com/lib/bus.NewBroadcast[...] in goroutine 1
	go.ngrok.com/lib/bus/broadcast.go:32 +0x165

goroutine 10 gp=0xc00026c700 m=nil [select]:
runtime.gopark(0xc00060bf40?, 0x3?, 0x0?, 0x0?, 0xc00060bf1a?)
	runtime/proc.go:435 +0xce fp=0xc00060bda8 sp=0xc00060bd88 pc=0x459ace
runtime.selectgo(0xc00060bf40, 0xc00060bf14, 0xc00060bf70?, 0x0, 0x0?, 0x1)
	runtime/select.go:351 +0x837 fp=0xc00060bee0 sp=0xc00060bda8 pc=0x438c77
go.ngrok.com/lib/bus.NewBitcast.func1()
	go.ngrok.com/lib/bus/bitcast.go:23 +0xae fp=0xc00060bfe0 sp=0xc00060bee0 pc=0xabc96e
runtime.goexit({})
	runtime/asm_amd64.s:1700 +0x1 fp=0xc00060bfe8 sp=0xc00060bfe0 pc=0x461d81
created by go.ngrok.com/lib/bus.NewBitcast in goroutine 1
	go.ngrok.com/lib/bus/bitcast.go:21 +0xfc

goroutine 11 gp=0xc00026c8c0 m=nil [select]:
runtime.gopark(0xc000605f40?, 0x3?, 0x9?, 0x3?, 0xc000605f1a?)
	runtime/proc.go:435 +0xce fp=0xc000605da8 sp=0xc000605d88 pc=0x459ace
runtime.selectgo(0xc000605f40, 0xc000605f14, 0xc000605f70?, 0x0, 0x0?, 0x1)
	runtime/select.go:351 +0x837 fp=0xc000605ee0 sp=0xc000605da8 pc=0x438c77
go.ngrok.com/lib/bus.NewBitcast.func1()
	go.ngrok.com/lib/bus/bitcast.go:23 +0xae fp=0xc000605fe0 sp=0xc000605ee0 pc=0xabc96e
runtime.goexit({})
	runtime/asm_amd64.s:1700 +0x1 fp=0xc000605fe8 sp=0xc000605fe0 pc=0x461d81
created by go.ngrok.com/lib/bus.NewBitcast in goroutine 1
	go.ngrok.com/lib/bus/bitcast.go:21 +0xfc

goroutine 12 gp=0xc00026ca80 m=nil [chan receive]:
runtime.gopark(0xc00025c160?, 0xc000607f30?, 0x0?, 0x0?, 0x0?)
	runtime/proc.go:435 +0xce fp=0xc000607f18 sp=0xc000607ef8 pc=0x459ace
runtime.chanrecv(0xc00025c0e0, 0x0, 0x1)
	runtime/chan.go:664 +0x445 fp=0xc000607f90 sp=0xc000607f18 pc=0x3f2125
runtime.chanrecv1(0x0?, 0x0?)
	runtime/chan.go:506 +0x12 fp=0xc000607fb8 sp=0xc000607f90 pc=0x3f1cb2
github.com/rcrowley/go-metrics.(*meterArbiter).tick(...)
	github.com/rcrowley/go-metrics@v0.0.0-20201227073835-cf1acfcdf475/meter.go:239
github.com/rcrowley/go-metrics.NewMeter.gowrap2()
	github.com/rcrowley/go-metrics@v0.0.0-20201227073835-cf1acfcdf475/meter.go:46 +0x2e fp=0xc000607fe0 sp=0xc000607fb8 pc=0xba4a0e
runtime.goexit({})
	runtime/asm_amd64.s:1700 +0x1 fp=0xc000607fe8 sp=0xc000607fe0 pc=0x461d81
created by github.com/rcrowley/go-metrics.NewMeter in goroutine 1
	github.com/rcrowley/go-metrics@v0.0.0-20201227073835-cf1acfcdf475/meter.go:46 +0xbf

goroutine 13 gp=0xc00026cc40 m=nil [select]:
runtime.gopark(0xc000637f90?, 0x2?, 0xc?, 0x17?, 0xc000637f7c?)
	runtime/proc.go:435 +0xce fp=0xc000637e10 sp=0xc000637df0 pc=0x459ace
runtime.selectgo(0xc000637f90, 0xc000637f78, 0x0?, 0x0, 0x2?, 0x1)
	runtime/select.go:351 +0x837 fp=0xc000637f48 sp=0xc000637e10 pc=0x438c77
go.ngrok.com/cmd/ngrok/tung.(*metrics).Notifier(0xc00061c2c0, 0xc0005a5f40)
	go.ngrok.com/cmd/ngrok/tung/metrics.go:92 +0x85 fp=0xc000637fc0 sp=0xc000637f48 pc=0xbb1705
go.ngrok.com/cmd/ngrok/tung.newTunnels.gowrap1()
	go.ngrok.com/cmd/ngrok/tung/tunnels.go:47 +0x25 fp=0xc000637fe0 sp=0xc000637fc0 pc=0xbbad85
runtime.goexit({})
	runtime/asm_amd64.s:1700 +0x1 fp=0xc000637fe8 sp=0xc000637fe0 pc=0x461d81
created by go.ngrok.com/cmd/ngrok/tung.newTunnels in goroutine 1
	go.ngrok.com/cmd/ngrok/tung/tunnels.go:47 +0x1b3

goroutine 1305 gp=0xc00026ce00 m=nil [select]:
runtime.gopark(0xc000781f80?, 0x3?, 0x30?, 0x1e?, 0xc000781f5a?)
	runtime/proc.go:435 +0xce fp=0xc000781de8 sp=0xc000781dc8 pc=0x459ace
runtime.selectgo(0xc000781f80, 0xc000781f54, 0x571594?, 0x0, 0x0?, 0x1)
	runtime/select.go:351 +0x837 fp=0xc000781f20 sp=0xc000781de8 pc=0x438c77
golang.ngrok.com/muxado/v2.(*Heartbeat).check(0xc00022a3c0, 0xc0003d27e0)
	golang.ngrok.com/muxado/v2@v2.0.1/heartbeat.go:139 +0xad fp=0xc000781fc0 sp=0xc000781f20 pc=0xab0b8d
golang.ngrok.com/muxado/v2.(*Heartbeat).Start.gowrap2()
	golang.ngrok.com/muxado/v2@v2.0.1/heartbeat.go:132 +0x25 fp=0xc000781fe0 sp=0xc000781fc0 pc=0xab0a45
runtime.goexit({})
	runtime/asm_amd64.s:1700 +0x1 fp=0xc000781fe8 sp=0xc000781fe0 pc=0x461d81
created by golang.ngrok.com/muxado/v2.(*Heartbeat).Start in goroutine 52
	golang.ngrok.com/muxado/v2@v2.0.1/heartbeat.go:132 +0xc7

goroutine 15 gp=0xc00026cfc0 m=nil [select]:
runtime.gopark(0xc000633f00?, 0x4?, 0xc?, 0x17?, 0xc000633ec0?)
	runtime/proc.go:435 +0xce fp=0xc000633d48 sp=0xc000633d28 pc=0x459ace
runtime.selectgo(0xc000633f00, 0xc000633eb8, 0xc000633f58?, 0x0, 0x0?, 0x1)
	runtime/select.go:351 +0x837 fp=0xc000633e80 sp=0xc000633d48 pc=0x438c77
go.ngrok.com/lib/bus.NewBroadcast[...].func1()
	go.ngrok.com/lib/bus/broadcast.go:35 +0x156 fp=0xc000633fe0 sp=0xc000633e80 pc=0xce0816
runtime.goexit({})
	runtime/asm_amd64.s:1700 +0x1 fp=0xc000633fe8 sp=0xc000633fe0 pc=0x461d81
created by go.ngrok.com/lib/bus.NewBroadcast[...] in goroutine 1
	go.ngrok.com/lib/bus/broadcast.go:32 +0x165

goroutine 34 gp=0xc00026d340 m=nil [chan receive, 178 minutes]:
runtime.gopark(0xc0002868b0?, 0x200000000655ed8?, 0x98?, 0x70?, 0x2110e8f0ed0?)
	runtime/proc.go:435 +0xce fp=0xc000655e00 sp=0xc000655de0 pc=0x459ace
runtime.chanrecv(0xc00025cf50, 0xc000655ee0, 0x1)
	runtime/chan.go:664 +0x445 fp=0xc000655e78 sp=0xc000655e00 pc=0x3f2125
runtime.chanrecv1(0x10a2500?, 0x12?)
	runtime/chan.go:506 +0x12 fp=0xc000655ea0 sp=0xc000655e78 pc=0x3f1cb2
go.ngrok.com/cmd/ngrok/tung.(*session).Run(0xc000238f00)
	go.ngrok.com/cmd/ngrok/tung/session.go:114 +0x85 fp=0xc000655f30 sp=0xc000655ea0 pc=0xbb24c5
go.ngrok.com/cmd/ngrok/app.(*App).runComponent(0xc000418000, {0x2115408fd18, 0xc000238f00})
	go.ngrok.com/cmd/ngrok/app/app.go:218 +0xfc fp=0xc000655fb8 sp=0xc000655f30 pc=0xcfddfc
go.ngrok.com/cmd/ngrok/app.(*App).start.gowrap1()
	go.ngrok.com/cmd/ngrok/app/app.go:180 +0x28 fp=0xc000655fe0 sp=0xc000655fb8 pc=0xcfdb68
runtime.goexit({})
	runtime/asm_amd64.s:1700 +0x1 fp=0xc000655fe8 sp=0xc000655fe0 pc=0x461d81
created by go.ngrok.com/cmd/ngrok/app.(*App).start in goroutine 1
	go.ngrok.com/cmd/ngrok/app/app.go:180 +0xbd

goroutine 35 gp=0xc00026d500 m=nil [select, 178 minutes]:
runtime.gopark(0xc000657e80?, 0x4?, 0x0?, 0xbd?, 0xc000657e00?)
	runtime/proc.go:435 +0xce fp=0xc000657c88 sp=0xc000657c68 pc=0x459ace
runtime.selectgo(0xc000657e80, 0xc000657df8, 0xc00061c840?, 0x0, 0x4?, 0x1)
	runtime/select.go:351 +0x837 fp=0xc000657dc0 sp=0xc000657c88 pc=0x438c77
go.ngrok.com/cmd/ngrok/updater.(*equinoxUpdater).Run(0xc0000f8fc0)
	go.ngrok.com/cmd/ngrok/updater/equinox.go:114 +0x1b9 fp=0xc000657f30 sp=0xc000657dc0 pc=0xbc83f9
go.ngrok.com/cmd/ngrok/app.(*App).runComponent(0xc000418000, {0x21154087340, 0xc0000f8fc0})
	go.ngrok.com/cmd/ngrok/app/app.go:218 +0xfc fp=0xc000657fb8 sp=0xc000657f30 pc=0xcfddfc
go.ngrok.com/cmd/ngrok/app.(*App).start.gowrap2()
	go.ngrok.com/cmd/ngrok/app/app.go:182 +0x28 fp=0xc000657fe0 sp=0xc000657fb8 pc=0xcfdb08
runtime.goexit({})
	runtime/asm_amd64.s:1700 +0x1 fp=0xc000657fe8 sp=0xc000657fe0 pc=0x461d81
created by go.ngrok.com/cmd/ngrok/app.(*App).start in goroutine 1
	go.ngrok.com/cmd/ngrok/app/app.go:182 +0x4fb

goroutine 36 gp=0xc00026d6c0 m=nil [chan receive, 178 minutes]:
runtime.gopark(0x1c16840?, 0x400000000000003?, 0x38?, 0xdd?, 0x2110e8f0108?)
	runtime/proc.go:435 +0xce fp=0xc000651df0 sp=0xc000651dd0 pc=0x459ace
runtime.chanrecv(0xc0000451f0, 0x0, 0x1)
	runtime/chan.go:664 +0x445 fp=0xc000651e68 sp=0xc000651df0 pc=0x3f2125
runtime.chanrecv1(0x0?, 0x10a5b83?)
	runtime/chan.go:506 +0x12 fp=0xc000651e90 sp=0xc000651e68 pc=0x3f1cb2
go.ngrok.com/cmd/ngrok/web.(*web).Run(0xc00025d180)
	go.ngrok.com/cmd/ngrok/web/web.go:233 +0x21e fp=0xc000651f30 sp=0xc000651e90 pc=0xcdf79e
go.ngrok.com/cmd/ngrok/app.(*App).runComponent(0xc000418000, {0x21154093d88, 0xc00025d180})
	go.ngrok.com/cmd/ngrok/app/app.go:218 +0xfc fp=0xc000651fb8 sp=0xc000651f30 pc=0xcfddfc
go.ngrok.com/cmd/ngrok/app.(*App).start.gowrap4()
	go.ngrok.com/cmd/ngrok/app/app.go:188 +0x28 fp=0xc000651fe0 sp=0xc000651fb8 pc=0xcfda48
runtime.goexit({})
	runtime/asm_amd64.s:1700 +0x1 fp=0xc000651fe8 sp=0xc000651fe0 pc=0x461d81
created by go.ngrok.com/cmd/ngrok/app.(*App).start in goroutine 1
	go.ngrok.com/cmd/ngrok/app/app.go:188 +0x459

goroutine 37 gp=0xc00026d880 m=nil [select, 178 minutes]:
runtime.gopark(0xc000653ee0?, 0x2?, 0x80?, 0xd8?, 0xc000653edc?)
	runtime/proc.go:435 +0xce fp=0xc000653d70 sp=0xc000653d50 pc=0x459ace
runtime.selectgo(0xc000653ee0, 0xc000653ed8, 0x2?, 0x0, 0x1bfbd00?, 0x1)
	runtime/select.go:351 +0x837 fp=0xc000653ea8 sp=0xc000653d70 pc=0x438c77
go.ngrok.com/cmd/ngrok/app.(*signalHandler).Run(0xc00063a900)
	go.ngrok.com/cmd/ngrok/app/signal.go:29 +0xae fp=0xc000653f30 sp=0xc000653ea8 pc=0xcfe40e
go.ngrok.com/cmd/ngrok/app.(*App).runComponent(0xc000418000, {0x13fb9e0, 0xc00063a900})
	go.ngrok.com/cmd/ngrok/app/app.go:218 +0xfc fp=0xc000653fb8 sp=0xc000653f30 pc=0xcfddfc
go.ngrok.com/cmd/ngrok/app.(*App).start.gowrap6()
	go.ngrok.com/cmd/ngrok/app/app.go:194 +0x28 fp=0xc000653fe0 sp=0xc000653fb8 pc=0xcfd988
runtime.goexit({})
	runtime/asm_amd64.s:1700 +0x1 fp=0xc000653fe8 sp=0xc000653fe0 pc=0x461d81
created by go.ngrok.com/cmd/ngrok/app.(*App).start in goroutine 1
	go.ngrok.com/cmd/ngrok/app/app.go:194 +0x3f1

goroutine 38 gp=0xc00026da40 m=4 mp=0xc00007f808 [syscall, 178 minutes]:
runtime.notetsleepg(0x1c60b80, 0xffffffffffffffff)
	runtime/lock_sema.go:175 +0x31 fp=0xc00065dfa0 sp=0xc00065df68 pc=0x3f7bf1
os/signal.signal_recv()
	runtime/sigqueue.go:152 +0x29 fp=0xc00065dfc0 sp=0xc00065dfa0 pc=0x45b449
os/signal.loop()
	os/signal/signal_unix.go:23 +0x13 fp=0xc00065dfe0 sp=0xc00065dfc0 pc=0xcfc073
runtime.goexit({})
	runtime/asm_amd64.s:1700 +0x1 fp=0xc00065dfe8 sp=0xc00065dfe0 pc=0x461d81
created by os/signal.Notify.func1.1 in goroutine 37
	os/signal/signal.go:152 +0x1f

goroutine 4017 gp=0xc0004861c0 m=nil [IO wait]:
runtime.gopark(0x0?, 0xc00080c520?, 0xc8?, 0xc5?, 0xc00080c5cc?)
	runtime/proc.go:435 +0xce fp=0xc00087f8c8 sp=0xc00087f8a8 pc=0x459ace
runtime.netpollblock(0x708?, 0x3effc6?, 0x0?)
	runtime/netpoll.go:575 +0xf7 fp=0xc00087f900 sp=0xc00087f8c8 pc=0x41d377
internal/poll.runtime_pollWait(0x211540936f8, 0x72)
	runtime/netpoll.go:351 +0x85 fp=0xc00087f920 sp=0xc00087f900 pc=0x458c65
internal/poll.(*pollDesc).wait(0x0?, 0xc00087f970?, 0x0)
	internal/poll/fd_poll_runtime.go:84 +0x27 fp=0xc00087f948 sp=0xc00087f920 pc=0x4e5fa7
internal/poll.execIO(0xc00080c520, 0x12d9038)
	internal/poll/fd_windows.go:177 +0x105 fp=0xc00087f9c0 sp=0xc00087f948 pc=0x4e7405
internal/poll.(*FD).Read(0xc00080c508, {0xc0004ea000, 0x1000, 0x1000})
	internal/poll/fd_windows.go:438 +0x29b fp=0xc00087fa60 sp=0xc00087f9c0 pc=0x4e80db
net.(*netFD).Read(0xc00080c508, {0xc0004ea000?, 0xc00087fad0?, 0x4e6465?})
	net/fd_posix.go:55 +0x25 fp=0xc00087faa8 sp=0xc00087fa60 pc=0x55bb25
net.(*conn).Read(0xc000116560, {0xc0004ea000?, 0x0?, 0x0?})
	net/net.go:194 +0x45 fp=0xc00087faf0 sp=0xc00087faa8 pc=0x571525
net/http.(*connReader).Read(0xc0006ab860, {0xc0004ea000, 0x1000, 0x1000})
	net/http/server.go:798 +0x159 fp=0xc00087fb40 sp=0xc00087faf0 pc=0x762279
bufio.(*Reader).fill(0xc00015faa0)
	bufio/bufio.go:113 +0x103 fp=0xc00087fb78 sp=0xc00087fb40 pc=0x589183
bufio.(*Reader).Peek(0xc00015faa0, 0x4)
	bufio/bufio.go:152 +0x53 fp=0xc00087fb98 sp=0xc00087fb78 pc=0x5892b3
net/http.(*conn).serve(0xc000614a20, {0x13fe5e0, 0xc00064e570})
	net/http/server.go:2137 +0x785 fp=0xc00087ffb8 sp=0xc00087fb98 pc=0x768065
net/http.(*Server).Serve.gowrap3()
	net/http/server.go:3454 +0x28 fp=0xc00087ffe0 sp=0xc00087ffb8 pc=0x76d7e8
runtime.goexit({})
	runtime/asm_amd64.s:1700 +0x1 fp=0xc00087ffe8 sp=0xc00087ffe0 pc=0x461d81
created by net/http.(*Server).Serve in goroutine 39
	net/http/server.go:3454 +0x485

goroutine 51 gp=0xc000486380 m=nil [chan receive, 14 minutes]:
runtime.gopark(0xe7c700?, 0xc0004a0500?, 0x0?, 0x0?, 0xc00056ef00?)
	runtime/proc.go:435 +0xce fp=0xc00065beb0 sp=0xc00065be90 pc=0x459ace
runtime.chanrecv(0xc000492000, 0xc00065bf90, 0x1)
	runtime/chan.go:664 +0x445 fp=0xc00065bf28 sp=0xc00065beb0 pc=0x3f2125
runtime.chanrecv2(0xc0005ea800?, 0x0?)
	runtime/chan.go:511 +0x12 fp=0xc00065bf50 sp=0xc00065bf28 pc=0x3f1cd2
go.ngrok.com/cmd/ngrok/tung.(*session).handleSessionUpdates(0xc000238f00, 0xc000492000)
	go.ngrok.com/cmd/ngrok/tung/session.go:374 +0x75 fp=0xc00065bfc0 sp=0xc00065bf50 pc=0xbb5715
go.ngrok.com/cmd/ngrok/tung.(*session).start.gowrap1()
	go.ngrok.com/cmd/ngrok/tung/session.go:128 +0x25 fp=0xc00065bfe0 sp=0xc00065bfc0 pc=0xbb4585
runtime.goexit({})
	runtime/asm_amd64.s:1700 +0x1 fp=0xc00065bfe8 sp=0xc00065bfe0 pc=0x461d81
created by go.ngrok.com/cmd/ngrok/tung.(*session).start in goroutine 50
	go.ngrok.com/cmd/ngrok/tung/session.go:128 +0x95

goroutine 39 gp=0xc00026dc00 m=nil [runnable]:
runtime.gopark(0x4635a0?, 0x1bee000?, 0x20?, 0xaa?, 0xc00020aacc?)
	runtime/proc.go:435 +0xce fp=0xc00065fac8 sp=0xc00065faa8 pc=0x459ace
runtime.netpollblock(0x3c4?, 0x3effc6?, 0x0?)
	runtime/netpoll.go:575 +0xf7 fp=0xc00065fb00 sp=0xc00065fac8 pc=0x41d377
internal/poll.runtime_pollWait(0x21154093c70, 0x72)
	runtime/netpoll.go:351 +0x85 fp=0xc00065fb20 sp=0xc00065fb00 pc=0x458c65
internal/poll.(*pollDesc).wait(0x4e4ab3?, 0x0?, 0x0)
	internal/poll/fd_poll_runtime.go:84 +0x27 fp=0xc00065fb48 sp=0xc00065fb20 pc=0x4e5fa7
internal/poll.execIO(0xc00020aa20, 0xc00065fbf0)
	internal/poll/fd_windows.go:177 +0x105 fp=0xc00065fbc0 sp=0xc00065fb48 pc=0x4e7405
internal/poll.(*FD).acceptOne(0xc00020aa08, 0x758, {0xc0003ddc20?, 0xc00065fc50?, 0x4ef0c5?}, 0xc00065fc84?)
	internal/poll/fd_windows.go:946 +0x65 fp=0xc00065fc20 sp=0xc00065fbc0 pc=0x4eb985
internal/poll.(*FD).Accept(0xc00020aa08, 0xc00065fdd0)
	internal/poll/fd_windows.go:980 +0x1b6 fp=0xc00065fcd8 sp=0xc00065fc20 pc=0x4ebcb6
net.(*netFD).accept(0xc00020aa08)
	net/fd_windows.go:182 +0x4b fp=0xc00065fdf0 sp=0xc00065fcd8 pc=0x55da0b
net.(*TCPListener).accept(0xc00061c740)
	net/tcpsock_posix.go:159 +0x1b fp=0xc00065fe40 sp=0xc00065fdf0 pc=0x57b03b
net.(*TCPListener).Accept(0xc00061c740)
	net/tcpsock.go:380 +0x30 fp=0xc00065fe70 sp=0xc00065fe40 pc=0x57a130
net/http.(*onceCloseListener).Accept(0xc00058c120?)
	<autogenerated>:1 +0x24 fp=0xc00065fe88 sp=0xc00065fe70 pc=0x795bc4
net/http.(*Server).Serve(0xc0005eab00, {0x13fc500, 0xc00061c740})
	net/http/server.go:3424 +0x30c fp=0xc00065ffb8 sp=0xc00065fe88 pc=0x76d3ec
go.ngrok.com/cmd/ngrok/web.(*web).Run.gowrap1()
	go.ngrok.com/cmd/ngrok/web/web.go:231 +0x28 fp=0xc00065ffe0 sp=0xc00065ffb8 pc=0xcdf888
runtime.goexit({})
	runtime/asm_amd64.s:1700 +0x1 fp=0xc00065ffe8 sp=0xc00065ffe0 pc=0x461d81
created by go.ngrok.com/cmd/ngrok/web.(*web).Run in goroutine 36
	go.ngrok.com/cmd/ngrok/web/web.go:231 +0x1e5

goroutine 40 gp=0xc00026ddc0 m=nil [select, 178 minutes]:
runtime.gopark(0xc000057f78?, 0x2?, 0x8?, 0x1?, 0xc000057f44?)
	runtime/proc.go:435 +0xce fp=0xc000171dd0 sp=0xc000171db0 pc=0x459ace
runtime.selectgo(0xc000171f78, 0xc000057f40, 0x13f2780?, 0x0, 0x0?, 0x1)
	runtime/select.go:351 +0x837 fp=0xc000171f08 sp=0xc000171dd0 pc=0x438c77
go.ngrok.com/cmd/ngrok/updater.(*equinoxUpdater).updateCheck(0xc0000f8fc0, {0x13fe618, 0xc000640960})
	go.ngrok.com/cmd/ngrok/updater/equinox.go:193 +0x31b fp=0xc000171fb8 sp=0xc000171f08 pc=0xbc8b7b
go.ngrok.com/cmd/ngrok/updater.(*equinoxUpdater).Run.gowrap1()
	go.ngrok.com/cmd/ngrok/updater/equinox.go:111 +0x28 fp=0xc000171fe0 sp=0xc000171fb8 pc=0xbc8828
runtime.goexit({})
	runtime/asm_amd64.s:1700 +0x1 fp=0xc000171fe8 sp=0xc000171fe0 pc=0x461d81
created by go.ngrok.com/cmd/ngrok/updater.(*equinoxUpdater).Run in goroutine 35
	go.ngrok.com/cmd/ngrok/updater/equinox.go:111 +0xe5

goroutine 52 gp=0xc000486540 m=nil [select, 14 minutes]:
runtime.gopark(0xc000057d48?, 0x2?, 0x40?, 0x65?, 0xc000057d2c?)
	runtime/proc.go:435 +0xce fp=0xc000429bc0 sp=0xc000429ba0 pc=0x459ace
runtime.selectgo(0xc000429d48, 0xc000057d28, 0xc000684348?, 0x0, 0x3f9bd4?, 0x1)
	runtime/select.go:351 +0x837 fp=0xc000429cf8 sp=0xc000429bc0 pc=0x438c77
golang.ngrok.com/muxado/v2.(*session).AcceptStream(0xc0006003f0)
	golang.ngrok.com/muxado/v2@v2.0.1/session.go:137 +0x66 fp=0xc000429d78 sp=0xc000429cf8 pc=0xab1b26
golang.ngrok.com/muxado/v2.(*typedStreamSession).AcceptTypedStream(0x1be1c50?)
	golang.ngrok.com/muxado/v2@v2.0.1/typed_stream.go:40 +0x1f fp=0xc000429dd8 sp=0xc000429d78 pc=0xab5a5f
golang.ngrok.com/muxado/v2.(*Heartbeat).AcceptTypedStream(0xc00022a3c0)
	golang.ngrok.com/muxado/v2@v2.0.1/heartbeat.go:118 +0x42 fp=0xc000429e18 sp=0xc000429dd8 pc=0xab07a2
golang.ngrok.com/ngrok/internal/tunnel/client.(*rawSession).Accept(0xc0002205b0)
	golang.ngrok.com/ngrok@v1.12.1/internal/tunnel/client/raw_session.go:162 +0x34 fp=0xc000429f08 sp=0xc000429e18 pc=0xb164f4
golang.ngrok.com/ngrok/internal/tunnel/client.(*swapRaw).Accept(0xc0004ca150?)
	golang.ngrok.com/ngrok@v1.12.1/internal/tunnel/client/reconnecting.go:93 +0x2c fp=0xc000429f20 sp=0xc000429f08 pc=0xb1876c
golang.ngrok.com/ngrok/internal/tunnel/client.(*reconnectingSession).receive(0xc0004ca150, 0xc0004c60a0)
	golang.ngrok.com/ngrok@v1.12.1/internal/tunnel/client/reconnecting.go:272 +0x66 fp=0xc000429fa0 sp=0xc000429f20 pc=0xb196a6
golang.ngrok.com/ngrok/internal/tunnel/client.(*reconnectingSession).createTunnelClientSession.func1()
	golang.ngrok.com/ngrok@v1.12.1/internal/tunnel/client/reconnecting.go:158 +0x45 fp=0xc000429fe0 sp=0xc000429fa0 pc=0xb189c5
runtime.goexit({})
	runtime/asm_amd64.s:1700 +0x1 fp=0xc000429fe8 sp=0xc000429fe0 pc=0x461d81
created by golang.ngrok.com/ngrok/internal/tunnel/client.(*reconnectingSession).createTunnelClientSession in goroutine 50
	golang.ngrok.com/ngrok@v1.12.1/internal/tunnel/client/reconnecting.go:153 +0x198

goroutine 4059 gp=0xc0006901c0 m=nil [sync.Cond.Wait]:
runtime.gopark(0x0?, 0xe7791f701?, 0x40?, 0x68?, 0x4e6440?)
	runtime/proc.go:435 +0xce fp=0xc000953aa0 sp=0xc000953a80 pc=0x459ace
runtime.goparkunlock(...)
	runtime/proc.go:441
sync.runtime_notifyListWait(0xc00062d590, 0x0)
	runtime/sema.go:597 +0x15d fp=0xc000953af0 sp=0xc000953aa0 pc=0x45af9d
sync.(*Cond).Wait(0xc000116678?)
	sync/cond.go:71 +0x85 fp=0xc000953b28 sp=0xc000953af0 pc=0x479885
net/http.(*connReader).abortPendingRead(0xc000822f30)
	net/http/server.go:738 +0x9d fp=0xc000953b78 sp=0xc000953b28 pc=0x761fbd
net/http.(*response).finishRequest(0xc000229880)
	net/http/server.go:1720 +0x87 fp=0xc000953b98 sp=0xc000953b78 pc=0x7671a7
net/http.(*conn).serve(0xc000614fc0, {0x13fe5e0, 0xc00064e570})
	net/http/server.go:2108 +0x665 fp=0xc000953fb8 sp=0xc000953b98 pc=0x767f45
net/http.(*Server).Serve.gowrap3()
	net/http/server.go:3454 +0x28 fp=0xc000953fe0 sp=0xc000953fb8 pc=0x76d7e8
runtime.goexit({})
	runtime/asm_amd64.s:1700 +0x1 fp=0xc000953fe8 sp=0xc000953fe0 pc=0x461d81
created by net/http.(*Server).Serve in goroutine 39
	net/http/server.go:3454 +0x485

goroutine 4035 gp=0xc0004868c0 m=nil [IO wait]:
runtime.gopark(0x0?, 0xc0006c2520?, 0xc8?, 0x25?, 0xc0006c25cc?)
	runtime/proc.go:435 +0xce fp=0xc0008598c8 sp=0xc0008598a8 pc=0x459ace
runtime.netpollblock(0x74c?, 0x3effc6?, 0x0?)
	runtime/netpoll.go:575 +0xf7 fp=0xc000859900 sp=0xc0008598c8 pc=0x41d377
internal/poll.runtime_pollWait(0x21154093b58, 0x72)
	runtime/netpoll.go:351 +0x85 fp=0xc000859920 sp=0xc000859900 pc=0x458c65
internal/poll.(*pollDesc).wait(0x0?, 0xc000859970?, 0x0)
	internal/poll/fd_poll_runtime.go:84 +0x27 fp=0xc000859948 sp=0xc000859920 pc=0x4e5fa7
internal/poll.execIO(0xc0006c2520, 0x12d9038)
	internal/poll/fd_windows.go:177 +0x105 fp=0xc0008599c0 sp=0xc000859948 pc=0x4e7405
internal/poll.(*FD).Read(0xc0006c2508, {0xc00023b000, 0x1000, 0x1000})
	internal/poll/fd_windows.go:438 +0x29b fp=0xc000859a60 sp=0xc0008599c0 pc=0x4e80db
net.(*netFD).Read(0xc0006c2508, {0xc00023b000?, 0xc000859ad0?, 0x4e6465?})
	net/fd_posix.go:55 +0x25 fp=0xc000859aa8 sp=0xc000859a60 pc=0x55bb25
net.(*conn).Read(0xc0002cc738, {0xc00023b000?, 0x0?, 0x0?})
	net/net.go:194 +0x45 fp=0xc000859af0 sp=0xc000859aa8 pc=0x571525
net/http.(*connReader).Read(0xc00074e0f0, {0xc00023b000, 0x1000, 0x1000})
	net/http/server.go:798 +0x159 fp=0xc000859b40 sp=0xc000859af0 pc=0x762279
bufio.(*Reader).fill(0xc00062e9c0)
	bufio/bufio.go:113 +0x103 fp=0xc000859b78 sp=0xc000859b40 pc=0x589183
bufio.(*Reader).Peek(0xc00062e9c0, 0x4)
	bufio/bufio.go:152 +0x53 fp=0xc000859b98 sp=0xc000859b78 pc=0x5892b3
net/http.(*conn).serve(0xc0007a9c20, {0x13fe5e0, 0xc00064e570})
	net/http/server.go:2137 +0x785 fp=0xc000859fb8 sp=0xc000859b98 pc=0x768065
net/http.(*Server).Serve.gowrap3()
	net/http/server.go:3454 +0x28 fp=0xc000859fe0 sp=0xc000859fb8 pc=0x76d7e8
runtime.goexit({})
	runtime/asm_amd64.s:1700 +0x1 fp=0xc000859fe8 sp=0xc000859fe0 pc=0x461d81
created by net/http.(*Server).Serve in goroutine 39
	net/http/server.go:3454 +0x485

goroutine 1303 gp=0xc000690380 m=nil [select]:
runtime.gopark(0xc0006a5f58?, 0x2?, 0x88?, 0x63?, 0xc0006a5f2c?)
	runtime/proc.go:435 +0xce fp=0xc0006a5db8 sp=0xc0006a5d98 pc=0x459ace
runtime.selectgo(0xc0006a5f58, 0xc0006a5f28, 0xc000698800?, 0x0, 0x2?, 0x1)
	runtime/select.go:351 +0x837 fp=0xc0006a5ef0 sp=0xc0006a5db8 pc=0x438c77
golang.ngrok.com/muxado/v2.(*session).writer(0xc0006003f0)
	golang.ngrok.com/muxado/v2@v2.0.1/session.go:326 +0xc8 fp=0xc0006a5fc8 sp=0xc0006a5ef0 pc=0xab2ba8
golang.ngrok.com/muxado/v2.newSession.gowrap2()
	golang.ngrok.com/muxado/v2@v2.0.1/session.go:97 +0x25 fp=0xc0006a5fe0 sp=0xc0006a5fc8 pc=0xab1845
runtime.goexit({})
	runtime/asm_amd64.s:1700 +0x1 fp=0xc0006a5fe8 sp=0xc0006a5fe0 pc=0x461d81
created by golang.ngrok.com/muxado/v2.newSession in goroutine 52
	golang.ngrok.com/muxado/v2@v2.0.1/session.go:97 +0x365

goroutine 1304 gp=0xc0006908c0 m=nil [select]:
runtime.gopark(0xc0006a1f10?, 0x2?, 0xc?, 0x17?, 0xc0006a1eac?)
	runtime/proc.go:435 +0xce fp=0xc0006a1d38 sp=0xc0006a1d18 pc=0x459ace
runtime.selectgo(0xc0006a1f10, 0xc0006a1ea8, 0x1c16840?, 0x0, 0xe79d40?, 0x1)
	runtime/select.go:351 +0x837 fp=0xc0006a1e70 sp=0xc0006a1d38 pc=0x438c77
golang.ngrok.com/muxado/v2.(*Heartbeat).requester(0xc00022a3c0, 0xc0003d27e0)
	golang.ngrok.com/muxado/v2@v2.0.1/heartbeat.go:182 +0x25a fp=0xc0006a1fc0 sp=0xc0006a1e70 pc=0xab0eda
golang.ngrok.com/muxado/v2.(*Heartbeat).Start.gowrap1()
	golang.ngrok.com/muxado/v2@v2.0.1/heartbeat.go:131 +0x25 fp=0xc0006a1fe0 sp=0xc0006a1fc0 pc=0xab0aa5
runtime.goexit({})
	runtime/asm_amd64.s:1700 +0x1 fp=0xc0006a1fe8 sp=0xc0006a1fe0 pc=0x461d81
created by golang.ngrok.com/muxado/v2.(*Heartbeat).Start in goroutine 52
	golang.ngrok.com/muxado/v2@v2.0.1/heartbeat.go:131 +0x78

goroutine 4051 gp=0xc000106a80 m=nil [IO wait]:
runtime.gopark(0x0?, 0xc00080c7a0?, 0x48?, 0xc8?, 0xc00080c84c?)
	runtime/proc.go:435 +0xce fp=0xc0008dd8c8 sp=0xc0008dd8a8 pc=0x459ace
runtime.netpollblock(0x434?, 0x3effc6?, 0x0?)
	runtime/netpoll.go:575 +0xf7 fp=0xc0008dd900 sp=0xc0008dd8c8 pc=0x41d377
internal/poll.runtime_pollWait(0x21154093928, 0x72)
	runtime/netpoll.go:351 +0x85 fp=0xc0008dd920 sp=0xc0008dd900 pc=0x458c65
internal/poll.(*pollDesc).wait(0x0?, 0xc0008dd970?, 0x0)
	internal/poll/fd_poll_runtime.go:84 +0x27 fp=0xc0008dd948 sp=0xc0008dd920 pc=0x4e5fa7
internal/poll.execIO(0xc00080c7a0, 0x12d9038)
	internal/poll/fd_windows.go:177 +0x105 fp=0xc0008dd9c0 sp=0xc0008dd948 pc=0x4e7405
internal/poll.(*FD).Read(0xc00080c788, {0xc0006c6000, 0x1000, 0x1000})
	internal/poll/fd_windows.go:438 +0x29b fp=0xc0008dda60 sp=0xc0008dd9c0 pc=0x4e80db
net.(*netFD).Read(0xc00080c788, {0xc0006c6000?, 0xc0008ddad0?, 0x4e6465?})
	net/fd_posix.go:55 +0x25 fp=0xc0008ddaa8 sp=0xc0008dda60 pc=0x55bb25
net.(*conn).Read(0xc000116598, {0xc0006c6000?, 0x0?, 0x0?})
	net/net.go:194 +0x45 fp=0xc0008ddaf0 sp=0xc0008ddaa8 pc=0x571525
net/http.(*connReader).Read(0xc0006ab8c0, {0xc0006c6000, 0x1000, 0x1000})
	net/http/server.go:798 +0x159 fp=0xc0008ddb40 sp=0xc0008ddaf0 pc=0x762279
bufio.(*Reader).fill(0xc00052ad80)
	bufio/bufio.go:113 +0x103 fp=0xc0008ddb78 sp=0xc0008ddb40 pc=0x589183
bufio.(*Reader).Peek(0xc00052ad80, 0x4)
	bufio/bufio.go:152 +0x53 fp=0xc0008ddb98 sp=0xc0008ddb78 pc=0x5892b3
net/http.(*conn).serve(0xc000614b40, {0x13fe5e0, 0xc00064e570})
	net/http/server.go:2137 +0x785 fp=0xc0008ddfb8 sp=0xc0008ddb98 pc=0x768065
net/http.(*Server).Serve.gowrap3()
	net/http/server.go:3454 +0x28 fp=0xc0008ddfe0 sp=0xc0008ddfb8 pc=0x76d7e8
runtime.goexit({})
	runtime/asm_amd64.s:1700 +0x1 fp=0xc0008ddfe8 sp=0xc0008ddfe0 pc=0x461d81
created by net/http.(*Server).Serve in goroutine 39
	net/http/server.go:3454 +0x485

goroutine 1313 gp=0xc000106fc0 m=nil [chan receive]:
runtime.gopark(0xc00062f5c0?, 0x200?, 0xc4?, 0x39?, 0xc0001b5400?)
	runtime/proc.go:435 +0xce fp=0xc0000578e8 sp=0xc0000578c8 pc=0x459ace
runtime.chanrecv(0xc000682230, 0xc0000579f0, 0x1)
	runtime/chan.go:664 +0x445 fp=0xc000057960 sp=0xc0000578e8 pc=0x3f2125
runtime.chanrecv2(0xc000423a18?, 0xc0004239c0?)
	runtime/chan.go:511 +0x12 fp=0xc000057988 sp=0xc000057960 pc=0x3f1cd2
go.ngrok.com/cmd/ngrok/web.(*webService).State(0xc000644a00, 0x102fd40?, {0x14043e0, 0xc000052640})
	go.ngrok.com/cmd/ngrok/web/grpc.go:209 +0x145 fp=0xc000057a58 sp=0xc000057988 pc=0xcd7725
go.ngrok.com/lib/pb_agent._Web_State_Handler({0x102fd40, 0xc000644a00}, {0x1403320, 0xc0002282a0})
	go.ngrok.com/lib/pb_agent/web.pb.go:2521 +0x110 fp=0xc000057a98 sp=0xc000057a58 pc=0xaac490
google.golang.org/grpc.(*Server).processStreamingRPC(0xc000602600, {0x13fe5e0, 0xc0008a0ae0}, 0xc0004fe000, 0xc00064e180, 0x1bea6e0, 0x0)
	google.golang.org/grpc@v1.72.0/server.go:1695 +0x1252 fp=0xc000057d98 sp=0xc000057a98 pc=0xa92c72
google.golang.org/grpc.(*Server).handleStream(0xc000602600, {0x13fef80, 0xc0002281c0}, 0xc0004fe000)
	google.golang.org/grpc@v1.72.0/server.go:1819 +0xb47 fp=0xc000057f78 sp=0xc000057d98 pc=0xa94547
google.golang.org/grpc.(*Server).serveStreams.func2.1()
	google.golang.org/grpc@v1.72.0/server.go:1035 +0x7f fp=0xc000057fe0 sp=0xc000057f78 pc=0xa8cd3f
runtime.goexit({})
	runtime/asm_amd64.s:1700 +0x1 fp=0xc000057fe8 sp=0xc000057fe0 pc=0x461d81
created by google.golang.org/grpc.(*Server).serveStreams.func2 in goroutine 1281
	google.golang.org/grpc@v1.72.0/server.go:1046 +0x11d

goroutine 103 gp=0xc000107180 m=nil [select, 14 minutes]:
runtime.gopark(0xc000659f90?, 0x2?, 0xf0?, 0xda?, 0xc000659f2c?)
	runtime/proc.go:435 +0xce fp=0xc000659dc0 sp=0xc000659da0 pc=0x459ace
runtime.selectgo(0xc000659f90, 0xc000659f28, 0x1403128?, 0x0, 0x13f4880?, 0x1)
	runtime/select.go:351 +0x837 fp=0xc000659ef8 sp=0xc000659dc0 pc=0x438c77
golang.ngrok.com/ngrok.Connect.func3()
	golang.ngrok.com/ngrok@v1.12.1/session.go:748 +0xd8 fp=0xc000659fc8 sp=0xc000659ef8 pc=0xb25038
golang.ngrok.com/ngrok.Connect.func4()
	golang.ngrok.com/ngrok@v1.12.1/session.go:798 +0x22 fp=0xc000659fe0 sp=0xc000659fc8 pc=0xb24f42
runtime.goexit({})
	runtime/asm_amd64.s:1700 +0x1 fp=0xc000659fe8 sp=0xc000659fe0 pc=0x461d81
created by golang.ngrok.com/ngrok.Connect in goroutine 50
	golang.ngrok.com/ngrok@v1.12.1/session.go:797 +0xd39

goroutine 1302 gp=0xc000107340 m=nil [IO wait]:
runtime.gopark(0x0?, 0xc0007e2020?, 0xc8?, 0x20?, 0xc0007e20cc?)
	runtime/proc.go:435 +0xce fp=0xc0004278b0 sp=0xc000427890 pc=0x459ace
runtime.netpollblock(0x6b8?, 0x3effc6?, 0x0?)
	runtime/netpoll.go:575 +0xf7 fp=0xc0004278e8 sp=0xc0004278b0 pc=0x41d377
internal/poll.runtime_pollWait(0x21154093a40, 0x72)
	runtime/netpoll.go:351 +0x85 fp=0xc000427908 sp=0xc0004278e8 pc=0x458c65
internal/poll.(*pollDesc).wait(0xc0005bc380?, 0xc000427980?, 0x0)
	internal/poll/fd_poll_runtime.go:84 +0x27 fp=0xc000427930 sp=0xc000427908 pc=0x4e5fa7
internal/poll.execIO(0xc0007e2020, 0x12d9038)
	internal/poll/fd_windows.go:177 +0x105 fp=0xc0004279a8 sp=0xc000427930 pc=0x4e7405
internal/poll.(*FD).Read(0xc0007e2008, {0xc000791300, 0x1300, 0x1300})
	internal/poll/fd_windows.go:438 +0x29b fp=0xc000427a48 sp=0xc0004279a8 pc=0x4e80db
net.(*netFD).Read(0xc0007e2008, {0xc000791300?, 0xc00079135a?, 0x5?})
	net/fd_posix.go:55 +0x25 fp=0xc000427a90 sp=0xc000427a48 pc=0x55bb25
net.(*conn).Read(0xc00069c070, {0xc000791300?, 0x21155db0a00?, 0x2110e8f1800?})
	net/net.go:194 +0x45 fp=0xc000427ad8 sp=0xc000427a90 pc=0x571525
crypto/tls.(*atLeastReader).Read(0xc0007322a0, {0xc000791300?, 0x0?, 0x0?})
	crypto/tls/conn.go:809 +0x3b fp=0xc000427b20 sp=0xc000427ad8 pc=0x69781b
bytes.(*Buffer).ReadFrom(0xc000416638, {0x13f3c60, 0xc0007322a0})
	bytes/buffer.go:211 +0x98 fp=0xc000427b78 sp=0xc000427b20 pc=0x5161d8
crypto/tls.(*Conn).readFromUntil(0xc000416388, {0x21153bbc238, 0xc00069c070}, 0x422714?)
	crypto/tls/conn.go:831 +0xde fp=0xc000427bb0 sp=0xc000427b78 pc=0x6979fe
crypto/tls.(*Conn).readRecordOrCCS(0xc000416388, 0x0)
	crypto/tls/conn.go:629 +0x3cf fp=0xc000427e28 sp=0xc000427bb0 pc=0x694b0f
crypto/tls.(*Conn).readRecord(...)
	crypto/tls/conn.go:591
crypto/tls.(*Conn).Read(0xc000416388, {0xc00018178a, 0x8, 0x3f1d57?})
	crypto/tls/conn.go:1385 +0x145 fp=0xc000427e90 sp=0xc000427e28 pc=0x69b2e5
io.ReadAtLeast({0x21153bb81a8, 0xc000416388}, {0xc00018178a, 0x8, 0x10}, 0x8)
	io/io.go:335 +0x91 fp=0xc000427ed8 sp=0xc000427e90 pc=0x4ab651
io.ReadFull(...)
	io/io.go:354
golang.ngrok.com/muxado/v2/frame.(*common).readFrom(0xc000181780, {0x21153bb81a8?, 0xc000416388?})
	golang.ngrok.com/muxado/v2@v2.0.1/frame/common.go:112 +0x45 fp=0xc000427f18 sp=0xc000427ed8 pc=0xaad0c5
golang.ngrok.com/muxado/v2/frame.(*framer).ReadFrame(0xc000181760)
	golang.ngrok.com/muxado/v2@v2.0.1/frame/framer.go:46 +0x2a fp=0xc000427f50 sp=0xc000427f18 pc=0xaad8ca
golang.ngrok.com/muxado/v2.(*session).reader(0xc0006003f0)
	golang.ngrok.com/muxado/v2@v2.0.1/session.go:349 +0x7b fp=0xc000427fc8 sp=0xc000427f50 pc=0xab2e5b
golang.ngrok.com/muxado/v2.newSession.gowrap1()
	golang.ngrok.com/muxado/v2@v2.0.1/session.go:96 +0x25 fp=0xc000427fe0 sp=0xc000427fc8 pc=0xab18a5
runtime.goexit({})
	runtime/asm_amd64.s:1700 +0x1 fp=0xc000427fe8 sp=0xc000427fe0 pc=0x461d81
created by golang.ngrok.com/muxado/v2.newSession in goroutine 52
	golang.ngrok.com/muxado/v2@v2.0.1/session.go:96 +0x325

goroutine 1308 gp=0xc0001076c0 m=nil [select]:
runtime.gopark(0xc000661fa8?, 0x2?, 0xe0?, 0x4e?, 0xc000661f7c?)
	runtime/proc.go:435 +0xce fp=0xc000661e10 sp=0xc000661df0 pc=0x459ace
runtime.selectgo(0xc000661fa8, 0xc000661f78, 0x1403128?, 0x0, 0x11d9308?, 0x1)
	runtime/select.go:351 +0x837 fp=0xc000661f48 sp=0xc000661e10 pc=0x438c77
golang.ngrok.com/ngrok.Connect.func2.1()
	golang.ngrok.com/ngrok@v1.12.1/session.go:700 +0xd9 fp=0xc000661fe0 sp=0xc000661f48 pc=0xb25f99
runtime.goexit({})
	runtime/asm_amd64.s:1700 +0x1 fp=0xc000661fe8 sp=0xc000661fe0 pc=0x461d81
created by golang.ngrok.com/ngrok.Connect.func2 in goroutine 52
	golang.ngrok.com/ngrok@v1.12.1/session.go:696 +0x7ab

goroutine 106 gp=0xc000107c00 m=nil [chan receive, 178 minutes]:
runtime.gopark(0xc0007b1d50?, 0xc0007b1d60?, 0xb2?, 0x1c?, 0xc000492150?)
	runtime/proc.go:435 +0xce fp=0xc0007b1d30 sp=0xc0007b1d10 pc=0x459ace
runtime.chanrecv(0xc000331340, 0xc0007b1de0, 0x1)
	runtime/chan.go:664 +0x445 fp=0xc0007b1da8 sp=0xc0007b1d30 pc=0x3f2125
runtime.chanrecv2(0x2600000000000000?, 0xf4f521009000?)
	runtime/chan.go:511 +0x12 fp=0xc0007b1dd0 sp=0xc0007b1da8 pc=0x3f1cd2
golang.ngrok.com/ngrok/internal/tunnel/client.(*tunnel).Accept(0xc0007bfcc0)
	golang.ngrok.com/ngrok@v1.12.1/internal/tunnel/client/tunnel.go:91 +0x2d fp=0xc0007b1df8 sp=0xc0007b1dd0 pc=0xb1d36d
golang.ngrok.com/ngrok.(*tunnelImpl).Accept(0xc0007ef110)
	golang.ngrok.com/ngrok@v1.12.1/tunnel.go:150 +0x2d fp=0xc0007b1e88 sp=0xc0007b1df8 pc=0xb27a6d
go.ngrok.com/cmd/ngrok/tung.(*tunnel).run(0xc0007aaa10)
	go.ngrok.com/cmd/ngrok/tung/tunnel.go:107 +0x7d fp=0xc0007b1fc8 sp=0xc0007b1e88 pc=0xbb787d
go.ngrok.com/cmd/ngrok/tung.newTunnel.gowrap2()
	go.ngrok.com/cmd/ngrok/tung/tunnel.go:68 +0x25 fp=0xc0007b1fe0 sp=0xc0007b1fc8 pc=0xbb71a5
runtime.goexit({})
	runtime/asm_amd64.s:1700 +0x1 fp=0xc0007b1fe8 sp=0xc0007b1fe0 pc=0x461d81
created by go.ngrok.com/cmd/ngrok/tung.newTunnel in goroutine 104
	go.ngrok.com/cmd/ngrok/tung/tunnel.go:68 +0x225

goroutine 4055 gp=0xc000690a80 m=nil [runnable]:
runtime.gopark(0x0?, 0xc00080cca0?, 0x48?, 0xcd?, 0xc00080cd4c?)
	runtime/proc.go:435 +0xce fp=0xc00091d8c8 sp=0xc00091d8a8 pc=0x459ace
runtime.netpollblock(0x730?, 0x3effc6?, 0x0?)
	runtime/netpoll.go:575 +0xf7 fp=0xc00091d900 sp=0xc00091d8c8 pc=0x41d377
internal/poll.runtime_pollWait(0x21154092f50, 0x72)
	runtime/netpoll.go:351 +0x85 fp=0xc00091d920 sp=0xc00091d900 pc=0x458c65
internal/poll.(*pollDesc).wait(0x0?, 0xc00091d970?, 0x0)
	internal/poll/fd_poll_runtime.go:84 +0x27 fp=0xc00091d948 sp=0xc00091d920 pc=0x4e5fa7
internal/poll.execIO(0xc00080cca0, 0x12d9038)
	internal/poll/fd_windows.go:177 +0x105 fp=0xc00091d9c0 sp=0xc00091d948 pc=0x4e7405
internal/poll.(*FD).Read(0xc00080cc88, {0xc000769000, 0x1000, 0x1000})
	internal/poll/fd_windows.go:438 +0x29b fp=0xc00091da60 sp=0xc00091d9c0 pc=0x4e80db
net.(*netFD).Read(0xc00080cc88, {0xc000769000?, 0xc00091dad0?, 0x4e6465?})
	net/fd_posix.go:55 +0x25 fp=0xc00091daa8 sp=0xc00091da60 pc=0x55bb25
net.(*conn).Read(0xc000116608, {0xc000769000?, 0x0?, 0x0?})
	net/net.go:194 +0x45 fp=0xc00091daf0 sp=0xc00091daa8 pc=0x571525
net/http.(*connReader).Read(0xc00074eab0, {0xc000769000, 0x1000, 0x1000})
	net/http/server.go:798 +0x159 fp=0xc00091db40 sp=0xc00091daf0 pc=0x762279
bufio.(*Reader).fill(0xc00005f0e0)
	bufio/bufio.go:113 +0x103 fp=0xc00091db78 sp=0xc00091db40 pc=0x589183
bufio.(*Reader).Peek(0xc00005f0e0, 0x4)
	bufio/bufio.go:152 +0x53 fp=0xc00091db98 sp=0xc00091db78 pc=0x5892b3
net/http.(*conn).serve(0xc000614d80, {0x13fe5e0, 0xc00064e570})
	net/http/server.go:2137 +0x785 fp=0xc00091dfb8 sp=0xc00091db98 pc=0x768065
net/http.(*Server).Serve.gowrap3()
	net/http/server.go:3454 +0x28 fp=0xc00091dfe0 sp=0xc00091dfb8 pc=0x76d7e8
runtime.goexit({})
	runtime/asm_amd64.s:1700 +0x1 fp=0xc00091dfe8 sp=0xc00091dfe0 pc=0x461d81
created by net/http.(*Server).Serve in goroutine 39
	net/http/server.go:3454 +0x485

goroutine 4037 gp=0xc000691340 m=nil [runnable]:
runtime.gopark(0x0?, 0xc0006c27a0?, 0x48?, 0x28?, 0xc0006c284c?)
	runtime/proc.go:435 +0xce fp=0xc0008e78c8 sp=0xc0008e78a8 pc=0x459ace
runtime.netpollblock(0x644?, 0x3effc6?, 0x0?)
	runtime/netpoll.go:575 +0xf7 fp=0xc0008e7900 sp=0xc0008e78c8 pc=0x41d377
internal/poll.runtime_pollWait(0x21154093298, 0x72)
	runtime/netpoll.go:351 +0x85 fp=0xc0008e7920 sp=0xc0008e7900 pc=0x458c65
internal/poll.(*pollDesc).wait(0x0?, 0xc0008e7970?, 0x0)
	internal/poll/fd_poll_runtime.go:84 +0x27 fp=0xc0008e7948 sp=0xc0008e7920 pc=0x4e5fa7
internal/poll.execIO(0xc0006c27a0, 0x12d9038)
	internal/poll/fd_windows.go:177 +0x105 fp=0xc0008e79c0 sp=0xc0008e7948 pc=0x4e7405
internal/poll.(*FD).Read(0xc0006c2788, {0xc0006ce000, 0x1000, 0x1000})
	internal/poll/fd_windows.go:438 +0x29b fp=0xc0008e7a60 sp=0xc0008e79c0 pc=0x4e80db
net.(*netFD).Read(0xc0006c2788, {0xc0006ce000?, 0xc0008e7ad0?, 0x4e6465?})
	net/fd_posix.go:55 +0x25 fp=0xc0008e7aa8 sp=0xc0008e7a60 pc=0x55bb25
net.(*conn).Read(0xc0002cc770, {0xc0006ce000?, 0x0?, 0x0?})
	net/net.go:194 +0x45 fp=0xc0008e7af0 sp=0xc0008e7aa8 pc=0x571525
net/http.(*connReader).Read(0xc0006ab980, {0xc0006ce000, 0x1000, 0x1000})
	net/http/server.go:798 +0x159 fp=0xc0008e7b40 sp=0xc0008e7af0 pc=0x762279
bufio.(*Reader).fill(0xc00052ade0)
	bufio/bufio.go:113 +0x103 fp=0xc0008e7b78 sp=0xc0008e7b40 pc=0x589183
bufio.(*Reader).Peek(0xc00052ade0, 0x4)
	bufio/bufio.go:152 +0x53 fp=0xc0008e7b98 sp=0xc0008e7b78 pc=0x5892b3
net/http.(*conn).serve(0xc0007a9d40, {0x13fe5e0, 0xc00064e570})
	net/http/server.go:2137 +0x785 fp=0xc0008e7fb8 sp=0xc0008e7b98 pc=0x768065
net/http.(*Server).Serve.gowrap3()
	net/http/server.go:3454 +0x28 fp=0xc0008e7fe0 sp=0xc0008e7fb8 pc=0x76d7e8
runtime.goexit({})
	runtime/asm_amd64.s:1700 +0x1 fp=0xc0008e7fe8 sp=0xc0008e7fe0 pc=0x461d81
created by net/http.(*Server).Serve in goroutine 39
	net/http/server.go:3454 +0x485

goroutine 1281 gp=0xc000470c40 m=nil [select]:
runtime.gopark(0xc00034b780?, 0x2?, 0x13?, 0x73?, 0xc00034b704?)
	runtime/proc.go:435 +0xce fp=0xc00034b598 sp=0xc00034b578 pc=0x459ace
runtime.selectgo(0xc00034b780, 0xc00034b700, 0xf14080?, 0x0, 0x1009d00?, 0x1)
	runtime/select.go:351 +0x837 fp=0xc00034b6d0 sp=0xc00034b598 pc=0x438c77
google.golang.org/grpc/internal/transport.(*serverHandlerTransport).runStream(...)
	google.golang.org/grpc@v1.72.0/internal/transport/handler_server.go:467
google.golang.org/grpc/internal/transport.(*serverHandlerTransport).HandleStreams(0xc0002281c0, {0x13fe5e0?, 0xc0008a0750?}, 0xc0008a0840)
	google.golang.org/grpc@v1.72.0/internal/transport/handler_server.go:457 +0x516 fp=0xc00034b7b8 sp=0xc00034b6d0 pc=0xa26436
google.golang.org/grpc.(*Server).serveStreams(0xc000602600, {0x13fe618?, 0xc0008a8050?}, {0x13fef80, 0xc0002281c0}, {0x0?, 0x0?})
	google.golang.org/grpc@v1.72.0/server.go:1029 +0x396 fp=0xc00034b8a0 sp=0xc00034b7b8 pc=0xa8caf6
google.golang.org/grpc.(*Server).ServeHTTP(0xc000602600, {0x13fca30?, 0xc0008a04e0?}, 0xc0004a2000)
	google.golang.org/grpc@v1.72.0/server.go:1091 +0x132 fp=0xc00034b930 sp=0xc00034b8a0 pc=0xa8d092
github.com/improbable-eng/grpc-web/go/grpcweb.(*WrappedGrpcServer).HandleGrpcWebRequest(0xc00064c2a0, {0x21155ab00f8, 0xc0008a80a0}, 0xc0004a2000)
	github.com/improbable-eng/grpc-web@v0.14.1/go/grpcweb/wrapper.go:148 +0x18b fp=0xc00034b998 sp=0xc00034b930 pc=0xc16c0b
github.com/improbable-eng/grpc-web/go/grpcweb.(*WrappedGrpcServer).HandleGrpcWebRequest-fm({0x21155ab00f8?, 0xc0008a80a0?}, 0xc000306438?)
	<autogenerated>:1 +0x36 fp=0xc00034b9c8 sp=0xc00034b998 pc=0xc18176
net/http.HandlerFunc.ServeHTTP(0xc0000c7ce0?, {0x21155ab00f8?, 0xc0008a80a0?}, 0xc0004a2000?)
	net/http/server.go:2294 +0x29 fp=0xc00034b9f0 sp=0xc00034b9c8 pc=0x769a09
github.com/improbable-eng/grpc-web/go/grpcweb.(*WrappedGrpcServer).ServeHTTP.(*Cors).Handler.func1({0x21155ab00f8, 0xc0008a80a0}, 0xc0004a2000)
	github.com/rs/cors@v1.7.0/cors.go:219 +0x17e fp=0xc00034ba48 sp=0xc00034b9f0 pc=0xc1695e
net/http.HandlerFunc.ServeHTTP(...)
	net/http/server.go:2294
github.com/improbable-eng/grpc-web/go/grpcweb.(*WrappedGrpcServer).ServeHTTP(0xc00064c2a0, {0x21155ab00f8, 0xc0008a80a0}, 0xc0004a2000)
	github.com/improbable-eng/grpc-web@v0.14.1/go/grpcweb/wrapper.go:129 +0x174 fp=0xc00034ba98 sp=0xc00034ba48 pc=0xc16774
go.ngrok.com/cmd/ngrok/web.grpcHandler.func1({0x21155ab00f8?, 0xc0008a80a0?}, 0xc0004a2000?)
	go.ngrok.com/cmd/ngrok/web/grpc.go:49 +0xdf fp=0xc00034bae0 sp=0xc00034ba98 pc=0xcd653f
runtime.call32(0xc00069a510, 0xc0005ed080, 0x0, 0x0, 0x0, 0x18, 0xc00034bd48)
	runtime/asm_amd64.s:776 +0x48 fp=0xc00034bb10 sp=0xc00034bae0 pc=0x460328
runtime.reflectcall(0x1074260?, 0xc0004a2000?, 0x4?, 0x10a25ea?, 0x0?, 0x12?, 0x1074260?)
	<autogenerated>:1 +0x36 fp=0xc00034bb50 sp=0xc00034bb10 pc=0x466db6
reflect.Value.call({0xf1e260?, 0xc0005ed080?, 0xc00034c0d8?}, {0x109138c, 0x4}, {0xc0008a0480, 0x2, 0x8080808080808022?})
	reflect/value.go:584 +0xca6 fp=0xc00034c098 sp=0xc00034bb50 pc=0x495626
reflect.Value.Call({0xf1e260?, 0xc0005ed080?, 0x1074260?}, {0xc0008a0480?, 0x0?, 0x0?})
	reflect/value.go:368 +0xb9 fp=0xc00034c110 sp=0xc00034c098 pc=0x494739
github.com/codegangsta/inject.(*injector).Invoke(0xc000148168, {0xf1e260, 0xc0005ed080})
	github.com/codegangsta/inject@v0.0.0-20150114235600-33e0aa1cb7c0/inject.go:102 +0x235 fp=0xc00034c1b8 sp=0xc00034c110 pc=0xbcb375
github.com/go-martini/martini.(*context).Invoke(0x0?, {0xf1e260?, 0xc0005ed080?})
	<autogenerated>:1 +0x2e fp=0xc00034c1e0 sp=0xc00034c1b8 pc=0xbd06ae
github.com/go-martini/martini.(*routeContext).run(0xc0008a0450)
	github.com/go-martini/martini@v0.0.0-20170121215854-22fa46961aab/router.go:408 +0x56 fp=0xc00034c240 sp=0xc00034c1e0 pc=0xbcf556
github.com/go-martini/martini.(*routeContext).Next(0x456ff6?)
	github.com/go-martini/martini@v0.0.0-20170121215854-22fa46961aab/router.go:402 +0x17 fp=0xc00034c258 sp=0xc00034c240 pc=0xbcf4d7
go.ngrok.com/cmd/ngrok/web.recoveryMiddleware({0x21155ab00f8?, 0xc0008a80a0?}, {0x1408120?, 0xc0008a0450?}, {0x1404e30?, 0xc0005a4440?})
	go.ngrok.com/cmd/ngrok/web/ui.go:80 +0x74 fp=0xc00034c2a8 sp=0xc00034c258 pc=0xcdc9b4
runtime.call64(0xc00069a450, 0x12d93a8, 0x0, 0x0, 0x0, 0x30, 0xc00034c530)
	runtime/asm_amd64.s:777 +0x48 fp=0xc00034c2f8 sp=0xc00034c2a8 pc=0x4603c8
runtime.reflectcall(0xff7d20?, 0xc0005a4440?, 0x8?, 0x10a25ea?, 0x0?, 0x12?, 0xfa5c00?)
	<autogenerated>:1 +0x36 fp=0xc00034c338 sp=0xc00034c2f8 pc=0x466db6
reflect.Value.call({0xeefe60?, 0x12d93a8?, 0xc00034c8c0?}, {0x109138c, 0x4}, {0xc0008a8500, 0x3, 0x969c27d0215?})
	reflect/value.go:584 +0xca6 fp=0xc00034c880 sp=0xc00034c338 pc=0x495626
reflect.Value.Call({0xeefe60?, 0x12d93a8?, 0xfa5c00?}, {0xc0008a8500?, 0xc00034c9e8?, 0x7cd698?})
	reflect/value.go:368 +0xb9 fp=0xc00034c8f8 sp=0xc00034c880 pc=0x494739
github.com/codegangsta/inject.(*injector).Invoke(0xc000148168, {0xeefe60, 0x12d93a8})
	github.com/codegangsta/inject@v0.0.0-20150114235600-33e0aa1cb7c0/inject.go:102 +0x235 fp=0xc00034c9a0 sp=0xc00034c8f8 pc=0xbcb375
github.com/go-martini/martini.(*context).Invoke(0x4?, {0xeefe60?, 0x12d93a8?})
	<autogenerated>:1 +0x2e fp=0xc00034c9c8 sp=0xc00034c9a0 pc=0xbd06ae
github.com/go-martini/martini.(*routeContext).run(0xc0008a0450)
	github.com/go-martini/martini@v0.0.0-20170121215854-22fa46961aab/router.go:408 +0x56 fp=0xc00034ca28 sp=0xc00034c9c8 pc=0xbcf556
github.com/go-martini/martini.(*routeContext).Next(0xc00011a860?)
	github.com/go-martini/martini@v0.0.0-20170121215854-22fa46961aab/router.go:402 +0x17 fp=0xc00034ca40 sp=0xc00034ca28 pc=0xbcf4d7
go.ngrok.com/cmd/ngrok/web.loggerMiddleware({0x1408120, 0xc0008a0450}, 0xc0004a2000, {0x21155ab00f8, 0xc0008a80a0})
	go.ngrok.com/cmd/ngrok/web/ui.go:57 +0x1ac fp=0xc00034cb08 sp=0xc00034ca40 pc=0xcdc78c
runtime.call64(0xc00069a3c0, 0x12d93a0, 0x0, 0x0, 0x0, 0x28, 0xc00034cd90)
	runtime/asm_amd64.s:777 +0x48 fp=0xc00034cb58 sp=0xc00034cb08 pc=0x4603c8
runtime.reflectcall(0x101e9c0?, 0xc0008a80a0?, 0x8?, 0x10a25ea?, 0x0?, 0x12?, 0xf460a0?)
	<autogenerated>:1 +0x36 fp=0xc00034cb98 sp=0xc00034cb58 pc=0x466db6
reflect.Value.call({0xeefc80?, 0x12d93a0?, 0xc00034d120?}, {0x109138c, 0x4}, {0xc0008a8190, 0x3, 0xc0003062c0?})
	reflect/value.go:584 +0xca6 fp=0xc00034d0e0 sp=0xc00034cb98 pc=0x495626
reflect.Value.Call({0xeefc80?, 0x12d93a0?, 0xf460a0?}, {0xc0008a8190?, 0xc0008a0180?, 0xf39d00?})
	reflect/value.go:368 +0xb9 fp=0xc00034d158 sp=0xc00034d0e0 pc=0x494739
github.com/codegangsta/inject.(*injector).Invoke(0xc000148168, {0xeefc80, 0x12d93a0})
	github.com/codegangsta/inject@v0.0.0-20150114235600-33e0aa1cb7c0/inject.go:102 +0x235 fp=0xc00034d200 sp=0xc00034d158 pc=0xbcb375
github.com/go-martini/martini.(*context).Invoke(0xc0006408c0?, {0xeefc80?, 0x12d93a0?})
	<autogenerated>:1 +0x2e fp=0xc00034d228 sp=0xc00034d200 pc=0xbd06ae
github.com/go-martini/martini.(*routeContext).run(0xc0008a0450)
	github.com/go-martini/martini@v0.0.0-20170121215854-22fa46961aab/router.go:408 +0x56 fp=0xc00034d288 sp=0xc00034d228 pc=0xbcf556
github.com/go-martini/martini.(*route).Handle(0xc0006408c0, {0x21155ab0128, 0xc0008a80f0}, {0xc00061c640?, 0x3?})
	github.com/go-martini/martini@v0.0.0-20170121215854-22fa46961aab/router.go:285 +0xe5 fp=0xc00034d2c8 sp=0xc00034d288 pc=0xbceb45
github.com/go-martini/martini.(*router).Handle(0xc00052acc0, {0x21155ab00f8, 0xc0008a80a0}, 0xc0004a2000, {0x21155ab0128, 0xc0008a80f0})
	github.com/go-martini/martini@v0.0.0-20170121215854-22fa46961aab/router.go:132 +0x270 fp=0xc00034d3d8 sp=0xc00034d2c8 pc=0xbcdbb0
github.com/go-martini/martini.Router.Handle-fm({0x21155ab00f8?, 0xc0008a80a0?}, 0x0?, {0x21155ab0128?, 0xc0008a80f0?})
	<autogenerated>:1 +0x4c fp=0xc00034d418 sp=0xc00034d3d8 pc=0xbd1eac
runtime.call64(0xc00069a2d0, 0xc0006421e0, 0x0, 0x0, 0x0, 0x28, 0xc00034d6a0)
	runtime/asm_amd64.s:777 +0x48 fp=0xc00034d468 sp=0xc00034d418 pc=0x4603c8
runtime.reflectcall(0x101eac0?, 0xc0008a80f0?, 0x8?, 0x10a25ea?, 0x0?, 0x12?, 0xfb6ae0?)
	<autogenerated>:1 +0x36 fp=0xc00034d4a8 sp=0xc00034d468 pc=0x466db6
reflect.Value.call({0xeefe00?, 0xc0006421e0?, 0xc00034da30?}, {0x109138c, 0x4}, {0xc0008a8140, 0x3, 0x7000000008a0180?})
	reflect/value.go:584 +0xca6 fp=0xc00034d9f0 sp=0xc00034d4a8 pc=0x495626
reflect.Value.Call({0xeefe00?, 0xc0006421e0?, 0xfb6ae0?}, {0xc0008a8140?, 0xc0004a2000?, 0x1074260?})
	reflect/value.go:368 +0xb9 fp=0xc00034da68 sp=0xc00034d9f0 pc=0x494739
github.com/codegangsta/inject.(*injector).Invoke(0xc000148168, {0xeefe00, 0xc0006421e0})
	github.com/codegangsta/inject@v0.0.0-20150114235600-33e0aa1cb7c0/inject.go:102 +0x235 fp=0xc00034db10 sp=0xc00034da68 pc=0xbcb375
github.com/go-martini/martini.(*context).run(0xc0008a80f0)
	github.com/go-martini/martini@v0.0.0-20170121215854-22fa46961aab/martini.go:179 +0x5d fp=0xc00034db38 sp=0xc00034db10 pc=0xbccc3d
github.com/go-martini/martini.(*Martini).ServeHTTP(0x3fa665?, {0x13fc6b0?, 0xc0002280e0?}, 0xc000228001?)
	github.com/go-martini/martini@v0.0.0-20170121215854-22fa46961aab/martini.go:75 +0x25 fp=0xc00034db68 sp=0xc00034db38 pc=0xbcc3c5
net/http.serverHandler.ServeHTTP({0x13f8810?}, {0x13fc6b0?, 0xc0002280e0?}, 0x6?)
	net/http/server.go:3301 +0x8e fp=0xc00034db98 sp=0xc00034db68 pc=0x78944e
net/http.(*conn).serve(0xc0001dc2d0, {0x13fe5e0, 0xc00064e570})
	net/http/server.go:2102 +0x625 fp=0xc00034dfb8 sp=0xc00034db98 pc=0x767f05
net/http.(*Server).Serve.gowrap3()
	net/http/server.go:3454 +0x28 fp=0xc00034dfe0 sp=0xc00034dfb8 pc=0x76d7e8
runtime.goexit({})
	runtime/asm_amd64.s:1700 +0x1 fp=0xc00034dfe8 sp=0xc00034dfe0 pc=0x461d81
created by net/http.(*Server).Serve in goroutine 39
	net/http/server.go:3454 +0x485

goroutine 1309 gp=0xc000470e00 m=nil [sync.Cond.Wait]:
runtime.gopark(0xc000220540?, 0xc00053fe18?, 0x0?, 0x0?, 0x0?)
	runtime/proc.go:435 +0xce fp=0xc00053fdd8 sp=0xc00053fdb8 pc=0x459ace
runtime.goparkunlock(...)
	runtime/proc.go:441
sync.runtime_notifyListWait(0xc000414448, 0x57)
	runtime/sema.go:597 +0x15d fp=0xc00053fe28 sp=0xc00053fdd8 pc=0x45af9d
sync.(*Cond).Wait(0xc000414538?)
	sync/cond.go:71 +0x85 fp=0xc00053fe60 sp=0xc00053fe28 pc=0x479885
golang.ngrok.com/muxado/v2.(*inboundBuffer).Read(0xc000414438, {0xc000646df4, 0x4, 0xc00015e660?})
	golang.ngrok.com/muxado/v2@v2.0.1/buffer.go:112 +0x6b fp=0xc00053feb0 sp=0xc00053fe60 pc=0xaafccb
golang.ngrok.com/muxado/v2.(*stream).Read(0xc0004143c0, {0xc000646df4?, 0xc0004143c0?, 0xc000646df4?})
	golang.ngrok.com/muxado/v2@v2.0.1/stream.go:87 +0x2c fp=0xc00053fef8 sp=0xc00053feb0 pc=0xab404c
golang.ngrok.com/muxado/v2.(*typedStream).Read(0x3f6c9f?, {0xc000646df4?, 0x1026c20?, 0x45b601?})
	<autogenerated>:1 +0x29 fp=0xc00053ff28 sp=0xc00053fef8 pc=0xab7ba9
io.ReadAtLeast({0x21153bbc418, 0xc000684348}, {0xc000646df4, 0x4, 0x4}, 0x4)
	io/io.go:335 +0x91 fp=0xc00053ff70 sp=0xc00053ff28 pc=0x4ab651
io.ReadFull(...)
	io/io.go:354
golang.ngrok.com/muxado/v2.(*Heartbeat).responder(0xc00053ffd0?, {0x1408b20, 0xc000684348})
	golang.ngrok.com/muxado/v2@v2.0.1/heartbeat.go:219 +0x7a fp=0xc00053ffb8 sp=0xc00053ff70 pc=0xab131a
golang.ngrok.com/muxado/v2.(*Heartbeat).AcceptTypedStream.gowrap1()
	golang.ngrok.com/muxado/v2@v2.0.1/heartbeat.go:125 +0x28 fp=0xc00053ffe0 sp=0xc00053ffb8 pc=0xab08e8
runtime.goexit({})
	runtime/asm_amd64.s:1700 +0x1 fp=0xc00053ffe8 sp=0xc00053ffe0 pc=0x461d81
created by golang.ngrok.com/muxado/v2.(*Heartbeat).AcceptTypedStream in goroutine 52
	golang.ngrok.com/muxado/v2@v2.0.1/heartbeat.go:125 +0x2f

goroutine 1314 gp=0xc000471180 m=nil [IO wait, 5 minutes]:
runtime.gopark(0x0?, 0xc0007e2520?, 0xc8?, 0x25?, 0xc0007e25cc?)
	runtime/proc.go:435 +0xce fp=0xc0006a3d58 sp=0xc0006a3d38 pc=0x459ace
runtime.netpollblock(0x6ac?, 0x3effc6?, 0x0?)
	runtime/netpoll.go:575 +0xf7 fp=0xc0006a3d90 sp=0xc0006a3d58 pc=0x41d377
internal/poll.runtime_pollWait(0x211540934c8, 0x72)
	runtime/netpoll.go:351 +0x85 fp=0xc0006a3db0 sp=0xc0006a3d90 pc=0x458c65
internal/poll.(*pollDesc).wait(0x698?, 0x72?, 0x0)
	internal/poll/fd_poll_runtime.go:84 +0x27 fp=0xc0006a3dd8 sp=0xc0006a3db0 pc=0x4e5fa7
internal/poll.execIO(0xc0007e2520, 0x12d9038)
	internal/poll/fd_windows.go:177 +0x105 fp=0xc0006a3e50 sp=0xc0006a3dd8 pc=0x4e7405
internal/poll.(*FD).Read(0xc0007e2508, {0xc0001cbcc1, 0x1, 0x1})
	internal/poll/fd_windows.go:438 +0x29b fp=0xc0006a3ef0 sp=0xc0006a3e50 pc=0x4e80db
net.(*netFD).Read(0xc0007e2508, {0xc0001cbcc1?, 0xc000095818?, 0xc0006a3f70?})
	net/fd_posix.go:55 +0x25 fp=0xc0006a3f38 sp=0xc0006a3ef0 pc=0x55bb25
net.(*conn).Read(0xc00069c108, {0xc0001cbcc1?, 0xc0003d21c0?, 0x0?})
	net/net.go:194 +0x45 fp=0xc0006a3f80 sp=0xc0006a3f38 pc=0x571525
net/http.(*connReader).backgroundRead(0xc0001cbcb0)
	net/http/server.go:690 +0x37 fp=0xc0006a3fc8 sp=0xc0006a3f80 pc=0x761dd7
net/http.(*connReader).startBackgroundRead.gowrap2()
	net/http/server.go:686 +0x25 fp=0xc0006a3fe0 sp=0xc0006a3fc8 pc=0x761d05
runtime.goexit({})
	runtime/asm_amd64.s:1700 +0x1 fp=0xc0006a3fe8 sp=0xc0006a3fe0 pc=0x461d81
created by net/http.(*connReader).startBackgroundRead in goroutine 1312
	net/http/server.go:686 +0xb6

goroutine 3948 gp=0xc000471340 m=nil [runnable]:
runtime.gopark(0x0?, 0xc00075c7a0?, 0x48?, 0xc8?, 0xc00075c84c?)
	runtime/proc.go:435 +0xce fp=0xc000473d58 sp=0xc000473d38 pc=0x459ace
runtime.netpollblock(0x694?, 0x3effc6?, 0x0?)
	runtime/netpoll.go:575 +0xf7 fp=0xc000473d90 sp=0xc000473d58 pc=0x41d377
internal/poll.runtime_pollWait(0x21155db4948, 0x72)
	runtime/netpoll.go:351 +0x85 fp=0xc000473db0 sp=0xc000473d90 pc=0x458c65
internal/poll.(*pollDesc).wait(0x73c?, 0x72?, 0x0)
	internal/poll/fd_poll_runtime.go:84 +0x27 fp=0xc000473dd8 sp=0xc000473db0 pc=0x4e5fa7
internal/poll.execIO(0xc00075c7a0, 0x12d9038)
	internal/poll/fd_windows.go:177 +0x105 fp=0xc000473e50 sp=0xc000473dd8 pc=0x4e7405
internal/poll.(*FD).Read(0xc00075c788, {0xc0007888b1, 0x1, 0x1})
	internal/poll/fd_windows.go:438 +0x29b fp=0xc000473ef0 sp=0xc000473e50 pc=0x4e80db
net.(*netFD).Read(0xc00075c788, {0xc0007888b1?, 0xc00061db58?, 0xc000473f70?})
	net/fd_posix.go:55 +0x25 fp=0xc000473f38 sp=0xc000473ef0 pc=0x55bb25
net.(*conn).Read(0xc000622320, {0xc0007888b1?, 0x0?, 0x0?})
	net/net.go:194 +0x45 fp=0xc000473f80 sp=0xc000473f38 pc=0x571525
net/http.(*connReader).backgroundRead(0xc0007888a0)
	net/http/server.go:690 +0x37 fp=0xc000473fc8 sp=0xc000473f80 pc=0x761dd7
net/http.(*connReader).startBackgroundRead.gowrap2()
	net/http/server.go:686 +0x25 fp=0xc000473fe0 sp=0xc000473fc8 pc=0x761d05
runtime.goexit({})
	runtime/asm_amd64.s:1700 +0x1 fp=0xc000473fe8 sp=0xc000473fe0 pc=0x461d81
created by net/http.(*connReader).startBackgroundRead in goroutine 4030
	net/http/server.go:686 +0xb6

goroutine 4039 gp=0xc000691880 m=nil [IO wait]:
runtime.gopark(0x0?, 0xc0006c2a20?, 0xc8?, 0x2a?, 0xc0006c2acc?)
	runtime/proc.go:435 +0xce fp=0xc00093b8c8 sp=0xc00093b8a8 pc=0x459ace
runtime.netpollblock(0x754?, 0x3effc6?, 0x0?)
	runtime/netpoll.go:575 +0xf7 fp=0xc00093b900 sp=0xc00093b8c8 pc=0x41d377
internal/poll.runtime_pollWait(0x21155db4ec0, 0x72)
	runtime/netpoll.go:351 +0x85 fp=0xc00093b920 sp=0xc00093b900 pc=0x458c65
internal/poll.(*pollDesc).wait(0x0?, 0xc00093b970?, 0x0)
	internal/poll/fd_poll_runtime.go:84 +0x27 fp=0xc00093b948 sp=0xc00093b920 pc=0x4e5fa7
internal/poll.execIO(0xc0006c2a20, 0x12d9038)
	internal/poll/fd_windows.go:177 +0x105 fp=0xc00093b9c0 sp=0xc00093b948 pc=0x4e7405
internal/poll.(*FD).Read(0xc0006c2a08, {0xc0006d6000, 0x1000, 0x1000})
	internal/poll/fd_windows.go:438 +0x29b fp=0xc00093ba60 sp=0xc00093b9c0 pc=0x4e80db
net.(*netFD).Read(0xc0006c2a08, {0xc0006d6000?, 0xc00093bad0?, 0x4e6465?})
	net/fd_posix.go:55 +0x25 fp=0xc00093baa8 sp=0xc00093ba60 pc=0x55bb25
net.(*conn).Read(0xc0002cc7c8, {0xc0006d6000?, 0x0?, 0x0?})
	net/net.go:194 +0x45 fp=0xc00093baf0 sp=0xc00093baa8 pc=0x571525
net/http.(*connReader).Read(0xc0006d2060, {0xc0006d6000, 0x1000, 0x1000})
	net/http/server.go:798 +0x159 fp=0xc00093bb40 sp=0xc00093baf0 pc=0x762279
bufio.(*Reader).fill(0xc00052b020)
	bufio/bufio.go:113 +0x103 fp=0xc00093bb78 sp=0xc00093bb40 pc=0x589183
bufio.(*Reader).Peek(0xc00052b020, 0x4)
	bufio/bufio.go:152 +0x53 fp=0xc00093bb98 sp=0xc00093bb78 pc=0x5892b3
net/http.(*conn).serve(0xc0007a9e60, {0x13fe5e0, 0xc00064e570})
	net/http/server.go:2137 +0x785 fp=0xc00093bfb8 sp=0xc00093bb98 pc=0x768065
net/http.(*Server).Serve.gowrap3()
	net/http/server.go:3454 +0x28 fp=0xc00093bfe0 sp=0xc00093bfb8 pc=0x76d7e8
runtime.goexit({})
	runtime/asm_amd64.s:1700 +0x1 fp=0xc00093bfe8 sp=0xc00093bfe0 pc=0x461d81
created by net/http.(*Server).Serve in goroutine 39
	net/http/server.go:3454 +0x485

goroutine 4042 gp=0xc000486a80 m=nil [IO wait]:
runtime.gopark(0x0?, 0xc0006c2ca0?, 0x48?, 0x2d?, 0xc0006c2d4c?)
	runtime/proc.go:435 +0xce fp=0xc000363d58 sp=0xc000363d38 pc=0x459ace
runtime.netpollblock(0x6ec?, 0x3effc6?, 0x0?)
	runtime/netpoll.go:575 +0xf7 fp=0xc000363d90 sp=0xc000363d58 pc=0x41d377
internal/poll.runtime_pollWait(0x21155db4a60, 0x72)
	runtime/netpoll.go:351 +0x85 fp=0xc000363db0 sp=0xc000363d90 pc=0x458c65
internal/poll.(*pollDesc).wait(0x6f4?, 0xc0007a9ed0?, 0x0)
	internal/poll/fd_poll_runtime.go:84 +0x27 fp=0xc000363dd8 sp=0xc000363db0 pc=0x4e5fa7
internal/poll.execIO(0xc0006c2ca0, 0x12d9038)
	internal/poll/fd_windows.go:177 +0x105 fp=0xc000363e50 sp=0xc000363dd8 pc=0x4e7405
internal/poll.(*FD).Read(0xc0006c2c88, {0xc0006d2371, 0x1, 0x1})
	internal/poll/fd_windows.go:438 +0x29b fp=0xc000363ef0 sp=0xc000363e50 pc=0x4e80db
net.(*netFD).Read(0xc0006c2c88, {0xc0006d2371?, 0xc0006ce918?, 0xc000363f70?})
	net/fd_posix.go:55 +0x25 fp=0xc000363f38 sp=0xc000363ef0 pc=0x55bb25
net.(*conn).Read(0xc0002cc800, {0xc0006d2371?, 0xc000680540?, 0x300000000000000?})
	net/net.go:194 +0x45 fp=0xc000363f80 sp=0xc000363f38 pc=0x571525
net/http.(*connReader).backgroundRead(0xc0006d2360)
	net/http/server.go:690 +0x37 fp=0xc000363fc8 sp=0xc000363f80 pc=0x761dd7
net/http.(*connReader).startBackgroundRead.gowrap2()
	net/http/server.go:686 +0x25 fp=0xc000363fe0 sp=0xc000363fc8 pc=0x761d05
runtime.goexit({})
	runtime/asm_amd64.s:1700 +0x1 fp=0xc000363fe8 sp=0xc000363fe0 pc=0x461d81
created by net/http.(*connReader).startBackgroundRead in goroutine 4041
	net/http/server.go:686 +0xb6

goroutine 1311 gp=0xc000487180 m=nil [select, 5 minutes]:
runtime.gopark(0xc000425fa0?, 0x3?, 0xa0?, 0x80?, 0xc000425f7a?)
	runtime/proc.go:435 +0xce fp=0xc000425e08 sp=0xc000425de8 pc=0x459ace
runtime.selectgo(0xc000425fa0, 0xc000425f74, 0x1e?, 0x0, 0x1?, 0x1)
	runtime/select.go:351 +0x837 fp=0xc000425f40 sp=0xc000425e08 pc=0x438c77
google.golang.org/grpc/internal/transport.(*serverHandlerTransport).HandleStreams.func1()
	google.golang.org/grpc@v1.72.0/internal/transport/handler_server.go:400 +0xbd fp=0xc000425fe0 sp=0xc000425f40 pc=0xa2677d
runtime.goexit({})
	runtime/asm_amd64.s:1700 +0x1 fp=0xc000425fe8 sp=0xc000425fe0 pc=0x461d81
created by google.golang.org/grpc/internal/transport.(*serverHandlerTransport).HandleStreams in goroutine 1281
	google.golang.org/grpc@v1.72.0/internal/transport/handler_server.go:399 +0xf9

goroutine 3938 gp=0xc000471880 m=nil [runnable]:
internal/abi.(*Type).NumMethod(0xfb6ae0?)
	internal/abi/type.go:467 +0x3c fp=0xc0009712d0 sp=0xc0009712c8 pc=0x3e19fc
reflect.Value.assignTo({0x100d2c0?, 0xc000494e40?, 0x4?}, {0x10a25ea, 0x12}, 0xfb6ae0, 0x0)
	reflect/value.go:3063 +0x14a fp=0xc000971378 sp=0xc0009712d0 pc=0x49ef4a
reflect.Value.call({0xef2760?, 0xc00063a140?, 0xc000577900?}, {0x109138c, 0x4}, {0xc000586be0, 0x3, 0xc0005779b0?})
	reflect/value.go:522 +0xaf0 fp=0xc0009718c0 sp=0xc000971378 pc=0x495470
reflect.Value.Call({0xef2760?, 0xc00063a140?, 0xf224e0?}, {0xc000586be0?, 0x19d91f8dc327d94?, 0x0?})
	reflect/value.go:368 +0xb9 fp=0xc000971938 sp=0xc0009718c0 pc=0x494739
github.com/codegangsta/inject.(*injector).Invoke(0xc000148a08, {0xef2760, 0xc00063a140})
	github.com/codegangsta/inject@v0.0.0-20150114235600-33e0aa1cb7c0/inject.go:102 +0x235 fp=0xc0009719e0 sp=0xc000971938 pc=0xbcb375
github.com/go-martini/martini.(*context).Invoke(0xc00011d0c0?, {0xef2760?, 0xc00063a140?})
	<autogenerated>:1 +0x2e fp=0xc000971a08 sp=0xc0009719e0 pc=0xbd06ae
github.com/go-martini/martini.(*routeContext).run(0xc000494e40)
	github.com/go-martini/martini@v0.0.0-20170121215854-22fa46961aab/router.go:408 +0x56 fp=0xc000971a68 sp=0xc000971a08 pc=0xbcf556
github.com/go-martini/martini.(*routeContext).Next(0xff7d20?)
	github.com/go-martini/martini@v0.0.0-20170121215854-22fa46961aab/router.go:402 +0x17 fp=0xc000971a80 sp=0xc000971a68 pc=0xbcf4d7
github.com/inconshreveable/olive/v2.(*endpoint).Handlers.errEncoderMiddleware.func4({0x1408120, 0xc000494e40}, {0x21155ab00f8?, 0xc000586a50}, {0x13f4aa0, 0xc000494e70}, {0x1404e30, 0xc00048cb60})
	github.com/inconshreveable/olive/v2@v2.0.0-20221207212301-9542b1665553/error.go:41 +0x182 fp=0xc000971ac0 sp=0xc000971a80 pc=0xbf0102
runtime.call64(0xc00064ea20, 0xc00024db00, 0x0, 0x0, 0x0, 0x40, 0xc000971d48)
	runtime/asm_amd64.s:777 +0x48 fp=0xc000971b10 sp=0xc000971ac0 pc=0x4603c8
runtime.reflectcall(0xff7d20?, 0xc00048cb60?, 0x8?, 0x10a25ea?, 0x0?, 0x12?, 0xfa5c00?)
	<autogenerated>:1 +0x36 fp=0xc000971b50 sp=0xc000971b10 pc=0x466db6
reflect.Value.call({0xf0bcc0?, 0xc00024db00?, 0xc0005780d8?}, {0x109138c, 0x4}, {0xc0005bb560, 0x4, 0x21153bad9d8?})
	reflect/value.go:584 +0xca6 fp=0xc000972098 sp=0xc000971b50 pc=0x495626
reflect.Value.Call({0xf0bcc0?, 0xc00024db00?, 0xfa5c00?}, {0xc0005bb560?, 0x0?, 0x1c323d8?})
	reflect/value.go:368 +0xb9 fp=0xc000972110 sp=0xc000972098 pc=0x494739
github.com/codegangsta/inject.(*injector).Invoke(0xc000148a08, {0xf0bcc0, 0xc00024db00})
	github.com/codegangsta/inject@v0.0.0-20150114235600-33e0aa1cb7c0/inject.go:102 +0x235 fp=0xc0009721b8 sp=0xc000972110 pc=0xbcb375
github.com/go-martini/martini.(*context).Invoke(0x4?, {0xf0bcc0?, 0xc00024db00?})
	<autogenerated>:1 +0x2e fp=0xc0009721e0 sp=0xc0009721b8 pc=0xbd06ae
github.com/go-martini/martini.(*routeContext).run(0xc000494e40)
	github.com/go-martini/martini@v0.0.0-20170121215854-22fa46961aab/router.go:408 +0x56 fp=0xc000972240 sp=0xc0009721e0 pc=0xbcf556
github.com/go-martini/martini.(*routeContext).Next(0x456ff6?)
	github.com/go-martini/martini@v0.0.0-20170121215854-22fa46961aab/router.go:402 +0x17 fp=0xc000972258 sp=0xc000972240 pc=0xbcf4d7
github.com/inconshreveable/olive/v2.(*endpoint).Handlers.defaultRecoveryMiddleware.recoveryMiddleware.func7({0xc000457800?, 0x0?}, {0x1408120?, 0xc000494e40?}, {0x0?, 0x0?})
	github.com/inconshreveable/olive/v2@v2.0.0-20221207212301-9542b1665553/recover.go:32 +0x64 fp=0xc0009722a8 sp=0xc000972258 pc=0xbf0684
runtime.call64(0xc00069a450, 0xc000009e60, 0x0, 0x0, 0x0, 0x30, 0xc000972530)
	runtime/asm_amd64.s:777 +0x48 fp=0xc0009722f8 sp=0xc0009722a8 pc=0x4603c8
runtime.reflectcall(0xff7d20?, 0xc00048cb60?, 0x8?, 0x10a25ea?, 0x0?, 0x12?, 0xfa5c00?)
	<autogenerated>:1 +0x36 fp=0xc000972338 sp=0xc0009722f8 pc=0x466db6
reflect.Value.call({0xeefe60?, 0xc000009e60?, 0xc0005788c0?}, {0x109138c, 0x4}, {0xc000586b90, 0x3, 0x9b8fd8d47fd?})
	reflect/value.go:584 +0xca6 fp=0xc000972880 sp=0xc000972338 pc=0x495626
reflect.Value.Call({0xeefe60?, 0xc000009e60?, 0xfa5c00?}, {0xc000586b90?, 0xc0005789e8?, 0x7cd698?})
	reflect/value.go:368 +0xb9 fp=0xc0009728f8 sp=0xc000972880 pc=0x494739
github.com/codegangsta/inject.(*injector).Invoke(0xc000148a08, {0xeefe60, 0xc000009e60})
	github.com/codegangsta/inject@v0.0.0-20150114235600-33e0aa1cb7c0/inject.go:102 +0x235 fp=0xc0009729a0 sp=0xc0009728f8 pc=0xbcb375
github.com/go-martini/martini.(*context).Invoke(0x4?, {0xeefe60?, 0xc000009e60?})
	<autogenerated>:1 +0x2e fp=0xc0009729c8 sp=0xc0009729a0 pc=0xbd06ae
github.com/go-martini/martini.(*routeContext).run(0xc000494e40)
	github.com/go-martini/martini@v0.0.0-20170121215854-22fa46961aab/router.go:408 +0x56 fp=0xc000972a28 sp=0xc0009729c8 pc=0xbcf556
github.com/go-martini/martini.(*routeContext).Next(0xc00011a860?)
	github.com/go-martini/martini@v0.0.0-20170121215854-22fa46961aab/router.go:402 +0x17 fp=0xc000972a40 sp=0xc000972a28 pc=0xbcf4d7
github.com/inconshreveable/olive/v2.loggerMiddleware({0x1408120, 0xc000494e40}, 0xc000200c80, {0x21155ab00f8, 0xc000586a50})
	github.com/inconshreveable/olive/v2@v2.0.0-20221207212301-9542b1665553/logger.go:17 +0x1ac fp=0xc000972b08 sp=0xc000972a40 pc=0xbedfac
runtime.call64(0xc00069a3c0, 0x12d9ca8, 0x0, 0x0, 0x0, 0x28, 0xc000972d90)
	runtime/asm_amd64.s:777 +0x48 fp=0xc000972b58 sp=0xc000972b08 pc=0x4603c8
runtime.reflectcall(0x101e9c0?, 0xc000586a50?, 0x8?, 0x10a25ea?, 0x0?, 0x12?, 0xf460a0?)
	<autogenerated>:1 +0x36 fp=0xc000972b98 sp=0xc000972b58 pc=0x466db6
reflect.Value.call({0xeefc80?, 0x12d9ca8?, 0xc000579120?}, {0x109138c, 0x4}, {0xc000586b40, 0x3, 0xc00058e420?})
	reflect/value.go:584 +0xca6 fp=0xc0009730e0 sp=0xc000972b98 pc=0x495626
reflect.Value.Call({0xeefc80?, 0x12d9ca8?, 0xf460a0?}, {0xc000586b40?, 0xc000494db0?, 0xf39d00?})
	reflect/value.go:368 +0xb9 fp=0xc000973158 sp=0xc0009730e0 pc=0x494739
github.com/codegangsta/inject.(*injector).Invoke(0xc000148a08, {0xeefc80, 0x12d9ca8})
	github.com/codegangsta/inject@v0.0.0-20150114235600-33e0aa1cb7c0/inject.go:102 +0x235 fp=0xc000973200 sp=0xc000973158 pc=0xbcb375
github.com/go-martini/martini.(*context).Invoke(0xc0000fdd60?, {0xeefc80?, 0x12d9ca8?})
	<autogenerated>:1 +0x2e fp=0xc000973228 sp=0xc000973200 pc=0xbd06ae
github.com/go-martini/martini.(*routeContext).run(0xc000494e40)
	github.com/go-martini/martini@v0.0.0-20170121215854-22fa46961aab/router.go:408 +0x56 fp=0xc000973288 sp=0xc000973228 pc=0xbcf556
github.com/go-martini/martini.(*route).Handle(0xc0000fdd60, {0x21155ab0128, 0xc000586aa0}, {0xc000219a80?, 0x8?})
	github.com/go-martini/martini@v0.0.0-20170121215854-22fa46961aab/router.go:285 +0xe5 fp=0xc0009732c8 sp=0xc000973288 pc=0xbceb45
github.com/go-martini/martini.(*router).Handle(0xc00052acc0, {0x21155ab00f8, 0xc000586a50}, 0xc000200c80, {0x21155ab0128, 0xc000586aa0})
	github.com/go-martini/martini@v0.0.0-20170121215854-22fa46961aab/router.go:132 +0x270 fp=0xc0009733d8 sp=0xc0009732c8 pc=0xbcdbb0
github.com/go-martini/martini.Router.Handle-fm({0x21155ab00f8?, 0xc000586a50?}, 0x0?, {0x21155ab0128?, 0xc000586aa0?})
	<autogenerated>:1 +0x4c fp=0xc000973418 sp=0xc0009733d8 pc=0xbd1eac
runtime.call64(0xc00069a2d0, 0xc0006421e0, 0x0, 0x0, 0x0, 0x28, 0xc0009736a0)
	runtime/asm_amd64.s:777 +0x48 fp=0xc000973468 sp=0xc000973418 pc=0x4603c8
runtime.reflectcall(0x101eac0?, 0xc000586aa0?, 0x8?, 0x10a25ea?, 0x0?, 0x12?, 0xfb6ae0?)
	<autogenerated>:1 +0x36 fp=0xc0009734a8 sp=0xc000973468 pc=0x466db6
reflect.Value.call({0xeefe00?, 0xc0006421e0?, 0xc000579a30?}, {0x109138c, 0x4}, {0xc000586af0, 0x3, 0x700000000494db0?})
	reflect/value.go:584 +0xca6 fp=0xc0009739f0 sp=0xc0009734a8 pc=0x495626
reflect.Value.Call({0xeefe00?, 0xc0006421e0?, 0xfb6ae0?}, {0xc000586af0?, 0xc000200c80?, 0x1074260?})
	reflect/value.go:368 +0xb9 fp=0xc000973a68 sp=0xc0009739f0 pc=0x494739
github.com/codegangsta/inject.(*injector).Invoke(0xc000148a08, {0xeefe00, 0xc0006421e0})
	github.com/codegangsta/inject@v0.0.0-20150114235600-33e0aa1cb7c0/inject.go:102 +0x235 fp=0xc000973b10 sp=0xc000973a68 pc=0xbcb375
github.com/go-martini/martini.(*context).run(0xc000586aa0)
	github.com/go-martini/martini@v0.0.0-20170121215854-22fa46961aab/martini.go:179 +0x5d fp=0xc000973b38 sp=0xc000973b10 pc=0xbccc3d
github.com/go-martini/martini.(*Martini).ServeHTTP(0x456659?, {0x13fc6b0?, 0xc00041d880?}, 0xc000721b70?)
	github.com/go-martini/martini@v0.0.0-20170121215854-22fa46961aab/martini.go:75 +0x25 fp=0xc000973b68 sp=0xc000973b38 pc=0xbcc3c5
net/http.serverHandler.ServeHTTP({0xc000494cf0?}, {0x13fc6b0?, 0xc00041d880?}, 0x1?)
	net/http/server.go:3301 +0x8e fp=0xc000973b98 sp=0xc000973b68 pc=0x78944e
net/http.(*conn).serve(0xc00058c120, {0x13fe5e0, 0xc00064e570})
	net/http/server.go:2102 +0x625 fp=0xc000973fb8 sp=0xc000973b98 pc=0x767f05
net/http.(*Server).Serve.gowrap3()
	net/http/server.go:3454 +0x28 fp=0xc000973fe0 sp=0xc000973fb8 pc=0x76d7e8
runtime.goexit({})
	runtime/asm_amd64.s:1700 +0x1 fp=0xc000973fe8 sp=0xc000973fe0 pc=0x461d81
created by net/http.(*Server).Serve in goroutine 39
	net/http/server.go:3454 +0x485

goroutine 4041 gp=0xc000678a80 m=nil [runnable]:
internal/abi.(*Type).NumMethod(0xfb6ae0?)
	internal/abi/type.go:467 +0x3c fp=0xc0009592d0 sp=0xc0009592c8 pc=0x3e19fc
reflect.Value.assignTo({0x100d2c0?, 0xc0006d24b0?, 0x4?}, {0x10a25ea, 0x12}, 0xfb6ae0, 0x0)
	reflect/value.go:3063 +0x14a fp=0xc000959378 sp=0xc0009592d0 pc=0x49ef4a
reflect.Value.call({0xef2760?, 0xc00063a140?, 0xc000551900?}, {0x109138c, 0x4}, {0xc0006ee050, 0x3, 0xc0005519b0?})
	reflect/value.go:522 +0xaf0 fp=0xc0009598c0 sp=0xc000959378 pc=0x495470
reflect.Value.Call({0xef2760?, 0xc00063a140?, 0xf224e0?}, {0xc0006ee050?, 0x94f16c60b059ba39?, 0x0?})
	reflect/value.go:368 +0xb9 fp=0xc000959938 sp=0xc0009598c0 pc=0x494739
github.com/codegangsta/inject.(*injector).Invoke(0xc000488d68, {0xef2760, 0xc00063a140})
	github.com/codegangsta/inject@v0.0.0-20150114235600-33e0aa1cb7c0/inject.go:102 +0x235 fp=0xc0009599e0 sp=0xc000959938 pc=0xbcb375
github.com/go-martini/martini.(*context).Invoke(0xc00047b680?, {0xef2760?, 0xc00063a140?})
	<autogenerated>:1 +0x2e fp=0xc000959a08 sp=0xc0009599e0 pc=0xbd06ae
github.com/go-martini/martini.(*routeContext).run(0xc0006d24b0)
	github.com/go-martini/martini@v0.0.0-20170121215854-22fa46961aab/router.go:408 +0x56 fp=0xc000959a68 sp=0xc000959a08 pc=0xbcf556
github.com/go-martini/martini.(*routeContext).Next(0xff7d20?)
	github.com/go-martini/martini@v0.0.0-20170121215854-22fa46961aab/router.go:402 +0x17 fp=0xc000959a80 sp=0xc000959a68 pc=0xbcf4d7
github.com/inconshreveable/olive/v2.(*endpoint).Handlers.errEncoderMiddleware.func4({0x1408120, 0xc0006d24b0}, {0x21155ab00f8?, 0xc0006afe00}, {0x13f4aa0, 0xc0006d24e0}, {0x1404e30, 0xc00090be40})
	github.com/inconshreveable/olive/v2@v2.0.0-20221207212301-9542b1665553/error.go:41 +0x182 fp=0xc000959ac0 sp=0xc000959a80 pc=0xbf0102
runtime.call64(0xc00064ea20, 0xc00024db00, 0x0, 0x0, 0x0, 0x40, 0xc000959d48)
	runtime/asm_amd64.s:777 +0x48 fp=0xc000959b10 sp=0xc000959ac0 pc=0x4603c8
runtime.reflectcall(0xff7d20?, 0xc00090be40?, 0x8?, 0x10a25ea?, 0x0?, 0x12?, 0xfa5c00?)
	<autogenerated>:1 +0x36 fp=0xc000959b50 sp=0xc000959b10 pc=0x466db6
reflect.Value.call({0xf0bcc0?, 0xc00024db00?, 0xc0005520d8?}, {0x109138c, 0x4}, {0xc00052b3e0, 0x4, 0x21153bb0aa8?})
	reflect/value.go:584 +0xca6 fp=0xc00095a098 sp=0xc000959b50 pc=0x495626
reflect.Value.Call({0xf0bcc0?, 0xc00024db00?, 0xfa5c00?}, {0xc00052b3e0?, 0x0?, 0x1c323d8?})
	reflect/value.go:368 +0xb9 fp=0xc00095a110 sp=0xc00095a098 pc=0x494739
github.com/codegangsta/inject.(*injector).Invoke(0xc000488d68, {0xf0bcc0, 0xc00024db00})
	github.com/codegangsta/inject@v0.0.0-20150114235600-33e0aa1cb7c0/inject.go:102 +0x235 fp=0xc00095a1b8 sp=0xc00095a110 pc=0xbcb375
github.com/go-martini/martini.(*context).Invoke(0x0?, {0xf0bcc0?, 0xc00024db00?})
	<autogenerated>:1 +0x2e fp=0xc00095a1e0 sp=0xc00095a1b8 pc=0xbd06ae
github.com/go-martini/martini.(*routeContext).run(0xc0006d24b0)
	github.com/go-martini/martini@v0.0.0-20170121215854-22fa46961aab/router.go:408 +0x56 fp=0xc00095a240 sp=0xc00095a1e0 pc=0xbcf556
github.com/go-martini/martini.(*routeContext).Next(0x456ff6?)
	github.com/go-martini/martini@v0.0.0-20170121215854-22fa46961aab/router.go:402 +0x17 fp=0xc00095a258 sp=0xc00095a240 pc=0xbcf4d7
github.com/inconshreveable/olive/v2.(*endpoint).Handlers.defaultRecoveryMiddleware.recoveryMiddleware.func7({0xc0006bcf80?, 0x0?}, {0x1408120?, 0xc0006d24b0?}, {0x0?, 0x0?})
	github.com/inconshreveable/olive/v2@v2.0.0-20221207212301-9542b1665553/recover.go:32 +0x64 fp=0xc00095a2a8 sp=0xc00095a258 pc=0xbf0684
runtime.call64(0xc00069a450, 0xc000009e60, 0x0, 0x0, 0x0, 0x30, 0xc00095a530)
	runtime/asm_amd64.s:777 +0x48 fp=0xc00095a2f8 sp=0xc00095a2a8 pc=0x4603c8
runtime.reflectcall(0xff7d20?, 0xc00090be40?, 0x8?, 0x10a25ea?, 0x0?, 0x12?, 0xfa5c00?)
	<autogenerated>:1 +0x36 fp=0xc00095a338 sp=0xc00095a2f8 pc=0x466db6
reflect.Value.call({0xeefe60?, 0xc000009e60?, 0xc0005528c0?}, {0x109138c, 0x4}, {0xc0006ee000, 0x3, 0x9b8ef7ca131?})
	reflect/value.go:584 +0xca6 fp=0xc00095a880 sp=0xc00095a338 pc=0x495626
reflect.Value.Call({0xeefe60?, 0xc000009e60?, 0xfa5c00?}, {0xc0006ee000?, 0xc0005529e8?, 0x7cd698?})
	reflect/value.go:368 +0xb9 fp=0xc00095a8f8 sp=0xc00095a880 pc=0x494739
github.com/codegangsta/inject.(*injector).Invoke(0xc000488d68, {0xeefe60, 0xc000009e60})
	github.com/codegangsta/inject@v0.0.0-20150114235600-33e0aa1cb7c0/inject.go:102 +0x235 fp=0xc00095a9a0 sp=0xc00095a8f8 pc=0xbcb375
github.com/go-martini/martini.(*context).Invoke(0x4?, {0xeefe60?, 0xc000009e60?})
	<autogenerated>:1 +0x2e fp=0xc00095a9c8 sp=0xc00095a9a0 pc=0xbd06ae
github.com/go-martini/martini.(*routeContext).run(0xc0006d24b0)
	github.com/go-martini/martini@v0.0.0-20170121215854-22fa46961aab/router.go:408 +0x56 fp=0xc00095aa28 sp=0xc00095a9c8 pc=0xbcf556
github.com/go-martini/martini.(*routeContext).Next(0xc00011a860?)
	github.com/go-martini/martini@v0.0.0-20170121215854-22fa46961aab/router.go:402 +0x17 fp=0xc00095aa40 sp=0xc00095aa28 pc=0xbcf4d7
github.com/inconshreveable/olive/v2.loggerMiddleware({0x1408120, 0xc0006d24b0}, 0xc0006b08c0, {0x21155ab00f8, 0xc0006afe00})
	github.com/inconshreveable/olive/v2@v2.0.0-20221207212301-9542b1665553/logger.go:17 +0x1ac fp=0xc00095ab08 sp=0xc00095aa40 pc=0xbedfac
runtime.call64(0xc00069a3c0, 0x12d9ca8, 0x0, 0x0, 0x0, 0x28, 0xc00095ad90)
	runtime/asm_amd64.s:777 +0x48 fp=0xc00095ab58 sp=0xc00095ab08 pc=0x4603c8
runtime.reflectcall(0x101e9c0?, 0xc0006afe00?, 0x8?, 0x10a25ea?, 0x0?, 0x12?, 0xf460a0?)
	<autogenerated>:1 +0x36 fp=0xc00095ab98 sp=0xc00095ab58 pc=0x466db6
reflect.Value.call({0xeefc80?, 0x12d9ca8?, 0xc000553120?}, {0x109138c, 0x4}, {0xc0006afef0, 0x3, 0xc0006d82c0?})
	reflect/value.go:584 +0xca6 fp=0xc00095b0e0 sp=0xc00095ab98 pc=0x495626
reflect.Value.Call({0xeefc80?, 0x12d9ca8?, 0xf460a0?}, {0xc0006afef0?, 0xc0006d2420?, 0xf39d00?})
	reflect/value.go:368 +0xb9 fp=0xc00095b158 sp=0xc00095b0e0 pc=0x494739
github.com/codegangsta/inject.(*injector).Invoke(0xc000488d68, {0xeefc80, 0x12d9ca8})
	github.com/codegangsta/inject@v0.0.0-20150114235600-33e0aa1cb7c0/inject.go:102 +0x235 fp=0xc00095b200 sp=0xc00095b158 pc=0xbcb375
github.com/go-martini/martini.(*context).Invoke(0xc0000fdd60?, {0xeefc80?, 0x12d9ca8?})
	<autogenerated>:1 +0x2e fp=0xc00095b228 sp=0xc00095b200 pc=0xbd06ae
github.com/go-martini/martini.(*routeContext).run(0xc0006d24b0)
	github.com/go-martini/martini@v0.0.0-20170121215854-22fa46961aab/router.go:408 +0x56 fp=0xc00095b288 sp=0xc00095b228 pc=0xbcf556
github.com/go-martini/martini.(*route).Handle(0xc0000fdd60, {0x21155ab0128, 0xc0006afe50}, {0xc000219a80?, 0x8?})
	github.com/go-martini/martini@v0.0.0-20170121215854-22fa46961aab/router.go:285 +0xe5 fp=0xc00095b2c8 sp=0xc00095b288 pc=0xbceb45
github.com/go-martini/martini.(*router).Handle(0xc00052acc0, {0x21155ab00f8, 0xc0006afe00}, 0xc0006b08c0, {0x21155ab0128, 0xc0006afe50})
	github.com/go-martini/martini@v0.0.0-20170121215854-22fa46961aab/router.go:132 +0x270 fp=0xc00095b3d8 sp=0xc00095b2c8 pc=0xbcdbb0
github.com/go-martini/martini.Router.Handle-fm({0x21155ab00f8?, 0xc0006afe00?}, 0x0?, {0x21155ab0128?, 0xc0006afe50?})
	<autogenerated>:1 +0x4c fp=0xc00095b418 sp=0xc00095b3d8 pc=0xbd1eac
runtime.call64(0xc00069a2d0, 0xc0006421e0, 0x0, 0x0, 0x0, 0x28, 0xc00095b6a0)
	runtime/asm_amd64.s:777 +0x48 fp=0xc00095b468 sp=0xc00095b418 pc=0x4603c8
runtime.reflectcall(0x101eac0?, 0xc0006afe50?, 0x8?, 0x10a25ea?, 0x0?, 0x12?, 0xfb6ae0?)
	<autogenerated>:1 +0x36 fp=0xc00095b4a8 sp=0xc00095b468 pc=0x466db6
reflect.Value.call({0xeefe00?, 0xc0006421e0?, 0xc000553a30?}, {0x109138c, 0x4}, {0xc0006afea0, 0x3, 0x7000000006d2420?})
	reflect/value.go:584 +0xca6 fp=0xc00095b9f0 sp=0xc00095b4a8 pc=0x495626
reflect.Value.Call({0xeefe00?, 0xc0006421e0?, 0xfb6ae0?}, {0xc0006afea0?, 0xc0006b08c0?, 0x1074260?})
	reflect/value.go:368 +0xb9 fp=0xc00095ba68 sp=0xc00095b9f0 pc=0x494739
github.com/codegangsta/inject.(*injector).Invoke(0xc000488d68, {0xeefe00, 0xc0006421e0})
	github.com/codegangsta/inject@v0.0.0-20150114235600-33e0aa1cb7c0/inject.go:102 +0x235 fp=0xc00095bb10 sp=0xc00095ba68 pc=0xbcb375
github.com/go-martini/martini.(*context).run(0xc0006afe50)
	github.com/go-martini/martini@v0.0.0-20170121215854-22fa46961aab/martini.go:179 +0x5d fp=0xc00095bb38 sp=0xc00095bb10 pc=0xbccc3d
github.com/go-martini/martini.(*Martini).ServeHTTP(0x456659?, {0x13fc6b0?, 0xc0008d5880?}, 0xc000479b70?)
	github.com/go-martini/martini@v0.0.0-20170121215854-22fa46961aab/martini.go:75 +0x25 fp=0xc00095bb68 sp=0xc00095bb38 pc=0xbcc3c5
net/http.serverHandler.ServeHTTP({0xc0006d2360?}, {0x13fc6b0?, 0xc0008d5880?}, 0x1?)
	net/http/server.go:3301 +0x8e fp=0xc00095bb98 sp=0xc00095bb68 pc=0x78944e
net/http.(*conn).serve(0xc0006da000, {0x13fe5e0, 0xc00064e570})
	net/http/server.go:2102 +0x625 fp=0xc00095bfb8 sp=0xc00095bb98 pc=0x767f05
net/http.(*Server).Serve.gowrap3()
	net/http/server.go:3454 +0x28 fp=0xc00095bfe0 sp=0xc00095bfb8 pc=0x76d7e8
runtime.goexit({})
	runtime/asm_amd64.s:1700 +0x1 fp=0xc00095bfe8 sp=0xc00095bfe0 pc=0x461d81
created by net/http.(*Server).Serve in goroutine 39
	net/http/server.go:3454 +0x485

goroutine 3958 gp=0xc0007c0000 m=nil [runnable]:
internal/abi.(*Type).NumMethod(0xfb6ae0?)
	internal/abi/type.go:467 +0x3c fp=0xc0009492d0 sp=0xc0009492c8 pc=0x3e19fc
reflect.Value.assignTo({0x100d2c0?, 0xc00076de30?, 0x4?}, {0x10a25ea, 0x12}, 0xfb6ae0, 0x0)
	reflect/value.go:3063 +0x14a fp=0xc000949378 sp=0xc0009492d0 pc=0x49ef4a
reflect.Value.call({0xef2760?, 0xc00063a140?, 0xc000167900?}, {0x109138c, 0x4}, {0xc000559d10, 0x3, 0xc0001679b0?})
	reflect/value.go:522 +0xaf0 fp=0xc0009498c0 sp=0xc000949378 pc=0x495470
reflect.Value.Call({0xef2760?, 0xc00063a140?, 0xf224e0?}, {0xc000559d10?, 0xd706074f17649fc8?, 0x0?})
	reflect/value.go:368 +0xb9 fp=0xc000949938 sp=0xc0009498c0 pc=0x494739
github.com/codegangsta/inject.(*injector).Invoke(0xc000642fc0, {0xef2760, 0xc00063a140})
	github.com/codegangsta/inject@v0.0.0-20150114235600-33e0aa1cb7c0/inject.go:102 +0x235 fp=0xc0009499e0 sp=0xc000949938 pc=0xbcb375
github.com/go-martini/martini.(*context).Invoke(0xc000893780?, {0xef2760?, 0xc00063a140?})
	<autogenerated>:1 +0x2e fp=0xc000949a08 sp=0xc0009499e0 pc=0xbd06ae
github.com/go-martini/martini.(*routeContext).run(0xc00076de30)
	github.com/go-martini/martini@v0.0.0-20170121215854-22fa46961aab/router.go:408 +0x56 fp=0xc000949a68 sp=0xc000949a08 pc=0xbcf556
github.com/go-martini/martini.(*routeContext).Next(0xff7d20?)
	github.com/go-martini/martini@v0.0.0-20170121215854-22fa46961aab/router.go:402 +0x17 fp=0xc000949a80 sp=0xc000949a68 pc=0xbcf4d7
github.com/inconshreveable/olive/v2.(*endpoint).Handlers.errEncoderMiddleware.func4({0x1408120, 0xc00076de30}, {0x21155ab00f8?, 0xc000559b80}, {0x13f4aa0, 0xc00076de60}, {0x1404e30, 0xc00063b9c0})
	github.com/inconshreveable/olive/v2@v2.0.0-20221207212301-9542b1665553/error.go:41 +0x182 fp=0xc000949ac0 sp=0xc000949a80 pc=0xbf0102
runtime.call64(0xc00064ea20, 0xc00024db00, 0x0, 0x0, 0x0, 0x40, 0xc000949d48)
	runtime/asm_amd64.s:777 +0x48 fp=0xc000949b10 sp=0xc000949ac0 pc=0x4603c8
runtime.reflectcall(0xff7d20?, 0xc00063b9c0?, 0x8?, 0x10a25ea?, 0x0?, 0x12?, 0xfa5c00?)
	<autogenerated>:1 +0x36 fp=0xc000949b50 sp=0xc000949b10 pc=0x466db6
reflect.Value.call({0xf0bcc0?, 0xc00024db00?, 0xc0001680d8?}, {0x109138c, 0x4}, {0xc0007797a0, 0x4, 0x21153bb0aa8?})
	reflect/value.go:584 +0xca6 fp=0xc00094a098 sp=0xc000949b50 pc=0x495626
reflect.Value.Call({0xf0bcc0?, 0xc00024db00?, 0xfa5c00?}, {0xc0007797a0?, 0x0?, 0x1c323d8?})
	reflect/value.go:368 +0xb9 fp=0xc00094a110 sp=0xc00094a098 pc=0x494739
github.com/codegangsta/inject.(*injector).Invoke(0xc000642fc0, {0xf0bcc0, 0xc00024db00})
	github.com/codegangsta/inject@v0.0.0-20150114235600-33e0aa1cb7c0/inject.go:102 +0x235 fp=0xc00094a1b8 sp=0xc00094a110 pc=0xbcb375
github.com/go-martini/martini.(*context).Invoke(0x0?, {0xf0bcc0?, 0xc00024db00?})
	<autogenerated>:1 +0x2e fp=0xc00094a1e0 sp=0xc00094a1b8 pc=0xbd06ae
github.com/go-martini/martini.(*routeContext).run(0xc00076de30)
	github.com/go-martini/martini@v0.0.0-20170121215854-22fa46961aab/router.go:408 +0x56 fp=0xc00094a240 sp=0xc00094a1e0 pc=0xbcf556
github.com/go-martini/martini.(*routeContext).Next(0x456ff6?)
	github.com/go-martini/martini@v0.0.0-20170121215854-22fa46961aab/router.go:402 +0x17 fp=0xc00094a258 sp=0xc00094a240 pc=0xbcf4d7
github.com/inconshreveable/olive/v2.(*endpoint).Handlers.defaultRecoveryMiddleware.recoveryMiddleware.func7({0xc000565650?, 0x0?}, {0x1408120?, 0xc00076de30?}, {0x0?, 0x0?})
	github.com/inconshreveable/olive/v2@v2.0.0-20221207212301-9542b1665553/recover.go:32 +0x64 fp=0xc00094a2a8 sp=0xc00094a258 pc=0xbf0684
runtime.call64(0xc00069a450, 0xc000009e60, 0x0, 0x0, 0x0, 0x30, 0xc00094a530)
	runtime/asm_amd64.s:777 +0x48 fp=0xc00094a2f8 sp=0xc00094a2a8 pc=0x4603c8
runtime.reflectcall(0xff7d20?, 0xc00063b9c0?, 0x8?, 0x10a25ea?, 0x0?, 0x12?, 0xfa5c00?)
	<autogenerated>:1 +0x36 fp=0xc00094a338 sp=0xc00094a2f8 pc=0x466db6
reflect.Value.call({0xeefe60?, 0xc000009e60?, 0xc0001688c0?}, {0x109138c, 0x4}, {0xc000559cc0, 0x3, 0x9b8ef699505?})
	reflect/value.go:584 +0xca6 fp=0xc00094a880 sp=0xc00094a338 pc=0x495626
reflect.Value.Call({0xeefe60?, 0xc000009e60?, 0xfa5c00?}, {0xc000559cc0?, 0xc0001689e8?, 0x7cd698?})
	reflect/value.go:368 +0xb9 fp=0xc00094a8f8 sp=0xc00094a880 pc=0x494739
github.com/codegangsta/inject.(*injector).Invoke(0xc000642fc0, {0xeefe60, 0xc000009e60})
	github.com/codegangsta/inject@v0.0.0-20150114235600-33e0aa1cb7c0/inject.go:102 +0x235 fp=0xc00094a9a0 sp=0xc00094a8f8 pc=0xbcb375
github.com/go-martini/martini.(*context).Invoke(0x4?, {0xeefe60?, 0xc000009e60?})
	<autogenerated>:1 +0x2e fp=0xc00094a9c8 sp=0xc00094a9a0 pc=0xbd06ae
github.com/go-martini/martini.(*routeContext).run(0xc00076de30)
	github.com/go-martini/martini@v0.0.0-20170121215854-22fa46961aab/router.go:408 +0x56 fp=0xc00094aa28 sp=0xc00094a9c8 pc=0xbcf556
github.com/go-martini/martini.(*routeContext).Next(0xc00011a860?)
	github.com/go-martini/martini@v0.0.0-20170121215854-22fa46961aab/router.go:402 +0x17 fp=0xc00094aa40 sp=0xc00094aa28 pc=0xbcf4d7
github.com/inconshreveable/olive/v2.loggerMiddleware({0x1408120, 0xc00076de30}, 0xc0004a3a40, {0x21155ab00f8, 0xc000559b80})
	github.com/inconshreveable/olive/v2@v2.0.0-20221207212301-9542b1665553/logger.go:17 +0x1ac fp=0xc00094ab08 sp=0xc00094aa40 pc=0xbedfac
runtime.call64(0xc00069a3c0, 0x12d9ca8, 0x0, 0x0, 0x0, 0x28, 0xc00094ad90)
	runtime/asm_amd64.s:777 +0x48 fp=0xc00094ab58 sp=0xc00094ab08 pc=0x4603c8
runtime.reflectcall(0x101e9c0?, 0xc000559b80?, 0x8?, 0x10a25ea?, 0x0?, 0x12?, 0xf460a0?)
	<autogenerated>:1 +0x36 fp=0xc00094ab98 sp=0xc00094ab58 pc=0x466db6
reflect.Value.call({0xeefc80?, 0x12d9ca8?, 0xc000169120?}, {0x109138c, 0x4}, {0xc000559c70, 0x3, 0xc00056bce0?})
	reflect/value.go:584 +0xca6 fp=0xc00094b0e0 sp=0xc00094ab98 pc=0x495626
reflect.Value.Call({0xeefc80?, 0x12d9ca8?, 0xf460a0?}, {0xc000559c70?, 0xc00076dda0?, 0xf39d00?})
	reflect/value.go:368 +0xb9 fp=0xc00094b158 sp=0xc00094b0e0 pc=0x494739
github.com/codegangsta/inject.(*injector).Invoke(0xc000642fc0, {0xeefc80, 0x12d9ca8})
	github.com/codegangsta/inject@v0.0.0-20150114235600-33e0aa1cb7c0/inject.go:102 +0x235 fp=0xc00094b200 sp=0xc00094b158 pc=0xbcb375
github.com/go-martini/martini.(*context).Invoke(0xc0000fdd60?, {0xeefc80?, 0x12d9ca8?})
	<autogenerated>:1 +0x2e fp=0xc00094b228 sp=0xc00094b200 pc=0xbd06ae
github.com/go-martini/martini.(*routeContext).run(0xc00076de30)
	github.com/go-martini/martini@v0.0.0-20170121215854-22fa46961aab/router.go:408 +0x56 fp=0xc00094b288 sp=0xc00094b228 pc=0xbcf556
github.com/go-martini/martini.(*route).Handle(0xc0000fdd60, {0x21155ab0128, 0xc000559bd0}, {0xc000219a80?, 0x8?})
	github.com/go-martini/martini@v0.0.0-20170121215854-22fa46961aab/router.go:285 +0xe5 fp=0xc00094b2c8 sp=0xc00094b288 pc=0xbceb45
github.com/go-martini/martini.(*router).Handle(0xc00052acc0, {0x21155ab00f8, 0xc000559b80}, 0xc0004a3a40, {0x21155ab0128, 0xc000559bd0})
	github.com/go-martini/martini@v0.0.0-20170121215854-22fa46961aab/router.go:132 +0x270 fp=0xc00094b3d8 sp=0xc00094b2c8 pc=0xbcdbb0
github.com/go-martini/martini.Router.Handle-fm({0x21155ab00f8?, 0xc000559b80?}, 0x0?, {0x21155ab0128?, 0xc000559bd0?})
	<autogenerated>:1 +0x4c fp=0xc00094b418 sp=0xc00094b3d8 pc=0xbd1eac
runtime.call64(0xc00069a2d0, 0xc0006421e0, 0x0, 0x0, 0x0, 0x28, 0xc00094b6a0)
	runtime/asm_amd64.s:777 +0x48 fp=0xc00094b468 sp=0xc00094b418 pc=0x4603c8
runtime.reflectcall(0x101eac0?, 0xc000559bd0?, 0x8?, 0x10a25ea?, 0x0?, 0x12?, 0xfb6ae0?)
	<autogenerated>:1 +0x36 fp=0xc00094b4a8 sp=0xc00094b468 pc=0x466db6
reflect.Value.call({0xeefe00?, 0xc0006421e0?, 0xc000169a30?}, {0x109138c, 0x4}, {0xc000559c20, 0x3, 0x70000000076dda0?})
	reflect/value.go:584 +0xca6 fp=0xc00094b9f0 sp=0xc00094b4a8 pc=0x495626
reflect.Value.Call({0xeefe00?, 0xc0006421e0?, 0xfb6ae0?}, {0xc000559c20?, 0xc0004a3a40?, 0x1074260?})
	reflect/value.go:368 +0xb9 fp=0xc00094ba68 sp=0xc00094b9f0 pc=0x494739
github.com/codegangsta/inject.(*injector).Invoke(0xc000642fc0, {0xeefe00, 0xc0006421e0})
	github.com/codegangsta/inject@v0.0.0-20150114235600-33e0aa1cb7c0/inject.go:102 +0x235 fp=0xc00094bb10 sp=0xc00094ba68 pc=0xbcb375
github.com/go-martini/martini.(*context).run(0xc000559bd0)
	github.com/go-martini/martini@v0.0.0-20170121215854-22fa46961aab/martini.go:179 +0x5d fp=0xc00094bb38 sp=0xc00094bb10 pc=0xbccc3d
github.com/go-martini/martini.(*Martini).ServeHTTP(0x456659?, {0x13fc6b0?, 0xc000518fc0?}, 0xc000719b70?)
	github.com/go-martini/martini@v0.0.0-20170121215854-22fa46961aab/martini.go:75 +0x25 fp=0xc00094bb68 sp=0xc00094bb38 pc=0xbcc3c5
net/http.serverHandler.ServeHTTP({0xc00076dce0?}, {0x13fc6b0?, 0xc000518fc0?}, 0x1?)
	net/http/server.go:3301 +0x8e fp=0xc00094bb98 sp=0xc00094bb68 pc=0x78944e
net/http.(*conn).serve(0xc000527200, {0x13fe5e0, 0xc00064e570})
	net/http/server.go:2102 +0x625 fp=0xc00094bfb8 sp=0xc00094bb98 pc=0x767f05
net/http.(*Server).Serve.gowrap3()
	net/http/server.go:3454 +0x28 fp=0xc00094bfe0 sp=0xc00094bfb8 pc=0x76d7e8
runtime.goexit({})
	runtime/asm_amd64.s:1700 +0x1 fp=0xc00094bfe8 sp=0xc00094bfe0 pc=0x461d81
created by net/http.(*Server).Serve in goroutine 39
	net/http/server.go:3454 +0x485

goroutine 4060 gp=0xc000679500 m=nil [runnable]:
runtime.gopark(0x0?, 0xc00080d1a0?, 0x48?, 0xd2?, 0xc00080d24c?)
	runtime/proc.go:435 +0xce fp=0xc0007add58 sp=0xc0007add38 pc=0x459ace
runtime.netpollblock(0x744?, 0x3effc6?, 0x0?)
	runtime/netpoll.go:575 +0xf7 fp=0xc0007add90 sp=0xc0007add58 pc=0x41d377
internal/poll.runtime_pollWait(0x21155db4b78, 0x72)
	runtime/netpoll.go:351 +0x85 fp=0xc0007addb0 sp=0xc0007add90 pc=0x458c65
internal/poll.(*pollDesc).wait(0x4a0?, 0x72?, 0x0)
	internal/poll/fd_poll_runtime.go:84 +0x27 fp=0xc0007addd8 sp=0xc0007addb0 pc=0x4e5fa7
internal/poll.execIO(0xc00080d1a0, 0x12d9038)
	internal/poll/fd_windows.go:177 +0x105 fp=0xc0007ade50 sp=0xc0007addd8 pc=0x4e7405
internal/poll.(*FD).Read(0xc00080d188, {0xc000822f41, 0x1, 0x1})
	internal/poll/fd_windows.go:438 +0x29b fp=0xc0007adef0 sp=0xc0007ade50 pc=0x4e80db
net.(*netFD).Read(0xc00080d188, {0xc000822f41?, 0xc00084ed98?, 0xc0007adf70?})
	net/fd_posix.go:55 +0x25 fp=0xc0007adf38 sp=0xc0007adef0 pc=0x55bb25
net.(*conn).Read(0xc000116678, {0xc000822f41?, 0xc00052fe30?, 0xc0003d33b0?})
	net/net.go:194 +0x45 fp=0xc0007adf80 sp=0xc0007adf38 pc=0x571525
net/http.(*connReader).backgroundRead(0xc000822f30)
	net/http/server.go:690 +0x37 fp=0xc0007adfc8 sp=0xc0007adf80 pc=0x761dd7
net/http.(*connReader).startBackgroundRead.gowrap2()
	net/http/server.go:686 +0x25 fp=0xc0007adfe0 sp=0xc0007adfc8 pc=0x761d05
runtime.goexit({})
	runtime/asm_amd64.s:1700 +0x1 fp=0xc0007adfe8 sp=0xc0007adfe0 pc=0x461d81
created by net/http.(*connReader).startBackgroundRead in goroutine 4059
	net/http/server.go:686 +0xb6

goroutine 4024 gp=0xc000679880 m=nil [runnable]:
runtime.gopark(0x0?, 0xc00075c020?, 0xc8?, 0xc0?, 0xc00075c0cc?)
	runtime/proc.go:435 +0xce fp=0xc0008f18c8 sp=0xc0008f18a8 pc=0x459ace
runtime.netpollblock(0x73c?, 0x3effc6?, 0x0?)
	runtime/netpoll.go:575 +0xf7 fp=0xc0008f1900 sp=0xc0008f18c8 pc=0x41d377
internal/poll.runtime_pollWait(0x21154093180, 0x72)
	runtime/netpoll.go:351 +0x85 fp=0xc0008f1920 sp=0xc0008f1900 pc=0x458c65
internal/poll.(*pollDesc).wait(0x0?, 0xc0008f1970?, 0x0)
	internal/poll/fd_poll_runtime.go:84 +0x27 fp=0xc0008f1948 sp=0xc0008f1920 pc=0x4e5fa7
internal/poll.execIO(0xc00075c020, 0x12d9038)
	internal/poll/fd_windows.go:177 +0x105 fp=0xc0008f19c0 sp=0xc0008f1948 pc=0x4e7405
internal/poll.(*FD).Read(0xc00075c008, {0xc000737000, 0x1000, 0x1000})
	internal/poll/fd_windows.go:438 +0x29b fp=0xc0008f1a60 sp=0xc0008f19c0 pc=0x4e80db
net.(*netFD).Read(0xc00075c008, {0xc000737000?, 0xc0008f1ad0?, 0x4e6465?})
	net/fd_posix.go:55 +0x25 fp=0xc0008f1aa8 sp=0xc0008f1a60 pc=0x55bb25
net.(*conn).Read(0xc000622270, {0xc000737000?, 0x0?, 0x0?})
	net/net.go:194 +0x45 fp=0xc0008f1af0 sp=0xc0008f1aa8 pc=0x571525
net/http.(*connReader).Read(0xc00074e7b0, {0xc000737000, 0x1000, 0x1000})
	net/http/server.go:798 +0x159 fp=0xc0008f1b40 sp=0xc0008f1af0 pc=0x762279
bufio.(*Reader).fill(0xc00005ef00)
	bufio/bufio.go:113 +0x103 fp=0xc0008f1b78 sp=0xc0008f1b40 pc=0x589183
bufio.(*Reader).Peek(0xc00005ef00, 0x4)
	bufio/bufio.go:152 +0x53 fp=0xc0008f1b98 sp=0xc0008f1b78 pc=0x5892b3
net/http.(*conn).serve(0xc000624bd0, {0x13fe5e0, 0xc00064e570})
	net/http/server.go:2137 +0x785 fp=0xc0008f1fb8 sp=0xc0008f1b98 pc=0x768065
net/http.(*Server).Serve.gowrap3()
	net/http/server.go:3454 +0x28 fp=0xc0008f1fe0 sp=0xc0008f1fb8 pc=0x76d7e8
runtime.goexit({})
	runtime/asm_amd64.s:1700 +0x1 fp=0xc0008f1fe8 sp=0xc0008f1fe0 pc=0x461d81
created by net/http.(*Server).Serve in goroutine 39
	net/http/server.go:3454 +0x485

goroutine 4067 gp=0xc000679a40 m=nil [runnable]:
runtime.cgocall(0x4635a0, 0xc000100b48)
	runtime/cgocall.go:167 +0x3e fp=0xc00066bc58 sp=0xc00066bbf0 pc=0x45673e
runtime.syscall_syscalln(0x4635a0?, 0x1c184a0?, {0xc00066bca0?, 0x3e30045673e?, 0x7ffe2e3ca520?})
	runtime/syscall_windows.go:521 +0x4e fp=0xc00066bc78 sp=0xc00066bc58 pc=0x44350e
syscall.Syscall9(0x457292?, 0xc00066bd28?, 0x44350e?, 0x4635a0?, 0x6cc?, 0xc00066bd58?, 0x456e1b?, 0x8?, 0xeae3e0?, 0x0, ...)
	runtime/syscall_windows.go:469 +0x57 fp=0xc00066bcf8 sp=0xc00066bc78 pc=0x45da77
syscall.WSARecv(0x418, 0x3effc6?, 0x1, 0x4e5e87?, 0xc000545248?, 0xc00054524c?, 0x0?)
	syscall/zsyscall_windows.go:1294 +0xb2 fp=0xc00066bd90 sp=0xc00066bcf8 pc=0x4bf7f2
internal/poll.(*FD).Read.func1(0x6cc?)
	internal/poll/fd_windows.go:439 +0x3b fp=0xc00066bdd8 sp=0xc00066bd90 pc=0x4f043b
internal/poll.execIO(0xc00047cf20, 0x12d9038)
	internal/poll/fd_windows.go:161 +0x7b fp=0xc00066be50 sp=0xc00066bdd8 pc=0x4e737b
internal/poll.(*FD).Read(0xc00047cf08, {0xc000494d01, 0x1, 0x1})
	internal/poll/fd_windows.go:438 +0x29b fp=0xc00066bef0 sp=0xc00066be50 pc=0x4e80db
net.(*netFD).Read(0xc00047cf08, {0xc000494d01?, 0xc000892e98?, 0xc00066bf70?})
	net/fd_posix.go:55 +0x25 fp=0xc00066bf38 sp=0xc00066bef0 pc=0x55bb25
net.(*conn).Read(0xc00049e6d8, {0xc000494d01?, 0x30609300b316230?, 0x3153550213060455?})
	net/net.go:194 +0x45 fp=0xc00066bf80 sp=0xc00066bf38 pc=0x571525
net/http.(*connReader).backgroundRead(0xc000494cf0)
	net/http/server.go:690 +0x37 fp=0xc00066bfc8 sp=0xc00066bf80 pc=0x761dd7
net/http.(*connReader).startBackgroundRead.gowrap2()
	net/http/server.go:686 +0x25 fp=0xc00066bfe0 sp=0xc00066bfc8 pc=0x761d05
runtime.goexit({})
	runtime/asm_amd64.s:1700 +0x1 fp=0xc00066bfe8 sp=0xc00066bfe0 pc=0x461d81
created by net/http.(*connReader).startBackgroundRead in goroutine 3938
	net/http/server.go:686 +0xb6

goroutine 3959 gp=0xc0007c0540 m=nil [IO wait]:
runtime.gopark(0x0?, 0xc000545ba0?, 0x48?, 0x5c?, 0xc000545c4c?)
	runtime/proc.go:435 +0xce fp=0xc000361d58 sp=0xc000361d38 pc=0x459ace
runtime.netpollblock(0x6c8?, 0x3effc6?, 0x0?)
	runtime/netpoll.go:575 +0xf7 fp=0xc000361d90 sp=0xc000361d58 pc=0x41d377
internal/poll.runtime_pollWait(0x21155db4c90, 0x72)
	runtime/netpoll.go:351 +0x85 fp=0xc000361db0 sp=0xc000361d90 pc=0x458c65
internal/poll.(*pollDesc).wait(0x6dc?, 0x72?, 0x0)
	internal/poll/fd_poll_runtime.go:84 +0x27 fp=0xc000361dd8 sp=0xc000361db0 pc=0x4e5fa7
internal/poll.execIO(0xc000545ba0, 0x12d9038)
	internal/poll/fd_windows.go:177 +0x105 fp=0xc000361e50 sp=0xc000361dd8 pc=0x4e7405
internal/poll.(*FD).Read(0xc000545b88, {0xc00076dcf1, 0x1, 0x1})
	internal/poll/fd_windows.go:438 +0x29b fp=0xc000361ef0 sp=0xc000361e50 pc=0x4e80db
net.(*netFD).Read(0xc000545b88, {0xc00076dcf1?, 0xc0004e8e18?, 0xc000361f70?})
	net/fd_posix.go:55 +0x25 fp=0xc000361f38 sp=0xc000361ef0 pc=0x55bb25
net.(*conn).Read(0xc00069cb00, {0xc00076dcf1?, 0xc0004fe000?, 0x31b50a11b104104?})
	net/net.go:194 +0x45 fp=0xc000361f80 sp=0xc000361f38 pc=0x571525
net/http.(*connReader).backgroundRead(0xc00076dce0)
	net/http/server.go:690 +0x37 fp=0xc000361fc8 sp=0xc000361f80 pc=0x761dd7
net/http.(*connReader).startBackgroundRead.gowrap2()
	net/http/server.go:686 +0x25 fp=0xc000361fe0 sp=0xc000361fc8 pc=0x761d05
runtime.goexit({})
	runtime/asm_amd64.s:1700 +0x1 fp=0xc000361fe8 sp=0xc000361fe0 pc=0x461d81
created by net/http.(*connReader).startBackgroundRead in goroutine 3958
	net/http/server.go:686 +0xb6

goroutine 3985 gp=0xc0007c0700 m=nil [IO wait]:
runtime.gopark(0x0?, 0xc0006c22a0?, 0x48?, 0x23?, 0xc0006c234c?)
	runtime/proc.go:435 +0xce fp=0xc0008518c8 sp=0xc0008518a8 pc=0x459ace
runtime.netpollblock(0x768?, 0x3effc6?, 0x0?)
	runtime/netpoll.go:575 +0xf7 fp=0xc000851900 sp=0xc0008518c8 pc=0x41d377
internal/poll.runtime_pollWait(0x21154093810, 0x72)
	runtime/netpoll.go:351 +0x85 fp=0xc000851920 sp=0xc000851900 pc=0x458c65
internal/poll.(*pollDesc).wait(0x0?, 0xc000851970?, 0x0)
	internal/poll/fd_poll_runtime.go:84 +0x27 fp=0xc000851948 sp=0xc000851920 pc=0x4e5fa7
internal/poll.execIO(0xc0006c22a0, 0x12d9038)
	internal/poll/fd_windows.go:177 +0x105 fp=0xc0008519c0 sp=0xc000851948 pc=0x4e7405
internal/poll.(*FD).Read(0xc0006c2288, {0xc0007cd000, 0x1000, 0x1000})
	internal/poll/fd_windows.go:438 +0x29b fp=0xc000851a60 sp=0xc0008519c0 pc=0x4e80db
net.(*netFD).Read(0xc0006c2288, {0xc0007cd000?, 0xc000851ad0?, 0x4e6465?})
	net/fd_posix.go:55 +0x25 fp=0xc000851aa8 sp=0xc000851a60 pc=0x55bb25
net.(*conn).Read(0xc0002cc700, {0xc0007cd000?, 0x0?, 0x0?})
	net/net.go:194 +0x45 fp=0xc000851af0 sp=0xc000851aa8 pc=0x571525
net/http.(*connReader).Read(0xc0006ab320, {0xc0007cd000, 0x1000, 0x1000})
	net/http/server.go:798 +0x159 fp=0xc000851b40 sp=0xc000851af0 pc=0x762279
bufio.(*Reader).fill(0xc00015f680)
	bufio/bufio.go:113 +0x103 fp=0xc000851b78 sp=0xc000851b40 pc=0x589183
bufio.(*Reader).Peek(0xc00015f680, 0x4)
	bufio/bufio.go:152 +0x53 fp=0xc000851b98 sp=0xc000851b78 pc=0x5892b3
net/http.(*conn).serve(0xc0007a9b00, {0x13fe5e0, 0xc00064e570})
	net/http/server.go:2137 +0x785 fp=0xc000851fb8 sp=0xc000851b98 pc=0x768065
net/http.(*Server).Serve.gowrap3()
	net/http/server.go:3454 +0x28 fp=0xc000851fe0 sp=0xc000851fb8 pc=0x76d7e8
runtime.goexit({})
	runtime/asm_amd64.s:1700 +0x1 fp=0xc000851fe8 sp=0xc000851fe0 pc=0x461d81
created by net/http.(*Server).Serve in goroutine 39
	net/http/server.go:3454 +0x485

goroutine 3983 gp=0xc0007c08c0 m=nil [IO wait]:
runtime.gopark(0x0?, 0xc0006c2020?, 0xc8?, 0x20?, 0xc0006c20cc?)
	runtime/proc.go:435 +0xce fp=0xc0008178c8 sp=0xc0008178a8 pc=0x459ace
runtime.netpollblock(0x6e8?, 0x3effc6?, 0x0?)
	runtime/netpoll.go:575 +0xf7 fp=0xc000817900 sp=0xc0008178c8 pc=0x41d377
internal/poll.runtime_pollWait(0x211540935e0, 0x72)
	runtime/netpoll.go:351 +0x85 fp=0xc000817920 sp=0xc000817900 pc=0x458c65
internal/poll.(*pollDesc).wait(0x0?, 0xc000817970?, 0x0)
	internal/poll/fd_poll_runtime.go:84 +0x27 fp=0xc000817948 sp=0xc000817920 pc=0x4e5fa7
internal/poll.execIO(0xc0006c2020, 0x12d9038)
	internal/poll/fd_windows.go:177 +0x105 fp=0xc0008179c0 sp=0xc000817948 pc=0x4e7405
internal/poll.(*FD).Read(0xc0006c2008, {0xc00083e000, 0x1000, 0x1000})
	internal/poll/fd_windows.go:438 +0x29b fp=0xc000817a60 sp=0xc0008179c0 pc=0x4e80db
net.(*netFD).Read(0xc0006c2008, {0xc00083e000?, 0xc000817ad0?, 0x4e6465?})
	net/fd_posix.go:55 +0x25 fp=0xc000817aa8 sp=0xc000817a60 pc=0x55bb25
net.(*conn).Read(0xc0002cc6c8, {0xc00083e000?, 0x0?, 0x0?})
	net/net.go:194 +0x45 fp=0xc000817af0 sp=0xc000817aa8 pc=0x571525
net/http.(*connReader).Read(0xc0006ab020, {0xc00083e000, 0x1000, 0x1000})
	net/http/server.go:798 +0x159 fp=0xc000817b40 sp=0xc000817af0 pc=0x762279
bufio.(*Reader).fill(0xc000778120)
	bufio/bufio.go:113 +0x103 fp=0xc000817b78 sp=0xc000817b40 pc=0x589183
bufio.(*Reader).Peek(0xc000778120, 0x4)
	bufio/bufio.go:152 +0x53 fp=0xc000817b98 sp=0xc000817b78 pc=0x5892b3
net/http.(*conn).serve(0xc0007a99e0, {0x13fe5e0, 0xc00064e570})
	net/http/server.go:2137 +0x785 fp=0xc000817fb8 sp=0xc000817b98 pc=0x768065
net/http.(*Server).Serve.gowrap3()
	net/http/server.go:3454 +0x28 fp=0xc000817fe0 sp=0xc000817fb8 pc=0x76d7e8
runtime.goexit({})
	runtime/asm_amd64.s:1700 +0x1 fp=0xc000817fe8 sp=0xc000817fe0 pc=0x461d81
created by net/http.(*Server).Serve in goroutine 39
	net/http/server.go:3454 +0x485

goroutine 4023 gp=0xc0007c0a80 m=nil [IO wait]:
runtime.gopark(0x0?, 0xc00061fba0?, 0x48?, 0xfc?, 0xc00061fc4c?)
	runtime/proc.go:435 +0xce fp=0xc0008778c8 sp=0xc0008778a8 pc=0x459ace
runtime.netpollblock(0x6e4?, 0x3effc6?, 0x0?)
	runtime/netpoll.go:575 +0xf7 fp=0xc000877900 sp=0xc0008778c8 pc=0x41d377
internal/poll.runtime_pollWait(0x211540933b0, 0x72)
	runtime/netpoll.go:351 +0x85 fp=0xc000877920 sp=0xc000877900 pc=0x458c65
internal/poll.(*pollDesc).wait(0x0?, 0xc000877970?, 0x0)
	internal/poll/fd_poll_runtime.go:84 +0x27 fp=0xc000877948 sp=0xc000877920 pc=0x4e5fa7
internal/poll.execIO(0xc00061fba0, 0x12d9038)
	internal/poll/fd_windows.go:177 +0x105 fp=0xc0008779c0 sp=0xc000877948 pc=0x4e7405
internal/poll.(*FD).Read(0xc00061fb88, {0xc000178000, 0x1000, 0x1000})
	internal/poll/fd_windows.go:438 +0x29b fp=0xc000877a60 sp=0xc0008779c0 pc=0x4e80db
net.(*netFD).Read(0xc00061fb88, {0xc000178000?, 0xc000877ad0?, 0x4e6465?})
	net/fd_posix.go:55 +0x25 fp=0xc000877aa8 sp=0xc000877a60 pc=0x55bb25
net.(*conn).Read(0xc000622248, {0xc000178000?, 0x0?, 0x0?})
	net/net.go:194 +0x45 fp=0xc000877af0 sp=0xc000877aa8 pc=0x571525
net/http.(*connReader).Read(0xc0008220f0, {0xc000178000, 0x1000, 0x1000})
	net/http/server.go:798 +0x159 fp=0xc000877b40 sp=0xc000877af0 pc=0x762279
bufio.(*Reader).fill(0xc000910240)
	bufio/bufio.go:113 +0x103 fp=0xc000877b78 sp=0xc000877b40 pc=0x589183
bufio.(*Reader).Peek(0xc000910240, 0x4)
	bufio/bufio.go:152 +0x53 fp=0xc000877b98 sp=0xc000877b78 pc=0x5892b3
net/http.(*conn).serve(0xc000624b40, {0x13fe5e0, 0xc00064e570})
	net/http/server.go:2137 +0x785 fp=0xc000877fb8 sp=0xc000877b98 pc=0x768065
net/http.(*Server).Serve.gowrap3()
	net/http/server.go:3454 +0x28 fp=0xc000877fe0 sp=0xc000877fb8 pc=0x76d7e8
runtime.goexit({})
	runtime/asm_amd64.s:1700 +0x1 fp=0xc000877fe8 sp=0xc000877fe0 pc=0x461d81
created by net/http.(*Server).Serve in goroutine 39
	net/http/server.go:3454 +0x485

goroutine 4053 gp=0xc0007c0c40 m=nil [IO wait]:
runtime.gopark(0x0?, 0xc00080ca20?, 0xc8?, 0xca?, 0xc00080cacc?)
	runtime/proc.go:435 +0xce fp=0xc0008f98c8 sp=0xc0008f98a8 pc=0x459ace
runtime.netpollblock(0x760?, 0x3effc6?, 0x0?)
	runtime/netpoll.go:575 +0xf7 fp=0xc0008f9900 sp=0xc0008f98c8 pc=0x41d377
internal/poll.runtime_pollWait(0x21154093068, 0x72)
	runtime/netpoll.go:351 +0x85 fp=0xc0008f9920 sp=0xc0008f9900 pc=0x458c65
internal/poll.(*pollDesc).wait(0x0?, 0xc0008f9970?, 0x0)
	internal/poll/fd_poll_runtime.go:84 +0x27 fp=0xc0008f9948 sp=0xc0008f9920 pc=0x4e5fa7
internal/poll.execIO(0xc00080ca20, 0x12d9038)
	internal/poll/fd_windows.go:177 +0x105 fp=0xc0008f99c0 sp=0xc0008f9948 pc=0x4e7405
internal/poll.(*FD).Read(0xc00080ca08, {0xc000765000, 0x1000, 0x1000})
	internal/poll/fd_windows.go:438 +0x29b fp=0xc0008f9a60 sp=0xc0008f99c0 pc=0x4e80db
net.(*netFD).Read(0xc00080ca08, {0xc000765000?, 0xc0008f9ad0?, 0x4e6465?})
	net/fd_posix.go:55 +0x25 fp=0xc0008f9aa8 sp=0xc0008f9a60 pc=0x55bb25
net.(*conn).Read(0xc0001165d0, {0xc000765000?, 0x0?, 0x0?})
	net/net.go:194 +0x45 fp=0xc0008f9af0 sp=0xc0008f9aa8 pc=0x571525
net/http.(*connReader).Read(0xc00074ea50, {0xc000765000, 0x1000, 0x1000})
	net/http/server.go:798 +0x159 fp=0xc0008f9b40 sp=0xc0008f9af0 pc=0x762279
bufio.(*Reader).fill(0xc00005f080)
	bufio/bufio.go:113 +0x103 fp=0xc0008f9b78 sp=0xc0008f9b40 pc=0x589183
bufio.(*Reader).Peek(0xc00005f080, 0x4)
	bufio/bufio.go:152 +0x53 fp=0xc0008f9b98 sp=0xc0008f9b78 pc=0x5892b3
net/http.(*conn).serve(0xc000614c60, {0x13fe5e0, 0xc00064e570})
	net/http/server.go:2137 +0x785 fp=0xc0008f9fb8 sp=0xc0008f9b98 pc=0x768065
net/http.(*Server).Serve.gowrap3()
	net/http/server.go:3454 +0x28 fp=0xc0008f9fe0 sp=0xc0008f9fb8 pc=0x76d7e8
runtime.goexit({})
	runtime/asm_amd64.s:1700 +0x1 fp=0xc0008f9fe8 sp=0xc0008f9fe0 pc=0x461d81
created by net/http.(*Server).Serve in goroutine 39
	net/http/server.go:3454 +0x485

goroutine 4057 gp=0xc0007c0e00 m=nil [IO wait]:
runtime.gopark(0x0?, 0xc00080cf20?, 0xc8?, 0xcf?, 0xc00080cfcc?)
	runtime/proc.go:435 +0xce fp=0xc0009438c8 sp=0xc0009438a8 pc=0x459ace
runtime.netpollblock(0x3e0?, 0x3effc6?, 0x0?)
	runtime/netpoll.go:575 +0xf7 fp=0xc000943900 sp=0xc0009438c8 pc=0x41d377
internal/poll.runtime_pollWait(0x21155db4da8, 0x72)
	runtime/netpoll.go:351 +0x85 fp=0xc000943920 sp=0xc000943900 pc=0x458c65
internal/poll.(*pollDesc).wait(0x0?, 0xc000943970?, 0x0)
	internal/poll/fd_poll_runtime.go:84 +0x27 fp=0xc000943948 sp=0xc000943920 pc=0x4e5fa7
internal/poll.execIO(0xc00080cf20, 0x12d9038)
	internal/poll/fd_windows.go:177 +0x105 fp=0xc0009439c0 sp=0xc000943948 pc=0x4e7405
internal/poll.(*FD).Read(0xc00080cf08, {0xc00060f000, 0x1000, 0x1000})
	internal/poll/fd_windows.go:438 +0x29b fp=0xc000943a60 sp=0xc0009439c0 pc=0x4e80db
net.(*netFD).Read(0xc00080cf08, {0xc00060f000?, 0xc000943ad0?, 0x4e6465?})
	net/fd_posix.go:55 +0x25 fp=0xc000943aa8 sp=0xc000943a60 pc=0x55bb25
net.(*conn).Read(0xc000116640, {0xc00060f000?, 0x0?, 0x0?})
	net/net.go:194 +0x45 fp=0xc000943af0 sp=0xc000943aa8 pc=0x571525
net/http.(*connReader).Read(0xc000822c30, {0xc00060f000, 0x1000, 0x1000})
	net/http/server.go:798 +0x159 fp=0xc000943b40 sp=0xc000943af0 pc=0x762279
bufio.(*Reader).fill(0xc00062fec0)
	bufio/bufio.go:113 +0x103 fp=0xc000943b78 sp=0xc000943b40 pc=0x589183
bufio.(*Reader).Peek(0xc00062fec0, 0x4)
	bufio/bufio.go:152 +0x53 fp=0xc000943b98 sp=0xc000943b78 pc=0x5892b3
net/http.(*conn).serve(0xc000614ea0, {0x13fe5e0, 0xc00064e570})
	net/http/server.go:2137 +0x785 fp=0xc000943fb8 sp=0xc000943b98 pc=0x768065
net/http.(*Server).Serve.gowrap3()
	net/http/server.go:3454 +0x28 fp=0xc000943fe0 sp=0xc000943fb8 pc=0x76d7e8
runtime.goexit({})
	runtime/asm_amd64.s:1700 +0x1 fp=0xc000943fe8 sp=0xc000943fe0 pc=0x461d81
created by net/http.(*Server).Serve in goroutine 39
	net/http/server.go:3454 +0x485

goroutine 4027 gp=0xc0007c0fc0 m=nil [IO wait]:
runtime.gopark(0x0?, 0xc00075c2a0?, 0x48?, 0xc3?, 0xc00075c34c?)
	runtime/proc.go:435 +0xce fp=0xc00092b8c8 sp=0xc00092b8a8 pc=0x459ace
runtime.netpollblock(0x6fc?, 0x3effc6?, 0x0?)
	runtime/netpoll.go:575 +0xf7 fp=0xc00092b900 sp=0xc00092b8c8 pc=0x41d377
internal/poll.runtime_pollWait(0x21154092e38, 0x72)
	runtime/netpoll.go:351 +0x85 fp=0xc00092b920 sp=0xc00092b900 pc=0x458c65
internal/poll.(*pollDesc).wait(0x0?, 0xc00092b970?, 0x0)
	internal/poll/fd_poll_runtime.go:84 +0x27 fp=0xc00092b948 sp=0xc00092b920 pc=0x4e5fa7
internal/poll.execIO(0xc00075c2a0, 0x12d9038)
	internal/poll/fd_windows.go:177 +0x105 fp=0xc00092b9c0 sp=0xc00092b948 pc=0x4e7405
internal/poll.(*FD).Read(0xc00075c288, {0xc00076f000, 0x1000, 0x1000})
	internal/poll/fd_windows.go:438 +0x29b fp=0xc00092ba60 sp=0xc00092b9c0 pc=0x4e80db
net.(*netFD).Read(0xc00075c288, {0xc00076f000?, 0xc00092bad0?, 0x4e6465?})
	net/fd_posix.go:55 +0x25 fp=0xc00092baa8 sp=0xc00092ba60 pc=0x55bb25
net.(*conn).Read(0xc0006222e0, {0xc00076f000?, 0x0?, 0x0?})
	net/net.go:194 +0x45 fp=0xc00092baf0 sp=0xc00092baa8 pc=0x571525
net/http.(*connReader).Read(0xc00074edb0, {0xc00076f000, 0x1000, 0x1000})
	net/http/server.go:798 +0x159 fp=0xc00092bb40 sp=0xc00092baf0 pc=0x762279
bufio.(*Reader).fill(0xc00005f2c0)
	bufio/bufio.go:113 +0x103 fp=0xc00092bb78 sp=0xc00092bb40 pc=0x589183
bufio.(*Reader).Peek(0xc00005f2c0, 0x4)
	bufio/bufio.go:152 +0x53 fp=0xc00092bb98 sp=0xc00092bb78 pc=0x5892b3
net/http.(*conn).serve(0xc000624d80, {0x13fe5e0, 0xc00064e570})
	net/http/server.go:2137 +0x785 fp=0xc00092bfb8 sp=0xc00092bb98 pc=0x768065
net/http.(*Server).Serve.gowrap3()
	net/http/server.go:3454 +0x28 fp=0xc00092bfe0 sp=0xc00092bfb8 pc=0x76d7e8
runtime.goexit({})
	runtime/asm_amd64.s:1700 +0x1 fp=0xc00092bfe8 sp=0xc00092bfe0 pc=0x461d81
created by net/http.(*Server).Serve in goroutine 39
	net/http/server.go:3454 +0x485

goroutine 4028 gp=0xc0007c1180 m=nil [IO wait]:
runtime.gopark(0x0?, 0xc00075c520?, 0xc8?, 0xc5?, 0xc00075c5cc?)
	runtime/proc.go:435 +0xce fp=0xc0009338c8 sp=0xc0009338a8 pc=0x459ace
runtime.netpollblock(0x698?, 0x3effc6?, 0x0?)
	runtime/netpoll.go:575 +0xf7 fp=0xc000933900 sp=0xc0009338c8 pc=0x41d377
internal/poll.runtime_pollWait(0x21155db4fd8, 0x72)
	runtime/netpoll.go:351 +0x85 fp=0xc000933920 sp=0xc000933900 pc=0x458c65
internal/poll.(*pollDesc).wait(0x0?, 0xc000933970?, 0x0)
	internal/poll/fd_poll_runtime.go:84 +0x27 fp=0xc000933948 sp=0xc000933920 pc=0x4e5fa7
internal/poll.execIO(0xc00075c520, 0x12d9038)
	internal/poll/fd_windows.go:177 +0x105 fp=0xc0009339c0 sp=0xc000933948 pc=0x4e7405
internal/poll.(*FD).Read(0xc00075c508, {0xc000771000, 0x1000, 0x1000})
	internal/poll/fd_windows.go:438 +0x29b fp=0xc000933a60 sp=0xc0009339c0 pc=0x4e80db
net.(*netFD).Read(0xc00075c508, {0xc000771000?, 0xc000933ad0?, 0x4e6465?})
	net/fd_posix.go:55 +0x25 fp=0xc000933aa8 sp=0xc000933a60 pc=0x55bb25
net.(*conn).Read(0xc0006222e8, {0xc000771000?, 0x0?, 0x0?})
	net/net.go:194 +0x45 fp=0xc000933af0 sp=0xc000933aa8 pc=0x571525
net/http.(*connReader).Read(0xc00074ee70, {0xc000771000, 0x1000, 0x1000})
	net/http/server.go:798 +0x159 fp=0xc000933b40 sp=0xc000933af0 pc=0x762279
bufio.(*Reader).fill(0xc00005f320)
	bufio/bufio.go:113 +0x103 fp=0xc000933b78 sp=0xc000933b40 pc=0x589183
bufio.(*Reader).Peek(0xc00005f320, 0x4)
	bufio/bufio.go:152 +0x53 fp=0xc000933b98 sp=0xc000933b78 pc=0x5892b3
net/http.(*conn).serve(0xc000624e10, {0x13fe5e0, 0xc00064e570})
	net/http/server.go:2137 +0x785 fp=0xc000933fb8 sp=0xc000933b98 pc=0x768065
net/http.(*Server).Serve.gowrap3()
	net/http/server.go:3454 +0x28 fp=0xc000933fe0 sp=0xc000933fb8 pc=0x76d7e8
runtime.goexit({})
	runtime/asm_amd64.s:1700 +0x1 fp=0xc000933fe8 sp=0xc000933fe0 pc=0x461d81
created by net/http.(*Server).Serve in goroutine 39
	net/http/server.go:3454 +0x485

goroutine 4030 gp=0xc0007c1340 m=nil [sync.Cond.Wait]:
runtime.gopark(0x0?, 0xe7791f701?, 0x40?, 0x68?, 0x4e6440?)
	runtime/proc.go:435 +0xce fp=0xc000963aa0 sp=0xc000963a80 pc=0x459ace
runtime.goparkunlock(...)
	runtime/proc.go:441
sync.runtime_notifyListWait(0xc0004e8e90, 0x0)
	runtime/sema.go:597 +0x15d fp=0xc000963af0 sp=0xc000963aa0 pc=0x45af9d
sync.(*Cond).Wait(0xc000622320?)
	sync/cond.go:71 +0x85 fp=0xc000963b28 sp=0xc000963af0 pc=0x479885
net/http.(*connReader).abortPendingRead(0xc0007888a0)
	net/http/server.go:738 +0x9d fp=0xc000963b78 sp=0xc000963b28 pc=0x761fbd
net/http.(*response).finishRequest(0xc0004c4b60)
	net/http/server.go:1720 +0x87 fp=0xc000963b98 sp=0xc000963b78 pc=0x7671a7
net/http.(*conn).serve(0xc000624f30, {0x13fe5e0, 0xc00064e570})
	net/http/server.go:2108 +0x665 fp=0xc000963fb8 sp=0xc000963b98 pc=0x767f45
net/http.(*Server).Serve.gowrap3()
	net/http/server.go:3454 +0x28 fp=0xc000963fe0 sp=0xc000963fb8 pc=0x76d7e8
runtime.goexit({})
	runtime/asm_amd64.s:1700 +0x1 fp=0xc000963fe8 sp=0xc000963fe0 pc=0x461d81
created by net/http.(*Server).Serve in goroutine 39
	net/http/server.go:3454 +0x485

goroutine 4031 gp=0xc0007c1500 m=nil [runnable]:
runtime.cgocall(0x4635a0, 0xc0003cf348)
	runtime/cgocall.go:167 +0x3e fp=0xc00096b7a8 sp=0xc00096b740 pc=0x45673e
runtime.syscall_syscalln(0xc0006421e0?, 0xc0006e2000?, {0xc00096b7f0?, 0x8?, 0xc000698060?})
	runtime/syscall_windows.go:521 +0x4e fp=0xc00096b7c8 sp=0xc00096b7a8 pc=0x44350e
syscall.Syscall9(0x0?, 0x0?, 0x0?, 0x28?, 0xc000688180?, 0x16?, 0xc0007d58b0?, 0x3f8191?, 0xc0006e20c0?, 0x0, ...)
	runtime/syscall_windows.go:469 +0x57 fp=0xc00096b848 sp=0xc00096b7c8 pc=0x45da77
syscall.WSASend(0x410, 0x0?, 0x1, 0x4e5e87?, 0x0, 0x5?, 0x0?)
	syscall/zsyscall_windows.go:1310 +0xa7 fp=0xc00096b8d8 sp=0xc00096b848 pc=0x4bfb07
internal/poll.(*FD).Write.func1(0x0?)
	internal/poll/fd_windows.go:696 +0x36 fp=0xc00096b920 sp=0xc00096b8d8 pc=0x4f0136
internal/poll.execIO(0xc00075cae8, 0x12d9070)
	internal/poll/fd_windows.go:161 +0x7b fp=0xc00096b998 sp=0xc00096b920 pc=0x4e737b
internal/poll.(*FD).Write(0xc00075ca08, {0xc000585000, 0x229, 0x1000})
	internal/poll/fd_windows.go:695 +0x34d fp=0xc00096ba50 sp=0xc00096b998 pc=0x4e9a0d
net.(*netFD).Write(0xc00075ca08, {0xc000585000?, 0x8?, 0xc00096bb20?})
	net/fd_posix.go:96 +0x25 fp=0xc00096ba98 sp=0xc00096ba50 pc=0x55c345
net.(*conn).Write(0xc000622328, {0xc000585000?, 0x0?, 0xf36320?})
	net/net.go:206 +0x45 fp=0xc00096bae0 sp=0xc00096ba98 pc=0x571705
net/http.checkConnErrorWriter.Write({0xc000730ac0?}, {0xc000585000?, 0xc00096bb68?, 0x78938e?})
	net/http/server.go:4027 +0x26 fp=0xc00096bb30 sp=0xc00096bae0 pc=0x76f266
bufio.(*Writer).Flush(0xc00011c640)
	bufio/bufio.go:643 +0x55 fp=0xc00096bb78 sp=0xc00096bb30 pc=0x58ac95
net/http.(*response).finishRequest(0xc000730a80)
	net/http/server.go:1718 +0x76 fp=0xc00096bb98 sp=0xc00096bb78 pc=0x767196
net/http.(*conn).serve(0xc000624fc0, {0x13fe5e0, 0xc00064e570})
	net/http/server.go:2108 +0x665 fp=0xc00096bfb8 sp=0xc00096bb98 pc=0x767f45
net/http.(*Server).Serve.gowrap3()
	net/http/server.go:3454 +0x28 fp=0xc00096bfe0 sp=0xc00096bfb8 pc=0x76d7e8
runtime.goexit({})
	runtime/asm_amd64.s:1700 +0x1 fp=0xc00096bfe8 sp=0xc00096bfe0 pc=0x461d81
created by net/http.(*Server).Serve in goroutine 39
	net/http/server.go:3454 +0x485

goroutine 4032 gp=0xc0007c16c0 m=nil [IO wait]:
runtime.gopark(0x0?, 0xc00075ca20?, 0xc8?, 0xca?, 0xc00075cacc?)
	runtime/proc.go:435 +0xce fp=0xc0006a7d58 sp=0xc0006a7d38 pc=0x459ace
runtime.netpollblock(0x410?, 0x3effc6?, 0x0?)
	runtime/netpoll.go:575 +0xf7 fp=0xc0006a7d90 sp=0xc0006a7d58 pc=0x41d377
internal/poll.runtime_pollWait(0x21155db4830, 0x72)
	runtime/netpoll.go:351 +0x85 fp=0xc0006a7db0 sp=0xc0006a7d90 pc=0x458c65
internal/poll.(*pollDesc).wait(0x6e4?, 0xc000614a90?, 0x0)
	internal/poll/fd_poll_runtime.go:84 +0x27 fp=0xc0006a7dd8 sp=0xc0006a7db0 pc=0x4e5fa7
internal/poll.execIO(0xc00075ca20, 0x12d9038)
	internal/poll/fd_windows.go:177 +0x105 fp=0xc0006a7e50 sp=0xc0006a7dd8 pc=0x4e7405
internal/poll.(*FD).Read(0xc00075ca08, {0xc000494c41, 0x1, 0x1})
	internal/poll/fd_windows.go:438 +0x29b fp=0xc0006a7ef0 sp=0xc0006a7e50 pc=0x4e80db
net.(*netFD).Read(0xc00075ca08, {0xc000494c41?, 0xc00062cbd8?, 0xc0006a7f70?})
	net/fd_posix.go:55 +0x25 fp=0xc0006a7f38 sp=0xc0006a7ef0 pc=0x55bb25
net.(*conn).Read(0xc000622328, {0xc000494c41?, 0xc000680540?, 0xc0006b4000?})
	net/net.go:194 +0x45 fp=0xc0006a7f80 sp=0xc0006a7f38 pc=0x571525
net/http.(*connReader).backgroundRead(0xc000494c30)
	net/http/server.go:690 +0x37 fp=0xc0006a7fc8 sp=0xc0006a7f80 pc=0x761dd7
net/http.(*connReader).startBackgroundRead.gowrap2()
	net/http/server.go:686 +0x25 fp=0xc0006a7fe0 sp=0xc0006a7fc8 pc=0x761d05
runtime.goexit({})
	runtime/asm_amd64.s:1700 +0x1 fp=0xc0006a7fe8 sp=0xc0006a7fe0 pc=0x461d81
created by net/http.(*connReader).startBackgroundRead in goroutine 4031
	net/http/server.go:686 +0xb6
Flag --region has been deprecated, ngrok automatically chooses the region with lowest latency
Flag --region has been deprecated, ngrok automatically chooses the region with lowest latency
ERROR:  authentication failed: Your account is limited to 1 simultaneous ngrok agent sessions.
ERROR:  You can run multiple simultaneous tunnels from a single agent session by defining the tunnels in your agent configuration file and starting them with the command `ngrok start --all`.
ERROR:  Read more about the agent configuration file: https://ngrok.com/docs/secure-tunnels/ngrok-agent/reference/config
ERROR:  You can view your current agent sessions in the dashboard:
ERROR:  https://dashboard.ngrok.com/agents
ERROR:  
ERROR:  ERR_NGROK_108
ERROR:  https://ngrok.com/docs/errors/err_ngrok_108
ERROR:  
Flag --region has been deprecated, ngrok automatically chooses the region with lowest latency
ERROR:  authentication failed: Your account is limited to 1 simultaneous ngrok agent sessions.
ERROR:  You can run multiple simultaneous tunnels from a single agent session by defining the tunnels in your agent configuration file and starting them with the command `ngrok start --all`.
ERROR:  Read more about the agent configuration file: https://ngrok.com/docs/secure-tunnels/ngrok-agent/reference/config
ERROR:  You can view your current agent sessions in the dashboard:
ERROR:  https://dashboard.ngrok.com/agents
ERROR:  
ERROR:  ERR_NGROK_108
ERROR:  https://ngrok.com/docs/errors/err_ngrok_108
ERROR:  
Flag --region has been deprecated, ngrok automatically chooses the region with lowest latency
ERROR:  authentication failed: Your account is limited to 1 simultaneous ngrok agent sessions.
ERROR:  You can run multiple simultaneous tunnels from a single agent session by defining the tunnels in your agent configuration file and starting them with the command `ngrok start --all`.
ERROR:  Read more about the agent configuration file: https://ngrok.com/docs/secure-tunnels/ngrok-agent/reference/config
ERROR:  You can view your current agent sessions in the dashboard:
ERROR:  https://dashboard.ngrok.com/agents
ERROR:  
ERROR:  ERR_NGROK_108
ERROR:  https://ngrok.com/docs/errors/err_ngrok_108
ERROR:  
Flag --region has been deprecated, ngrok automatically chooses the region with lowest latency
ERROR:  authentication failed: Your account is limited to 1 simultaneous ngrok agent sessions.
ERROR:  You can run multiple simultaneous tunnels from a single agent session by defining the tunnels in your agent configuration file and starting them with the command `ngrok start --all`.
ERROR:  Read more about the agent configuration file: https://ngrok.com/docs/secure-tunnels/ngrok-agent/reference/config
ERROR:  You can view your current agent sessions in the dashboard:
ERROR:  https://dashboard.ngrok.com/agents
ERROR:  
ERROR:  ERR_NGROK_108
ERROR:  https://ngrok.com/docs/errors/err_ngrok_108
ERROR:  
Flag --region has been deprecated, ngrok automatically chooses the region with lowest latency
ERROR:  authentication failed: Your account is limited to 1 simultaneous ngrok agent sessions.
ERROR:  You can run multiple simultaneous tunnels from a single agent session by defining the tunnels in your agent configuration file and starting them with the command `ngrok start --all`.
ERROR:  Read more about the agent configuration file: https://ngrok.com/docs/secure-tunnels/ngrok-agent/reference/config
ERROR:  You can view your current agent sessions in the dashboard:
ERROR:  https://dashboard.ngrok.com/agents
ERROR:  
ERROR:  ERR_NGROK_108
ERROR:  https://ngrok.com/docs/errors/err_ngrok_108
ERROR:  
Flag --region has been deprecated, ngrok automatically chooses the region with lowest latency
ERROR:  authentication failed: Your account is limited to 1 simultaneous ngrok agent sessions.
ERROR:  You can run multiple simultaneous tunnels from a single agent session by defining the tunnels in your agent configuration file and starting them with the command `ngrok start --all`.
ERROR:  Read more about the agent configuration file: https://ngrok.com/docs/secure-tunnels/ngrok-agent/reference/config
ERROR:  You can view your current agent sessions in the dashboard:
ERROR:  https://dashboard.ngrok.com/agents
ERROR:  
ERROR:  ERR_NGROK_108
ERROR:  https://ngrok.com/docs/errors/err_ngrok_108
ERROR:  
Flag --region has been deprecated, ngrok automatically chooses the region with lowest latency
Flag --region has been deprecated, ngrok automatically chooses the region with lowest latency
ERROR:  authentication failed: Your account is limited to 1 simultaneous ngrok agent sessions.
ERROR:  You can run multiple simultaneous tunnels from a single agent session by defining the tunnels in your agent configuration file and starting them with the command `ngrok start --all`.
ERROR:  Read more about the agent configuration file: https://ngrok.com/docs/secure-tunnels/ngrok-agent/reference/config
ERROR:  You can view your current agent sessions in the dashboard:
ERROR:  https://dashboard.ngrok.com/agents
ERROR:  
ERROR:  ERR_NGROK_108
ERROR:  https://ngrok.com/docs/errors/err_ngrok_108
ERROR:  
Flag --region has been deprecated, ngrok automatically chooses the region with lowest latency
ERROR:  authentication failed: Your account is limited to 1 simultaneous ngrok agent sessions.
ERROR:  You can run multiple simultaneous tunnels from a single agent session by defining the tunnels in your agent configuration file and starting them with the command `ngrok start --all`.
ERROR:  Read more about the agent configuration file: https://ngrok.com/docs/secure-tunnels/ngrok-agent/reference/config
ERROR:  You can view your current agent sessions in the dashboard:
ERROR:  https://dashboard.ngrok.com/agents
EFlag --region has been deprecated, ngrok automatically chooses the region with lowest latency
ERROR:  authentication failed: Your account is limited to 1 simultaneous ngrok agent sessions.Flag --region has been deprecated, ngrok automatically chooses the region with lowest latency
ERROR:  authentication failed: Your account is limited to 1 simultaneous ngrok agent sessions.
ERROR:  You can run multiple simultaneous tunnels from a single agent session by defining the tunnels in your agent configuration file and starting them with the command `ngrok start --all`.
ERROR:  Read more about the agent configuration file: https://ngrok.com/docs/secure-tunnels/ngrok-agent/reference/config
ERROR:  You can view your current agent sessions in the dashboard:
ERROR:  https://dashboard.ngrok.com/agents
ERROR:  
ERROR:  ERR_NGROK_108
ERROR:  https://ngrok.com/docs/errors/err_ngrok_108
ERROR:  
Flag --region has been deprecated, ngrok automatically chooses the region with lowest latency
ERROR:  authentication failed: Your account is limited to 1 simultaneous ngrok agent sessions.
ERROR:  You can run multiple simultaneous tunnels from a single agent session by defining the tunnels in your agent configuration file and starting them with the command `ngrok start --all`.
ERROR:  Read more about the agent configuration file: https://ngrok.com/docs/secure-tunnels/ngrok-agent/reference/config
ERROR:  You can view your current agent sessions in the dashboard:
ERROR:  https://dashboard.ngrok.com/agents
ERROR:  
ERROR:  ERR_NGROK_108
ERROR:  https://ngrok.com/docs/errors/err_ngrok_108
ERROR:  
Flag --region has been deprecated, ngrok automatically chooses the region with lowest latency
ERROR:  authentication failed: Your account is limited to 1 simultaneous ngrok agent sessions.
ERROR:  You can run multiple simultaneous tunnels from a single agent session by defining the tunnels in your agent configuration file and starting them with the command `ngrok start --all`.
ERROR:  Read more about the agent configuration file: https://ngrok.com/docs/secure-tunnels/ngrok-agent/reference/config
ERROR:  You can view your current agent sessions in the dashboard:
ERROR:  https://dashboard.ngrok.com/agents
ERROR:  
ERROR:  ERR_NGROK_108
ERROR:  https://ngrok.com/docs/errors/err_ngrok_108
ERROR:  
Flag --region has been deprecated, ngrok automatically chooses the region with lowest latency
ERROR:  authentication failed: Your account is limited to 1 simultaneous ngrok agent sessions.
ERROR:  You can run multiple simultaneous tunnels from a single agent session by defining the tunnels in your agent configuration file and starting them with the command `ngrok start --all`.
ERROR:  Read more about the agent configuration file: https://ngrok.com/docs/secure-tunnels/ngrok-agent/reference/config
ERROR:  You can view your current agent sessions in the dashboard:
ERROR:  https://dashboard.ngrok.com/agents
ERROR:  
ERROR:  ERR_NGROK_108
ERROR:  https://ngrok.com/docs/errors/err_ngrok_108
ERROR:  
Flag --region has been deprecated, ngrok automatically chooses the region with lowest latency
ERROR:  authentication failed: Your account is limited to 1 simultaneous ngrok agent sessions.
ERROR:  You can run multiple simultaneous tunnels from a single agent session by defining the tunnels in your agent configuration file and starting them with the command `ngrok start --all`.
ERROR:  Read more about the agent configuration file: https://ngrok.com/docs/secure-tunnels/ngrok-agent/reference/config
ERROR:  You can view your current agent sessions in the dashboard:
ERROR:  https://dashboard.ngrok.com/agents
ERROR:  
ERROR:  ERR_NGROK_108
ERROR:  https://ngrok.com/docs/errors/err_ngrok_108
ERROR:  
Flag --region has been deprecated, ngrok automatically chooses the region with lowest latency
ERROR:  authentication failed: Your account is limited to 1 simultaneous ngrok agent sessions.
ERROR:  You can run multiple simultaneous tunnels from a single agent session by defining the tunnels in your agent configuration file and starting them with the command `ngrok start --all`.
ERROR:  Read more about the agent configuration file: https://ngrok.com/docs/secure-tunnels/ngrok-agent/reference/config
ERROR:  You can view your current agent sessions in the dashboard:
ERROR:  https://dashboard.ngrok.com/agents
ERROR:  
ERROR:  ERR_NGROK_108
ERROR:  https://ngrok.com/docs/errors/err_ngrok_108
ERROR:  
Flag --region has been deprecated, ngrok automatically chooses the region with lowest latency
ERROR:  authentication failed: Your account is limited to 1 simultaneous ngrok agent sessions.
ERROR:  You can run multiple simultaneous tunnels from a single agent session by defining the tunnels in your agent configuration file and starting them with the command `ngrok start --all`.
ERROR:  Read more about the agent configuration file: https://ngrok.com/docs/secure-tunnels/ngrok-agent/reference/config
ERROR:  You can view your current agent sessions in the dashboard:
ERROR:  https://dashboard.ngrok.com/agents
ERROR:  
ERROR:  ERR_NGROK_108
ERROR:  https://ngrok.com/docs/errors/err_ngrok_108
ERROR:  
Flag --region has been deprecated, ngrok automatically chooses the region with lowest latency
ERROR:  authentication failed: Your account is limited to 1 simultaneous ngrok agent sessions.
ERROR:  You can run multiple simultaneous tunnels from a single agent session by defining the tunnels in your agent configuration file and starting them with the command `ngrok start --all`.
ERROR:  Read more about the agent configuration file: https://ngrok.com/docs/secure-tunnels/ngrok-agent/reference/config
ERROR:  You can view your current agent sessions in the dashboard:
ERROR:  https://dashboard.ngrok.com/agents
ERROR:  
ERROR:  ERR_NGROK_108
ERROR:  https://ngrok.com/docs/errors/err_ngrok_108
ERROR:  
Flag --region has been deprecated, ngrok automatically chooses the region with lowest latency
ERROR:  authentication failed: Your account is limited to 1 simultaneous ngrok agent sessions.
ERROR:  You can run multiple simultaneous tunnels from a single agent session by defining the tunnels in your agent configuration file and starting them with the command `ngrok start --all`.
ERROR:  Read more about the agent configuration file: https://ngrok.com/docs/secure-tunnels/ngrok-agent/reference/config
ERROR:  You can view your current agent sessions in the dashboard:
ERROR:  https://dashboard.ngrok.com/agents
ERROR:  
ERROR:  ERR_NGROK_108
ERROR:  https://ngrok.com/docs/errors/err_ngrok_108
ERROR:  
fatal error: out of memory allocating heap arena map

runtime stack:
runtime.throw({0x10c908b?ERROR:  authentication failed: Your account is limited to 1 simultaneous ngrok agent sessions.
ERROR:  You can run multiple simultaneous tunnels from a single agent session by defining the tunnels in your agent configuration file and starting them with the command `ngrok start --all`.
ERROR:  Read more about the agent configuration file: https://ngrok.com/docs/secure-tunnels/ngrok-agent/reference/config
ERROR:  You can view your current agent sessions in the dashboard:
ERROR:  https://dashboard.ngrok.com/agents
ERROR:  
ERROR:  ERR_NGROK_108
ERROR:  https://ngrok.com/docs/errors/err_ngrok_108
ERROR:  
85da5?, 0x70?)
	runtime/mheap.go:964 +0x5b fp=0x37509ff840 sp=0x37509ff7f8 pc=0x41027b
runtime.(*mcentral).grow(0x37509ff8a8?)
	runtime/mcentral.go:252 +0x36 fp=0x37509ff870 sp=0x37509ff840 pc=0x3fd916
runtime.(*mcentral).cacheSpan(0x1c33880)
	runtime/mcentral.go:170 +0x42e fp=0x37509ff8e8 sp=0x37509ff870 pc=0x3fd7ae
runtime.(*mcache).refill(0x20723340108, 0x58?)
	runtime/mcache.go:183 +0x153 fp=0x37509ff928 sp=0x37509ff8e8 pc=0x3fcdd3
runtime.(*mcache).nextFree(0x20723340108, 0x20)
	runtime/malloc.go:964 +0x85 fp=0x37509ff960 sp=0x37509ff928 pc=0x3f9225
runtime.mallocgcSmallScanNoHeader(0xe0, 0xed4600, 0x18?)
	runtime/malloc.go:1366 +0x159 fp=0x37509ff9c0 sp=0x37509ff960 pc=0x3f9af9
runtime.mallocgc(0xe0, 0xed4600, 0x1)
	runtime/malloc.go:1058 +0x99 fp=0x37509ff9f0 sp=0x37509ff9c0 pc=0x457279
runtime.newobject(0x37509ffa50?)
	runtime/malloc.go:1714 +0x25 fp=0x37509ffa18 sp=0x37509ff9f0 pc=0x3fa665
internal/cpu.doinit()
	internal/cpu/cpu_x86.go:52 +0x1e fp=0x37509ffa78 sp=0x37509ffa18 pc=0x3e4f3e
internal/cpu.Initialize({0x0, 0x0})
	internal/cpu/cpu.go:153 +0x1d fp=0x37509ffa98 sp=0x37509ffa78 pc=0x3e499d
runtime.cpuinit(...)
	runtime/proc.go:738
runtime.schedinit()
	runtime/proc.go:838 +0xe5 fp=0x37509ffaf0 sp=0x37509ffa98 pc=0x427565
runtime.rt0_go()
	runtime/asm_amd64.s:349 +0x13c fp=0x37509ffaf8 sp=0x37509ffaf0 pc=0x45fc3c
arkWorker(0xc000044bd0)
	runtime/mgc.go:1560 +0x345 fp=0xc000431fc8 sp=0xc000431f38 pc=0x403825
runtime.gcBgMarkStartWorkers.gowrap1()
	runtime/mgc.go:1339 +0x25 fp=0xc000431fe0 sp=0xc000431fc8 pc=0x4034a5
runtime.goexit({})
	runtime/asm_amd64.s:1700 +0x1 fp=0xc000431fe8 sp=0xc000431fe0 pc=0x461d81
created by runtime.gcBgMarkStartWorkers in goroutine 1
	runtime/mgc.go:1339 +0x105

goroutine 1 gp=0xc0000021c0 m=nil [runnable]:
runtime.gcTrigger.test({0x0?, 0x0?, 0x0?})
	runtime/mgc.go:602 +0xdc fp=0xc00048f880 sp=0xc00048f878 pc=0x40147c
runtime.mallocgcSmallNoscan(0x28?, 0xfacb20?, 0x68?)
	runtime/malloc.go:1333 +0x28f fp=0xc00048f8d8 sp=0xc00048f880 pc=0x3f990f
runtime.mallocgc(0x1000, 0xeadce0, 0x1)
	runtime/malloc.go:1055 +0xb9 fp=0xc00048f908 sp=0xc00048f8d8 pc=0x457299
runtime.makeslice(0x141ff70?, 0x13ea1c8?, 0xc00048fa10?)
	runtime/slice.go:116 +0x49 fp=0xc00048f930 sp=0xc00048f908 pc=0x45b6c9
bufio.NewWriterSize(...)
	bufio/bufio.go:600
bufio.NewWriter(...)
	bufio/bufio.go:609
encoding/csv.NewWriter(...)
	encoding/csv/writer.go:42
github.com/spf13/pflag.(*stringToStringValue).String(0xc000504bf0)
	github.com/spf13/pflag@v1.0.5/string_to_string.go:71 +0x1e5 fp=0xc00048fa88 sp=0xc00048f930 pc=0x5a7045
github.com/spf13/pflag.(*FlagSet).VarPF(0xc000541000, {0x13fbd80, 0xc000504bf0}, {0x1099d05, 0xa}, {0x0, 0x0}, {0x10f6cc4, 0x251})
	github.com/spf13/pflag@v1.0.5/flag.go:829 +0x48 fp=0xc00048fac0 sp=0xc00048fa88 pc=0x596cc8
github.com/spf13/pflag.(*FlagSet).VarP(...)
	github.com/spf13/pflag@v1.0.5/flag.go:837
github.com/spf13/pflag.(*FlagSet).StringToStringVar(0xc000541000, 0xc00054c040, {0x1099d05, 0xa}, 0x0, {0x10f6cc4, 0x251})
	github.com/spf13/pflag@v1.0.5/string_to_string.go:114 +0xc6 fp=0xc00048fb18 sp=0xc00048fac0 pc=0x5a7726
go.ngrok.com/cmd/ngrok/cli/gen_documented_only.(*App).cmdSSHUserCertificatesCreate(0xc00007c530)
	go.ngrok.com/cmd/ngrok/cli/gen_documented_only/ssh_user_certificates.go:42 +0x1e5 fp=0xc00048fb98 sp=0xc00048fb18 pc=0xd71645
go.ngrok.com/cmd/ngrok/cli/gen_documented_only.(*App).SSHUserCertificates(0xc00007c530)
	go.ngrok.com/cmd/ngrok/cli/gen_documented_only/ssh_user_certificates.go:21 +0x75 fp=0xc00048fc28 sp=0xc00048fb98 pc=0xd70ff5
go.ngrok.com/cmd/ngrok/cli/gen_documented_only.(*App).Commands(0xc00007c530)
	go.ngrok.com/cmd/ngrok/cli/gen_documented_only/cli_root.go:97 +0x1e5 fp=0xc00048fd30 sp=0xc00048fc28 pc=0xd41285
go.ngrok.com/cmd/ngrok/cli.(*Commands).api(0xc0002c5e00)
	go.ngrok.com/cmd/ngrok/cli/root.go:236 +0x165 fp=0xc00048fd98 sp=0xc00048fd30 pc=0xd9b525
go.ngrok.com/cmd/ngrok/cli.(*Commands).Root(0xc0002c5e00)
	go.ngrok.com/cmd/ngrok/cli/root.go:136 +0x67e fp=0xc00048fe98 sp=0xc00048fd98 pc=0xd9ac3e
go.ngrok.com/cmd/ngrok/cli.Run({0x140ef48, 0xc0002ce388}, {0x1408728, 0xc0000c7760})
	go.ngrok.com/cmd/ngrok/cli/root.go:28 +0xe7 fp=0xc00048fed0 sp=0xc00048fe98 pc=0xd9a007
main.main()
	go.ngrok.com/cmd/ngrok/main.go:25 +0x173 fp=0xc00048ff50 sp=0xc00048fed0 pc=0xda2853
runtime.main()
	runtime/proc.go:283 +0x27d fp=0xc00048ffe0 sp=0xc00048ff50 pc=0x4266fd
runtime.goexit({})
	runtime/asm_amd64.s:1700 +0x1 fp=0xc00048ffe8 sp=0xc00048ffe0 pc=0x461d81

goroutine 2 gp=0xc0000028c0 m=nil [force gc (idle)]:
runtime.gopark(0x0?, 0x0?, 0x0?, 0x0?, 0x0?)
	runtime/proc.go:435 +0xce fp=0xc000081fa8 sp=0xc000081f88 pc=0x459ace
runtime.goparkunlock(...)
	runtime/proc.go:441
runtime.forcegchelper()
	runtime/proc.go:348 +0xb8 fp=0xc000081fe0 sp=0xc000081fa8 pc=0x426a18
runtime.goexit({})
	runtime/asm_amd64.s:1700 +0x1 fp=0xc000081fe8 sp=0xc000081fe0 pc=0x461d81
created by runtime.init.7 in goroutine 1
	runtime/proc.go:336 +0x1a

goroutine 3 gp=0xc000002c40 m=nil [runnable]:
runtime.gopark(0x0?, 0x0?, 0x0?, 0x0?, 0x0?)
	runtime/proc.go:435 +0xce fp=0xc000083f80 sp=0xc000083f60 pc=0x459ace
runtime.goparkunlock(...)
	runtime/proc.go:441
runtime.bgsweep(0xc00003c080)
	runtime/mgcsweep.go:276 +0x94 fp=0xc000083fc8 sp=0xc000083f80 pc=0x40cc94
runtime.gcenable.gowrap1()
	runtime/mgc.go:204 +0x25 fp=0xc000083fe0 sp=0xc000083fc8 pc=0x4010a5
runtime.goexit({})
	runtime/asm_amd64.s:1700 +0x1 fp=0xc000083fe8 sp=0xc000083fe0 pc=0x461d81
created by runtime.gcenable in goroutine 1
	runtime/mgc.go:204 +0x66

goroutine 4 gp=0xc000002e00 m=nil [GC scavenge wait]:
runtime.gopark(0x10000?, 0x13ea020?, 0x0?, 0x0?, 0x0?)
	runtime/proc.go:435 +0xce fp=0xc000091f78 sp=0xc000091f58 pc=0x459ace
runtime.goparkunlock(...)
	runtime/proc.go:441
runtime.(*scavengerState).park(0x1c16a40)
	runtime/mgcscavenge.go:425 +0x49 fp=0xc000091fa8 sp=0xc000091f78 pc=0x40a729
runtime.bgscavenge(0xc00003c080)
	runtime/mgcscavenge.go:658 +0x59 fp=0xc000091fc8 sp=0xc000091fa8 pc=0x40acb9
runtime.gcenable.gowrap2()
	runtime/mgc.go:205 +0x25 fp=0xc000091fe0 sp=0xc000091fc8 pc=0x401045
runtime.goexit({})
	runtime/asm_amd64.s:1700 +0x1 fp=0xc000091fe8 sp=0xc000091fe0 pc=0x461d81
created by runtime.gcenable in goroutine 1
	runtime/mgc.go:205 +0xa5

goroutine 5 gp=0xc000003180 m=nil [select]:
runtime.gopark(0xc000093fa8?, 0x2?, 0x38?, 0xa?, 0xc000093f84?)
	runtime/proc.go:435 +0xce fp=0xc000093e10 sp=0xc000093df0 pc=0x459ace
runtime.selectgo(0xc000093fa8, 0xc000093f80, 0x0?, 0x0, 0x0?, 0x1)
	runtime/select.go:351 +0x837 fp=0xc000093f48 sp=0xc000093e10 pc=0x438c77
github.com/desertbit/timer.timerRoutine()
	github.com/desertbit/timer@v0.0.0-20180107155436-c41aec40b27f/timers.go:119 +0x9e fp=0xc000093fe0 sp=0xc000093f48 pc=0xbf41fe
runtime.goexit({})
	runtime/asm_amd64.s:1700 +0x1 fp=0xc000093fe8 sp=0xc000093fe0 pc=0x461d81
created by github.com/desertbit/timer.init.0 in goroutine 1
	github.com/desertbit/timer@v0.0.0-20180107155436-c41aec40b27f/timers.go:15 +0x1a

goroutine 6 gp=0xc000003340 m=nil [finalizer wait]:
runtime.gopark(0x0?, 0x0?, 0x0?, 0x0?, 0x0?)
	runtime/proc.go:435 +0xce fp=0xc00008de30 sp=0xc00008de10 pc=0x459ace
runtime.runfinq()
	runtime/mfinal.go:196 +0x107 fp=0xc00008dfe0 sp=0xc00008de30 pc=0x4000a7
runtime.goexit({})
	runtime/asm_amd64.s:1700 +0x1 fp=0xc00008dfe8 sp=0xc00008dfe0 pc=0x461d81
created by runtime.createfing in goroutine 1
	runtime/mfinal.go:166 +0x3d

goroutine 7 gp=0xc000265500 m=nil [chan receive]:
runtime.gopark(0xc0002a2e60?, 0xc000180510?, 0x60?, 0x5f?, 0x53f608?)
	runtime/proc.go:435 +0xce fp=0xc000085f18 sp=0xc000085ef8 pc=0x459ace
runtime.chanrecv(0xc000044a80, 0x0, 0x1)
	runtime/chan.go:664 +0x445 fp=0xc000085f90 sp=0xc000085f18 pc=0x3f2125
runtime.chanrecv1(0x426860?, 0xc000085f76?)
	runtime/chan.go:506 +0x12 fp=0xc000085fb8 sp=0xc000085f90 pc=0x3f1cb2
runtime.unique_runtime_registerUniqueMapCleanup.func2(...)
	runtime/mgc.go:1797
runtime.unique_runtime_registerUniqueMapCleanup.gowrap1()
	runtime/mgc.go:1800 +0x2f fp=0xc000085fe0 sp=0xc000085fb8 pc=0x4042cf
runtime.goexit({})
	runtime/asm_amd64.s:1700 +0x1 fp=0xc000085fe8 sp=0xc000085fe0 pc=0x461d81
created by unique.runtime_registerUniqueMapCleanup in goroutine 1
	runtime/mgc.go:1795 +0x85

goroutine 8 gp=0xc000265a40 m=nil [GC worker (idle)]:
runtime.gopark(0x0?, 0x0?, 0x0?, 0x0?, 0x0?)
	runtime/proc.go:435 +0xce fp=0xc00008ff38 sp=0xc00008ff18 pc=0x459ace
runtime.gcBgMarkWorker(0xc000044bd0)
	runtime/mgc.go:1423 +0xe9 fp=0xc00008ffc8 sp=0xc00008ff38 pc=0x4035c9
runtime.gcBgMarkStartWorkers.gowrap1()
	runtime/mgc.go:1339 +0x25 fp=0xc00008ffe0 sp=0xc00008ffc8 pc=0x4034a5
runtime.goexit({})
	runtime/asm_amd64.s:1700 +0x1 fp=0xc00008ffe8 sp=0xc00008ffe0 pc=0x461d81
created by runtime.gcBgMarkStartWorkers in goroutine 1
	runtime/mgc.go:1339 +0x105

goroutine 9 gp=0xc000265c00 m=nil [GC worker (idle)]:
runtime.gopark(0x0?, 0x0?, 0x0?, 0x0?, 0x0?)
	runtime/proc.go:435 +0xce fp=0xc00041ff38 sp=0xc00041ff18 pc=0x459ace
runtime.gcBgMarkWorker(0xc000044bd0)
	runtime/mgc.go:1423 +0xe9 fp=0xc00041ffc8 sp=0xc00041ff38 pc=0x4035c9
runtime.gcBgMarkStartWorkers.gowrap1()
	runtime/mgc.go:1339 +0x25 fp=0xc00041ffe0 sp=0xc00041ffc8 pc=0x4034a5
runtime.goexit({})
	runtime/asm_amd64.s:1700 +0x1 fp=0xc00041ffe8 sp=0xc00041ffe0 pc=0x461d81
created by runtime.gcBgMarkStartWorkers in goroutine 1
	runtime/mgc.go:1339 +0x105

goroutine 10 gp=0xc000265dc0 m=nil [GC worker (idle)]:
runtime.gopark(0x0?, 0x0?, 0x0?, 0x0?, 0x0?)
	runtime/proc.go:435 +0xce fp=0xc000421f38 sp=0xc000421f18 pc=0x459ace
runtime.gcBgMarkWorker(0xc000044bd0)
	runtime/mgc.go:1423 +0xe9 fp=0xc000421fc8 sp=0xc000421f38 pc=0x4035c9
runtime.gcBgMarkStartWorkers.gowrap1()
	runtime/mgc.go:1339 +0x25 fp=0xc000421fe0 sp=0xc000421fc8 pc=0x4034a5
runtime.goexit({})
	runtime/asm_amd64.s:1700 +0x1 fp=0xc000421fe8 sp=0xc000421fe0 pc=0x461d81
created by runtime.gcBgMarkStartWorkers in goroutine 1
	runtime/mgc.go:1339 +0x105

goroutine 11 gp=0xc000422000 m=nil [GC worker (idle)]:
runtime.gopark(0x0?, 0x0?, 0x0?, 0x0?, 0x0?)
	runtime/proc.go:435 +0xce fp=0xc00041bf38 sp=0xc00041bf18 pc=0x459ace
runtime.gcBgMarkWorker(0xc000044bd0)
	runtime/mgc.go:1423 +0xe9 fp=0xc00041bfc8 sp=0xc00041bf38 pc=0x4035c9
runtime.gcBgMarkStartWorkers.gowrap1()
	runtime/mgc.go:1339 +0x25 fp=0xc00041bfe0 sp=0xc00041bfc8 pc=0x4034a5
runtime.goexit({})
	runtime/asm_amd64.s:1700 +0x1 fp=0xc00041bfe8 sp=0xc00041bfe0 pc=0x461d81
created by runtime.gcBgMarkStartWorkers in goroutine 1
	runtime/mgc.go:1339 +0x105

goroutine 12 gp=0xc0004221c0 m=nil [GC worker (idle)]:
runtime.gopark(0x0?, 0x0?, 0x0?, 0x0?, 0x0?)
	runtime/proc.go:435 +0xce fp=0xc00041df38 sp=0xc00041df18 pc=0x459ace
runtime.gcBgMarkWorker(0xc000044bd0)
	runtime/mgc.go:1423 +0xe9 fp=0xc00041dfc8 sp=0xc00041df38 pc=0x4035c9
runtime.gcBgMarkStartWorkers.gowrap1()
	runtime/mgc.go:1339 +0x25 fp=0xc00041dfe0 sp=0xc00041dfc8 pc=0x4034a5
runtime.goexit({})
	runtime/asm_amd64.s:1700 +0x1 fp=0xc00041dfe8 sp=0xc00041dfe0 pc=0x461d81
created by runtime.gcBgMarkStartWorkers in goroutine 1
	runtime/mgc.go:1339 +0x105

goroutine 13 gp=0xc000422380 m=nil [GC worker (idle)]:
runtime.gopark(0x0?, 0x0?, 0x0?, 0x0?, 0x0?)
	runtime/proc.go:435 +0xce fp=0xc000429f38 sp=0xc000429f18 pc=0x459ace
runtime.gcBgMarkWorker(0xc000044bd0)
	runtime/mgc.go:1423 +0xe9 fp=0xc000429fc8 sp=0xc000429f38 pc=0x4035c9
runtime.gcBgMarkStartWorkers.gowrap1()
	runtime/mgc.go:1339 +0x25 fp=0xc000429fe0 sp=0xc000429fc8 pc=0x4034a5
runtime.goexit({})
	runtime/asm_amd64.s:1700 +0x1 fp=0xc000429fe8 sp=0xc000429fe0 pc=0x461d81
created by runtime.gcBgMarkStartWorkers in goroutine 1
	runtime/mgc.go:1339 +0x105

goroutine 14 gp=0xc000422540 m=nil [GC worker (idle)]:
runtime.gopark(0x0?, 0x0?, 0x0?, 0x0?, 0x0?)
	runtime/proc.go:435 +0xce fp=0xc00042bf38 sp=0xc00042bf18 pc=0x459ace
runtime.gcBgMarkWorker(0xc000044bd0)
	runtime/mgc.go:1423 +0xe9 fp=0xc00042bfc8 sp=0xc00042bf38 pc=0x4035c9
runtime.gcBgMarkStartWorkers.gowrap1()
	runtime/mgc.go:1339 +0x25 fp=0xc00042bfe0 sp=0xc00042bfc8 pc=0x4034a5
runtime.goexit({})
	runtime/asm_amd64.s:1700 +0x1 fp=0xc00042bfe8 sp=0xc00042bfe0 pc=0x461d81
created by runtime.gcBgMarkStartWorkers in goroutine 1
	runtime/mgc.go:1339 +0x105

goroutine 15 gp=0xc000422700 m=nil [GC worker (idle)]:
runtime.gopark(0x0?, 0x0?, 0x0?, 0x0?, 0x0?)
	runtime/proc.go:435 +0xce fp=0xc000425f38 sp=0xc000425f18 pc=0x459ace
runtime.gcBgMarkWorker(0xc000044bd0)
	runtime/mgc.go:1423 +0xe9 fp=0xc000425fc8 sp=0xc000425f38 pc=0x4035c9
runtime.gcBgMarkStartWorkers.gowrap1()
	runtime/mgc.go:1339 +0x25 fp=0xc000425fe0 sp=0xc000425fc8 pc=0x4034a5
runtime.goexit({})
	runtime/asm_amd64.s:1700 +0x1 fp=0xc000425fe8 sp=0xc000425fe0 pc=0x461d81
created by runtime.gcBgMarkStartWorkers in goroutine 1
	runtime/mgc.go:1339 +0x105

goroutine 16 gp=0xc0004228c0 m=nil [GC worker (idle)]:
runtime.gopark(0x0?, 0x0?, 0x0?, 0x0?, 0x0?)
	runtime/proc.go:435 +0xce fp=0xc000427f38 sp=0xc000427f18 pc=0x459ace
runtime.gcBgMarkWorker(0xc000044bd0)
	runtime/mgc.go:1423 +0xe9 fp=0xc000427fc8 sp=0xc000427f38 pc=0x4035c9
runtime.gcBgMarkStartWorkers.gowrap1()
	runtime/mgc.go:1339 +0x25 fp=0xc000427fe0 sp=0xc000427fc8 pc=0x4034a5
runtime.goexit({})
	runtime/asm_amd64.s:1700 +0x1 fp=0xc000427fe8 sp=0xc000427fe0 pc=0x461d81
created by runtime.gcBgMarkStartWorkers in goroutine 1
	runtime/mgc.go:1339 +0x105

goroutine 19 gp=0xc000422c40 m=nil [GC worker (idle)]:
runtime.gopark(0xf4d36f591a4?, 0x0?, 0x0?, 0x0?, 0x0?)
	runtime/proc.go:435 +0xce fp=0xc000433f38 sp=0xc000433f18 pc=0x459ace
runtime.gcBgMarkWorker(0xc000044bd0)
	runtime/mgc.go:1423 +0xe9 fp=0xc000433fc8 sp=0xc000433f38 pc=0x4035c9
runtime.gcBgMarkStartWorkers.gowrap1()
	runtime/mgc.go:1339 +0x25 fp=0xc000433fe0 sp=0xc000433fc8 pc=0x4034a5
runtime.goexit({})
	runtime/asm_amd64.s:1700 +0x1 fp=0xc000433fe8 sp=0xc000433fe0 pc=0x461d81
created by runtime.gcBgMarkStartWorkers in goroutine 1
	runtime/mgc.go:1339 +0x105

goroutine 20 gp=0xc000422e00 m=nil [GC worker (idle)]:
runtime.gopark(0x1c61700?, 0x1?, 0xc0?, 0x1c?, 0x0?)
	runtime/proc.go:435 +0xce fp=0xc00042df38 sp=0xc00042df18 pc=0x459ace
runtime.gcBgMarkWorker(0xc000044bd0)
	runtime/mgc.go:1423 +0xe9 fp=0xc00042dfc8 sp=0xc00042df38 pc=0x4035c9
runtime.gcBgMarkStartWorkers.gowrap1()
	runtime/mgc.go:1339 +0x25 fp=0xc00042dfe0 sp=0xc00042dfc8 pc=0x4034a5
runtime.goexit({})
	runtime/asm_amd64.s:1700 +0x1 fp=0xc00042dfe8 sp=0xc00042dfe0 pc=0x461d81
created by runtime.gcBgMarkStartWorkers in goroutine 1
	runtime/mgc.go:1339 +0x105
Flag --region has been deprecated, ngrok automatically chooses the region with lowest latency
ERROR:  authentication failed: Your account is limited to 1 simultaneous ngrok agent sessions.
ERROR:  You can run multiple simultaneous tunnels from a single agent session by defining the tunnels in your agent configuration file and starting them with the command `ngrok start --all`.
ERROR:  Read more about the agent configuration file: https://ngrok.com/docs/secure-tunnels/ngrok-agent/reference/config
ERROR:  You can view your current agent sessions in the dashboard:
ERROR:  https://dashboard.ngrok.com/agents
ERROR:  
ERROR:  ERR_NGROK_108
ERROR:  https://ngrok.com/docs/errors/err_ngrok_108
ERROR:  
fatal error: out of memory allocating heap arena map

runtime stack:
runtime.throw({0x10c908b?, 0x0?})
	runtime/panic.go:1101 +0x4d fp=0x1da5bff4d0 sp=0x1da5bff4a0 pc=0x4599ad
runtime.(*mheap).sysAlloc(0x1c21c00, 0x0?, 0x1c32000, 0x1)
	runtime/malloc.go:770 +0x3e9 fp=0x1da5bff588 sp=0x1da5bff4d0 pc=0x3f8be9
runtime.(*mheap).grow(0x1c21c00, 0x3afbff00002000?)
	runtime/mheap.go:1499 +0x76 fp=0x1da5bff608 sp=0x1da5bff588 pc=0x411056
runtime.(*mheap).allocSpan(0x1c21c00, 0x1, 0x0, 0x20)
	runtime/mheap.go:1252 +0x1ad fp=0x1da5bff6b0 sp=0x1da5bff608 pc=0x41086d
runtime.(*mheap).alloc.func1()
	runtime/mheap.go:970 +0x5c fp=0x1da5bff6f8 sp=0x1da5bff6b0 pc=0x41031c
runtime.(*mheap).alloc(0x10000?, 0x7ffe2d085da5?, 0x70?)
	runtime/mheap.go:964 +0x5b fp=0x1da5bff740 sp=0x1da5bff6f8 pc=0x41027b
runtime.(*mcentral).grow(0x1da5bff7a8?)
	runtime/mcentral.go:252 +0x36 fp=0x1da5bff770 sp=0x1da5bff740 pc=0x3fd916
runtime.(*mcentral).cacheSpan(0x1c33880)
	runtime/mcentral.go:170 +0x42e fp=0x1da5bff7e8 sp=0x1da5bff770 pc=0x3fd7ae
runtime.(*mcache).refill(0x1ad4d170108, 0x58?)
	runtime/mcache.go:183 +0x153 fp=0x1da5bff828 sp=0x1da5bff7e8 pc=0x3fcdd3
runtime.(*mcache).nextFree(0x1ad4d170108, 0x20)
	runtime/malloc.go:964 +0x85 fp=0x1da5bff860 sp=0x1da5bff828 pc=0x3f9225
runtime.mallocgcSmallScanNoHeader(0xe0, 0xed4600, 0x18?)
	runtime/malloc.go:1366 +0x159 fp=0x1da5bff8c0 sp=0x1da5bff860 pc=0x3f9af9
runtime.mallocgc(0xe0, 0xed4600, 0x1)
	runtime/malloc.go:1058 +0x99 fp=0x1da5bff8f0 sp=0x1da5bff8c0 pc=0x457279
runtime.newobject(0x1da5bff950?)
	runtime/malloc.go:1714 +0x25 fp=0x1da5bff918 sp=0x1da5bff8f0 pc=0x3fa665
internal/cpu.doinit()
	internal/cpu/cpu_x86.go:52 +0x1e fp=0x1da5bff978 sp=0x1da5bff918 pc=0x3e4f3e
internal/cpu.Initialize({0x0, 0x0})
	internal/cpu/cpu.go:153 +0x1d fp=0x1da5bff998 sp=0x1da5bff978 pc=0x3e499d
runtime.cpuinit(...)
	runtime/proc.go:738
runtime.schedinit()
	runtime/proc.go:838 +0xe5 fp=0x1da5bff9f0 sp=0x1da5bff998 pc=0x427565
runtime.rt0_go()
	runtime/asm_amd64.s:349 +0x13c fp=0x1da5bff9f8 sp=0x1da5bff9f0 pc=0x45fc3c
Flag --region has been deprecated, ngrok automatically chooses the region with lowest latency
Flag --region has been deprecated, ngrok automatically chooses the region with lowest latency
ERROR:  authentication failed: Your account is limited to 1 simultaneous ngrok agent sessions.
ERROR:  You can run multiple simultaneous tunnels from a single agent session by defining the tunnels in your agent configuration file and starting them with the command `ngrok start --all`.
ERROR:  Read more about the agent configuration file: https://ngrok.com/docs/secure-tunnels/ngrok-agent/reference/config
ERROR:  You can view your current agent sessions in the dashboard:
ERROR:  https://dashboard.ngrok.com/agents
ERROR:  
ERROR:  ERR_NGROK_108
ERROR:  https://ngrok.com/docs/errors/err_ngrok_108
ERROR:  
Flag --region has been deprecated, ngrok automatically chooses the region with lowest latency
Flag --region has been deprecated, ngrok automatically chooses the region with lowest latency
Flag --region has been deprecated, ngrok automatically chooses the region with lowest latency
Flag --region has been deprecated, ngrok automatically chooses the region with lowest latency
Flag --region has been deprecated, ngrok automatically chooses the region with lowest latency
Flag --region has been deprecated, ngrok automatically chooses the region with lowest latency
Flag --region has been deprecated, ngrok automatically chooses the region with lowest latency
ERROR:  authentication failed: Your account is limited to 1 simultaneous ngrok agent sessions.
ERROR:  Run multiple endpoints at the same time from a single agent by defining them in your agent configuration file and running `ngrok start --all`.
ERROR:  Read more about the agent configuration file: https://ngrok.com/docs/agent/config/ 
ERROR:  You can view your current agent sessions in the dashboard: https://dashboard.ngrok.com/agents. Upgrade to a paid plan to remove this limit:
ERROR:  https://dashboard.ngrok.com/billing/choose-a-plan
ERROR:  
ERROR:  ERR_NGROK_108
ERROR:  https://ngrok.com/docs/errors/err_ngrok_108
ERROR:  
Flag --region has been deprecated, ngrok automatically chooses the region with lowest latency
Flag --region has been deprecated, ngrok automatically chooses the region with lowest latency
Flag --region has been deprecated, ngrok automatically chooses the region with lowest latency
ERROR:  authentication failed: Your account is limited to 1 simultaneous ngrok agent sessions.
ERROR:  Run multiple endpoints at the same time from a single agent by defining them in your agent configuration file and running `ngrok start --all`.
ERROR:  Read more about the agent configuration file: https://ngrok.com/docs/agent/config/ 
ERROR:  You can view your current agent sessions in the dashboard: https://dashboard.ngrok.com/agents. Upgrade to a paid plan to remove this limit:
ERROR:  https://dashboard.ngrok.com/billing/choose-a-plan
ERROR:  
ERROR:  ERR_NGROK_108
ERROR:  https://ngrok.com/docs/errors/err_ngrok_108
ERROR:  
Flag --region has been deprecated, ngrok automatically chooses the region with lowest latency
ERROR:  authentication failed: Your account is limited to 1 simultaneous ngrok agent sessions.
ERROR:  Run multiple endpoints at the same time from a single agent by defining them in your agent configuration file and running `ngrok start --all`.
ERROR:  Read more about the agent configuration file: https://ngrok.com/docs/agent/config/ 
ERROR:  You can view your current agent sessions in the dashboard: https://dashboard.ngrok.com/agents. Upgrade to a paid plan to remove this limit:
ERROR:  https://dashboard.ngrok.com/billing/choose-a-plan
ERROR:  
ERROR:  ERR_NGROK_108
ERROR:  https://ngrok.com/docs/errors/err_ngrok_108
ERROR:  
Flag --region has been deprecated, ngrok automatically chooses the region with lowest latency
ERROR:  authentication failed: Your account is limited to 1 simultaneous ngrok agent sessions.
ERROR:  Run multiple endpoints at the same time from a single agent by defining them in your agent configuration file and running `ngrok start --all`.
ERROR:  Read more about the agent configuration file: https://ngrok.com/docs/agent/config/ 
ERROR:  You can view your current agent sessions in the dashboard: https://dashboard.ngrok.com/agents. Upgrade to a paid plan to remove this limit:
ERROR:  https://dashboard.ngrok.com/billing/choose-a-plan
ERROR:  
ERROR:  ERR_NGROK_108
ERROR:  https://ngrok.com/docs/errors/err_ngrok_108
ERROR:  
Flag --region has been deprecated, ngrok automatically chooses the region with lowest latency
Flag --region has been deprecated, ngrok automatically chooses the region with lowest latency
ERROR:  authentication failed: Your account is limited to 1 simultaneous ngrok agent sessions.
ERROR:  Run multiple endpoints at the same time from a single agent by defining them in your agent configuration file and running `ngrok start --all`.
ERROR:  Read more about the agent configuration file: https://ngrok.com/docs/agent/config/ 
ERROR:  You can view your current agent sessions in the dashboard: https://dashboard.ngrok.com/agents. Upgrade to a paid plan to remove this limit:
ERROR:  https://dashboard.ngrok.com/billing/choose-a-plan
ERROR:  
ERROR:  ERR_NGROK_108
ERROR:  https://ngrok.com/docs/errors/err_ngrok_108
ERROR:  
Flag --region has been deprecated, ngrok automatically chooses the region with lowest latency
ERROR:  authentication failed: Your account is limited to 1 simultaneous ngrok agent sessions.
ERROR:  Run multiple endpoints at the same time from a single agent by defining them in your agent configuration file and running `ngrok start --all`.
ERROR:  Read more about the agent configuration file: https://ngrok.com/docs/agent/config/ 
ERROR:  You can view your current agent sessions in the dashboard: https://dashboard.ngrok.com/agents. Upgrade to a paid plan to remove this limit:
ERROR:  https://dashboard.ngrok.com/billing/choose-a-plan
ERROR:  
ERROR:  ERR_NGROK_108
ERROR:  https://ngrok.com/docs/errors/err_ngrok_108
ERROR:  
Flag --region has been deprecated, ngrok automatically chooses the region with lowest latency
Flag --region has been deprecated, ngrok automatically chooses the region with lowest latency
Flag --region has been deprecated, ngrok automatically chooses the region with lowest latency
Flag --region has been deprecated, ngrok automatically chooses the region with lowest latency
ERROR:  authentication failed: Your account is limited to 1 simultaneous ngrok agent sessions.
ERROR:  Run multiple endpoints at the same time from a single agent by defining them in your agent configuration file and running `ngrok start --all`.
ERROR:  Read more about the agent configuration file: https://ngrok.com/docs/agent/config/ 
ERROR:  You can view your current agent sessions in the dashboard: https://dashboard.ngrok.com/agents. Upgrade to a paid plan to remove this limit:
ERROR:  https://dashboard.ngrok.com/billing/choose-a-plan
ERROR:  
ERROR:  ERR_NGROK_108
ERROR:  https://ngrok.com/docs/errors/err_ngrok_108
ERROR:  
Flag --region has been deprecated, ngrok automatically chooses the region with lowest latency
Flag --region has been deprecated, ngrok automatically chooses the region with lowest latency
ERROR:  authentication failed: Your account is limited to 1 simultaneous ngrok agent sessions.
ERROR:  Run multiple endpoints at the same time from a single agent by defining them in your agent configuration file and running `ngrok start --all`.
ERROR:  Read more about the agent configuration file: https://ngrok.com/docs/agent/config/ 
ERROR:  You can view your current agent sessions in the dashboard: https://dashboard.ngrok.com/agents. Upgrade to a paid plan to remove this limit:
ERROR:  https://dashboard.ngrok.com/billing/choose-a-plan
ERROR:  
ERROR:  ERR_NGROK_108
ERROR:  https://ngrok.com/docs/errors/err_ngrok_108
ERROR:  
Flag --region has been deprecated, ngrok automatically chooses the region with lowest latency
Flag --region has been deprecated, ngrok automatically chooses the region with lowest latency
Flag --region has been deprecated, ngrok automatically chooses the region with lowest latency
ERROR:  authentication failed: Your account is limited to 1 simultaneous ngrok agent sessions.
ERROR:  Run multiple endpoints at the same time from a single agent by defining them in your agent configuration file and running `ngrok start --all`.
ERROR:  Read more about the agent configuration file: https://ngrok.com/docs/agent/config/ 
ERROR:  You can view your current agent sessions in the dashboard: https://dashboard.ngrok.com/agents. Upgrade to a paid plan to remove this limit:
ERROR:  https://dashboard.ngrok.com/billing/choose-a-plan
ERROR:  
ERROR:  ERR_NGROK_108
ERROR:  https://ngrok.com/docs/errors/err_ngrok_108
ERROR:  
Flag --region has been deprecated, ngrok automatically chooses the region with lowest latency
ERROR:  authentication failed: Your account is limited to 1 simultaneous ngrok agent sessions.
ERROR:  Run multiple endpoints at the same time from a single agent by defining them in your agent configuration file and running `ngrok start --all`.
ERROR:  Read more about the agent configuration file: https://ngrok.com/docs/agent/config/ 
ERROR:  You can view your current agent sessions in the dashboard: https://dashboard.ngrok.com/agents. Upgrade to a paid plan to remove this limit:
ERROR:  https://dashboard.ngrok.com/billing/choose-a-plan
ERROR:  
ERROR:  ERR_NGROK_108
ERROR:  https://ngrok.com/docs/errors/err_ngrok_108
ERROR:  
Flag --region has been deprecated, ngrok automatically chooses the region with lowest latency
Flag --region has been deprecated, ngrok automatically chooses the region with lowest latency
Flag --region has been deprecated, ngrok automatically chooses the region with lowest latency
Flag --region has been deprecated, ngrok automatically chooses the region with lowest latency
ERROR:  authentication failed: Your account is limited to 1 simultaneous ngrok agent sessions.
ERROR:  Run multiple endpoints at the same time from a single agent by defining them in your agent configuration file and running `ngrok start --all`.
ERROR:  Read more about the agent configuration file: https://ngrok.com/docs/agent/config/ 
ERROR:  You can view your current agent sessions in the dashboard: https://dashboard.ngrok.com/agents. Upgrade to a paid plan to remove this limit:
ERROR:  https://dashboard.ngrok.com/billing/choose-a-plan
ERROR:  
ERROR:  ERR_NGROK_108
ERROR:  https://ngrok.com/docs/errors/err_ngrok_108
ERROR:  
Flag --region has been deprecated, ngrok automatically chooses the region with lowest latency
Flag --region has been deprecated, ngrok automatically chooses the region with lowest latency
Flag --region has been deprecated, ngrok automatically chooses the region with lowest latency
Flag --region has been deprecated, ngrok automatically chooses the region with lowest latency
Flag --region has been deprecated, ngrok automatically chooses the region with lowest latency
Flag --region has been deprecated, ngrok automatically chooses the region with lowest latency
Flag --region has been deprecated, ngrok automatically chooses the region with lowest latency
